time,army_x,army_y
0.0,100000.0,10000.0
1.0e-5,99999.66507003459,7787.987779523288
2.0e-5,99999.34892977396,6065.280299081599
3.0e-5,99999.04742301567,4723.640375043954
4.0e-5,99998.75731293255,3678.7739067290104
5.0e-5,99998.47607869894,2865.0333348049157
6.0e-5,99998.20175710565,2231.2927970401165
7.0e-5,99997.93281921164,1737.7357803299897
8.0e-5,99997.66807428135,1353.3533869797993
9.0e-5,99997.4065949722,1053.9960230848537
0.0001,99997.14765907098,820.8560713111411
0.00011,99996.89070411846,639.2862152068741
0.00012,99996.63529207147,497.87915829837095
0.00013,99996.38108178182,387.75091775208904
0.00014,99996.12780756295,301.9826579264761
0.00015,99995.87526249782,235.1859935706326
0.00016,99995.62328543898,183.16445064947672
0.00017,99995.37175088443,142.64981303288923
0.00018,99995.12056109277,111.09679085596561
0.00019,99994.86963994273,86.52310843633417
0.0002,99994.61892815072,67.38496553718686
0.00021,99994.36837954645,52.48004661625144
0.00022,99994.1179581722,40.871984709209016
0.00023,99993.86763602396,31.831533945407287
0.00024,99993.61739129205,24.790754702248215
0.00025,99993.36720699091,19.307333065151784
0.00026,99993.11706989206,15.03679273489111
0.00027,99992.86696969307,11.710853692423333
0.00028,99992.61689837037,9.120577853988934
0.00029,99992.36684967506,7.103242889298337
0.0003,99992.11681874051,5.5321195212629135
0.00031,99991.86680177653,4.308510043250169
0.00032,99991.61679583126,3.355547900711343
0.00033,99991.36679860574,2.6133687754236523
0.00034,99991.11680830955,2.0353498030631743
0.00035,99990.86682354833,1.5851806592302677
0.00036,99990.61684323604,1.2345825051989856
0.00037,99990.3668665269,0.961531488492694
0.00038,99990.11689276223,0.7488751939132523
0.00039,99989.86692142901,0.5832551261167527
0.0004,99989.61695212773,0.4542675312409784
0.00041,99989.3669845472,0.35380983765632434
0.00042,99989.1170184451,0.2755716586598121
0.00043,99988.86705363268,0.2146383818409528
0.00044,99988.61708996295,0.16718243898557994
0.00045,99988.3671273214,0.13022286551552803
0.00046,99988.11716561893,0.10143804235896334
0.00047,99987.86720478605,0.0790198571878477
0.00048,99987.61724476867,0.06156012366404773
0.00049,99987.36728552471,0.04796212362839121
0.0005,99987.11732702136,0.03737171450410115
0.00051,99986.86736923305,0.02912367543928951
0.00052,99986.61741213991,0.02269992062913357
0.00053,99986.36745572642,0.0176969556555515
0.00054,99986.11749998051,0.013800531328839993
0.00055,99985.86754489278,0.010765904431218668
0.00056,99985.61759045592,0.008402464160745683
0.00057,99985.36763666422,0.006561759000459155
0.00058,99985.11768351325,0.0051281719130489446
0.00059,99984.86773099954,0.004011657826458116
0.0006,99984.61777912037,0.0031420876121687584
0.00061,99984.36782787369,0.0024648434646190355
0.00062,99984.11787725783,0.0019373874090168456
0.00063,99983.86792727154,0.0015265902977957013
0.00064,99983.61797791379,0.0012066499806791392
0.00065,99983.36802918384,0.0009574714246461722
0.00066,99983.11808108109,0.0007634040395063141
0.00067,99982.86813360505,0.000612258665540501
0.00068,99982.61818675535,0.0004945421450927934
0.00069,99982.36824053174,0.0004028609569729922
0.0007,99982.11829493396,0.00033145684512366456
0.00071,99981.86834996185,0.00027584511522108873
0.00072,99981.61840561527,0.00023253295983285561
0.00073,99981.36846189413,0.00019880007381710857
0.00074,99981.11851879832,0.00017252780611724393
0.00075,99980.8685763278,0.0001520660908608431
0.00076,99980.61863448251,0.00013612982108526862
0.00077,99980.36869326241,0.0001237181562841751
0.00078,99980.11875266746,0.00011405157389499585
0.00079,99979.86881269763,0.00010652286136995675
0.0008,99979.61887335294,0.00010065923423794652
0.00081,99979.36893463334,9.609251846994943e-5
0.00082,99979.11899653882,9.253574264345572e-5
0.00083,99978.86905906937,8.976562038469169e-5
0.00084,99978.619122225,8.760819856076777e-5
0.00085,99978.36918600569,8.59278640681938e-5
0.00086,99978.11925041143,8.46192488753152e-5
0.00087,99977.8693154422,8.359997852119538e-5
0.00088,99977.61938109805,8.280622662447395e-5
0.00089,99977.36944737891,8.218795271365217e-5
0.0009,99977.11951428482,8.170650416395568e-5
0.00091,99976.86958181577,8.13314808287854e-5
0.00092,99976.61964997175,8.103945079361805e-5
0.00093,99976.36971875277,8.081201157927401e-5
0.00094,99976.1197881588,8.063485042652784e-5
0.00095,99975.86985818988,8.049693948059915e-5
0.00096,99975.61992884598,8.038948251952408e-5
0.00097,99975.37000012709,8.030581966486454e-5
0.00098,99975.12007203323,8.024070175979335e-5
0.00099,99974.87014456438,8.018994140993905e-5
0.001,99974.62021772056,8.015043595172907e-5
0.00101,99974.37029150176,8.011970729522445e-5
0.00102,99974.12036590796,8.009574462527845e-5
0.00103,99973.87044093918,8.007708417727644e-5
0.00104,99973.62051659542,8.006259132543211e-5
0.00105,99973.37059287667,8.005130967406301e-5
0.00106,99973.12066978292,8.004249678451259e-5
0.00107,99972.87074731418,8.003564909249225e-5
0.00108,99972.62082547045,8.003034543631698e-5
0.00109,99972.37090425171,8.002622022941968e-5
0.0011,99972.120983658,8.00229872062784e-5
0.00111,99971.87106368926,8.002047415584971e-5
0.00112,99971.62114434554,8.00185373412031e-5
0.00113,99971.3712256268,8.001704487725529e-5
0.00114,99971.12130753307,8.001587739448755e-5
0.00115,99970.87139006433,8.00149566505036e-5
0.00116,99970.62147322058,8.001424374050004e-5
0.00117,99970.37155700182,8.001370083000042e-5
0.00118,99970.12164140806,8.00132900283278e-5
0.00119,99969.87172643928,8.001297338860491e-5
0.0012,99969.62181209549,8.001271747569785e-5
0.00121,99969.37189837669,8.001251409373165e-5
0.00122,99969.12198528287,8.001235813495178e-5
0.00123,99968.87207281402,8.00122426074709e-5
0.00124,99968.62216097016,8.001215905849061e-5
0.00125,99968.37224975128,8.001209757430147e-5
0.00126,99968.12233915737,8.001204678028297e-5
0.00127,99967.87242918844,8.00120001696368e-5
0.00128,99967.62251984449,8.001196091477375e-5
0.00129,99967.37261112551,8.001192936697596e-5
0.0013,99967.12270303149,8.001190515824509e-5
0.00131,99966.87279556245,8.001188721084325e-5
0.00132,99966.62288871838,8.0011873737293e-5
0.00133,99966.37298249928,8.001186224037731e-5
0.00134,99966.12307690513,8.001184951313963e-5
0.00135,99965.87317193595,8.00118329630057e-5
0.00136,99965.62326759173,8.001181546959891e-5
0.00137,99965.37336387248,8.0011797620556e-5
0.00138,99965.12346077818,8.001177949183773e-5
0.00139,99964.87355830884,8.001176107320496e-5
0.0014,99964.62365646445,8.001174226821865e-5
0.00141,99964.37375524502,8.001172289423982e-5
0.00142,99964.12385465053,8.001170268242957e-5
0.00143,99963.87395468101,8.001168127774909e-5
0.00144,99963.62405533642,8.001165823895965e-5
0.00145,99963.37415661679,8.00116330386226e-5
0.00146,99963.1242585221,8.00116080859909e-5
0.00147,99962.87436105237,8.001158735075135e-5
0.00148,99962.62446420756,8.001156794556521e-5
0.00149,99962.3745679877,8.001154730021348e-5
0.0015,99962.12467239279,8.001152335795444e-5
0.00151,99961.87477742281,8.00114945755237e-5
0.00152,99961.62488307776,8.001145992313418e-5
0.00153,99961.37498935766,8.001141888447613e-5
0.00154,99961.12509626248,8.001137145671707e-5
0.00155,99960.87520379224,8.00113181505019e-5
0.00156,99960.62531194692,8.001125998995279e-5
0.00157,99960.37542072654,8.001119851266925e-5
0.00158,99960.12553013109,8.001113576972808e-5
0.00159,99959.87564016055,8.001107432568342e-5
0.0016,99959.62575081494,8.00110172585667e-5
0.00161,99959.37586209427,8.00109681598867e-5
0.00162,99959.1259739985,8.00109313041551e-5
0.00163,99958.87608652766,8.00109047788026e-5
0.00164,99958.62619968172,8.001088105551088e-5
0.00165,99958.37631346071,8.001085388871317e-5
0.00166,99958.12642786463,8.001081846243495e-5
0.00167,99957.87654289344,8.001077139029417e-5
0.00168,99957.62665854717,8.001071071550107e-5
0.00169,99957.37677482581,8.001063591085831e-5
0.0017,99957.12689172936,8.00105478787609e-5
0.00171,99956.87700925782,8.001044895119618e-5
0.00172,99956.62712741118,8.001034288974393e-5
0.00173,99956.37724618944,8.001023488557621e-5
0.00174,99956.1273655926,8.001013155945753e-5
0.00175,99955.87748562067,8.001004096174473e-5
0.00176,99955.62760627364,8.000997257238698e-5
0.00177,99955.37772755152,8.000993323451042e-5
0.00178,99955.12784945428,8.000991225392702e-5
0.00179,99954.87797198193,8.000989571982555e-5
0.0018,99954.62809513448,8.000987234728942e-5
0.00181,99954.37821891191,8.000983347801321e-5
0.00182,99954.12834331424,8.000977308030275e-5
0.00183,99953.87846834146,8.000968774907504e-5
0.00184,99953.62859399356,8.000957670585832e-5
0.00185,99953.37872027056,8.000944179879201e-5
0.00186,99953.12884717243,8.000928750262675e-5
0.00187,99952.87897469918,8.000912091872441e-5
0.00188,99952.62910285081,8.000895177505803e-5
0.00189,99952.37923162733,8.000879242621187e-5
0.0019,99952.12936102872,8.000865785338141e-5
0.00191,99951.87949105499,8.000856566437333e-5
0.00192,99951.62962170613,8.000852843310498e-5
0.00193,99951.37975298215,8.000852609598188e-5
0.00194,99951.12988488302,8.000853400531933e-5
0.00195,99950.88001740878,8.000853218562152e-5
0.00196,99950.6301505594,8.00085052656252e-5
0.00197,99950.3802843349,8.000844247829975e-5
0.00198,99950.13041873524,8.000833766084717e-5
0.00199,99949.88055376046,8.000818925470204e-5
0.002,99949.63068941054,8.000800030553157e-5
0.00201,99949.38082568547,8.000777846323559e-5
0.00202,99949.13096258527,8.000753598194651e-5
0.00203,99948.88110010992,8.000728972002937e-5
0.00204,99948.63123825943,8.00070611400818e-5
0.00205,99948.3813770338,8.000687630893406e-5
0.00206,99948.13151643302,8.000676589764902e-5
0.00207,99947.88165645709,8.000674392501209e-5
0.00208,99947.63179710599,8.000676766677996e-5
0.00209,99947.38193837977,8.000680194936364e-5
0.0021,99947.13208027837,8.00068187594912e-5
0.00211,99946.88222280183,8.000679692420757e-5
0.00212,99946.63236595012,8.000672211087438e-5
0.00213,99946.38250972326,8.00065868271701e-5
0.00214,99946.13265412123,8.000639042108995e-5
0.00215,99945.88279914405,8.000613908094592e-5
0.00216,99945.6329447917,8.000584583536678e-5
0.00217,99945.38309106418,8.000553055329808e-5
0.00218,99945.1332379615,8.000521994400213e-5
0.00219,99944.88338548366,8.000494755705806e-5
0.0022,99944.63353363064,8.000475378236171e-5
0.00221,99944.38368240246,8.00046813881062e-5
0.00222,99944.13383179909,8.000469284753267e-5
0.00223,99943.88398182056,8.000473253842836e-5
0.00224,99943.63413246685,8.000476410098274e-5
0.00225,99943.38428373796,8.000475941184369e-5
0.00226,99943.1344356339,8.000469858411748e-5
0.00227,99942.88458815464,8.000456996736878e-5
0.00228,99942.63474130022,8.000437014762066e-5
0.00229,99942.3848950706,8.000410394735456e-5
0.0023,99942.1350494658,8.000378442551036e-5
0.00231,99941.88520448582,8.000343287748631e-5
0.00232,99941.63536013065,8.000307883513905e-5
0.00233,99941.38551640027,8.000276006678362e-5
0.00234,99941.13567329473,8.000252257719347e-5
0.00235,99940.88583081398,8.000241789719542e-5
0.00236,99940.63598895803,8.00024079044945e-5
0.00237,99940.3861477269,8.000242716639551e-5
0.00238,99940.13630712056,8.000243878455632e-5
0.00239,99939.88646713902,8.000241427698579e-5
0.0024,99939.63662778228,8.000233357804383e-5
0.00241,99939.38678905035,8.00021850384414e-5
0.00242,99939.1369509432,8.000196542524045e-5
0.00243,99938.88711346085,8.0001679921854e-5
0.00244,99938.6372766033,8.000134212804613e-5
0.00245,99938.38744037053,8.000097405993188e-5
0.00246,99938.13760476255,8.00006061499774e-5
0.00247,99937.88776977937,8.000027724699983e-5
0.00248,99937.63793542098,8.000003461616736e-5
0.00249,99937.38810168736,7.999992515246412e-5
0.0025,99937.13826857852,7.999989129078375e-5
0.00251,99936.88843609448,7.999987756184276e-5
0.00252,99936.63860423521,7.999985086732068e-5
0.00253,99936.38877300073,7.99997860320593e-5
0.00254,99936.138942391,7.999966580406259e-5
0.00255,99935.88911240608,7.999948085449685e-5
0.00256,99935.63928304591,7.999922977769054e-5
0.00257,99935.38945431051,7.999891909113443e-5
0.00258,99935.1396261999,7.999856323548148e-5
0.00259,99934.88979871405,7.999818457454689e-5
0.0026,99934.63997185297,7.999781339530814e-5
0.00261,99934.39014561665,7.999748790790493e-5
0.00262,99934.1403200051,7.999725424563916e-5
0.00263,99933.8904950183,7.99971426623138e-5
0.00264,99933.64067065628,7.999708315063991e-5
0.00265,99933.39084691902,7.999703416586109e-5
0.00266,99933.14102380651,7.999696668803828e-5
0.00267,99932.89120131877,7.999685906250165e-5
0.00268,99932.64137945577,7.999669699985057e-5
0.00269,99932.39155821753,7.999647357595369e-5
0.0027,99932.14173760405,7.999618923194882e-5
0.00271,99931.8919176153,7.999585177424301e-5
0.00272,99931.64209825132,7.999547637451255e-5
0.00273,99931.39227951207,7.999508556970293e-5
0.00274,99931.14246139758,7.999470926202886e-5
0.00275,99930.89264390784,7.99943847189743e-5
0.00276,99930.64282704283,7.99941565732924e-5
0.00277,99930.39301080257,7.999403442055693e-5
0.00278,99930.14319518703,7.999395012688219e-5
0.00279,99929.89338019624,7.999386966790047e-5
0.0028,99929.64356583019,7.999376674351497e-5
0.00281,99929.39375208889,7.999362206670584e-5
0.00282,99929.1439389723,7.999342336353012e-5
0.00283,99928.89412648045,7.999316537312182e-5
0.00284,99928.64431461332,7.999284984769182e-5
0.00285,99928.39450337095,7.999248555252793e-5
0.00286,99928.14469275328,7.999208826599488e-5
0.00287,99927.89488276035,7.999168077953435e-5
0.00288,99927.64507339212,7.99912928976649e-5
0.00289,99927.39526464863,7.999096143798203e-5
0.0029,99927.14545652986,7.999073021154776e-5
0.00291,99926.89564903583,7.999059189859273e-5
0.00292,99926.64584216649,7.999048525553368e-5
0.00293,99926.39603592188,7.999037842881115e-5
0.00294,99926.14623030197,7.999024645306241e-5
0.00295,99925.89642530678,7.999007125112148e-5
0.00296,99925.64662093631,7.998984163401913e-5
0.00297,99925.39681719054,7.998955330098288e-5
0.00298,99925.14701406949,7.998920883943702e-5
0.00299,99924.89721157313,7.998881772500253e-5
0.003,99924.64740970149,7.998839632149722e-5
0.00301,99924.39760845454,7.998796788093559e-5
0.00302,99924.14780783231,7.998756254352891e-5
0.00303,99923.89800783477,7.998721733768518e-5
0.00304,99923.64820846192,7.998697562440978e-5
0.00305,99923.39840971379,7.99868197999294e-5
0.00306,99923.14861159034,7.998669279344128e-5
0.00307,99922.89881409159,7.998656319037939e-5
0.00308,99922.64901721754,7.998640648875145e-5
0.00309,99922.39922096817,7.99862050991391e-5
0.0031,99922.1494253435,7.998594834469777e-5
0.00311,99921.8996303435,7.998563246115673e-5
0.00312,99921.6498359682,7.99852605968191e-5
0.00313,99921.40004221759,7.998484281256179e-5
0.00314,99921.15024909166,7.99843960818356e-5
0.00315,99920.9004565904,7.998394429066512e-5
0.00316,99920.65066471383,7.99835182376488e-5
0.00317,99920.40087346194,7.99831556339589e-5
0.00318,99920.15108283474,7.998289974730225e-5
0.00319,99919.90129283219,7.998272607431505e-5
0.0032,99919.65150345433,7.998257941428484e-5
0.00321,99919.40171470115,7.998242840186264e-5
0.00322,99919.15192657262,7.998224866694978e-5
0.00323,99918.90213906877,7.99820228346979e-5
0.00324,99918.65235218959,7.998174052550892e-5
0.00325,99918.40256593507,7.998139835503512e-5
0.00326,99918.15278030522,7.998099993417907e-5
0.00327,99917.90299530003,7.998055586909364e-5
0.00328,99917.65321091951,7.998008376118204e-5
0.00329,99917.40342716365,7.997960820709775e-5
0.0033,99917.15364403244,7.99791607987446e-5
0.00331,99916.90386152589,7.997878012327673e-5
0.00332,99916.654079644,7.997850931866329e-5
0.00333,99916.40429838675,7.997831744363386e-5
0.00334,99916.15451775417,7.997815076946423e-5
0.00335,99915.90473774623,7.997797802546561e-5
0.00336,99915.65495836294,7.997777501228628e-5
0.00337,99915.4051796043,7.997752460191154e-5
0.00338,99915.15540147031,7.997721673766376e-5
0.00339,99914.90562396096,7.997684843420231e-5
0.0034,99914.65584707625,7.997642377752366e-5
0.00341,99914.40607081619,7.997595392496127e-5
0.00342,99914.15629518076,7.997545710518569e-5
0.00343,99913.90652016997,7.997495861820443e-5
0.00344,99913.65674578382,7.997449083536215e-5
0.00345,99913.4069720223,7.997409319934046e-5
0.00346,99913.15719888543,7.997380809336855e-5
0.00347,99912.90742637317,7.997359761330818e-5
0.00348,99912.65765448556,7.997341007389905e-5
0.00349,99912.40788322256,7.99732145260313e-5
0.0035,99912.1581125842,7.997298713356604e-5
0.00351,99911.90834257047,7.99727111733353e-5
0.00352,99911.65857318135,7.997237703514205e-5
0.00353,99911.40880441686,7.997198222176024e-5
0.00354,99911.159036277,7.99715313489347e-5
0.00355,99910.90926876175,7.99710361453812e-5
0.00356,99910.65950187111,7.99705154527865e-5
0.00357,99910.40973560509,7.996999522580824e-5
0.00358,99910.1599699637,7.996950853207504e-5
0.00359,99909.91020494691,7.996909555218644e-5
0.0036,99909.66044055474,7.996879687161861e-5
0.00361,99909.41067678717,7.996856737121237e-5
0.00362,99909.16091364421,7.996835812287633e-5
0.00363,99908.91115112587,7.996813871408914e-5
0.00364,99908.66138923212,7.996788585359401e-5
0.00365,99908.41162796298,7.996758337139874e-5
0.00366,99908.16186731844,7.996722221877566e-5
0.00367,99907.9121072985,7.996680046826169e-5
0.00368,99907.66234790317,7.996632331365829e-5
0.00369,99907.41258913244,7.99658030700315e-5
0.0037,99907.16283098629,7.996525917371194e-5
0.00371,99906.91307346473,7.996471818229473e-5
0.00372,99906.66331656778,7.996421377463965e-5
0.00373,99906.41356029542,7.996378675087096e-5
0.00374,99906.16380464763,7.99634747090665e-5
0.00375,99905.91404962445,7.996322581373024e-5
0.00376,99905.66429522586,7.996299427087225e-5
0.00377,99905.41454145184,7.996275032324173e-5
0.00378,99905.16478830241,7.996247132407411e-5
0.00379,99904.91503577755,7.996214173709101e-5
0.0038,99904.66528387729,7.996175313650023e-5
0.00381,99904.4155326016,7.996130420699579e-5
0.00382,99904.16578195049,7.99608007437579e-5
0.00383,99903.91603192396,7.996025565245298e-5
0.00384,99903.666282522,7.995968894923363e-5
0.00385,99903.4165337446,7.995912776073865e-5
0.00386,99903.16678559179,7.995860632409303e-5
0.00387,99902.91703806353,7.9958165986908e-5
0.00388,99902.66729115986,7.995784024457163e-5
0.00389,99902.41754488074,7.995757165548064e-5
0.0039,99902.1677992262,7.995731751633714e-5
0.00391,99901.91805419621,7.995704875017595e-5
0.00392,99901.66830979078,7.995674337503941e-5
0.00393,99901.41856600992,7.99563865039774e-5
0.00394,99901.16882285362,7.995597034504729e-5
0.00395,99900.91908032187,7.9955494201314e-5
0.00396,99900.66933841468,7.995496447084997e-5
0.00397,99900.41959713204,7.995439464673519e-5
0.00398,99900.16985647395,7.995380531705712e-5
0.00399,99899.92011644042,7.99532241649108e-5
0.004,99899.67037703143,7.995268596839877e-5
0.00401,99899.420638247,7.995223260063108e-5
0.00402,99899.1709000871,7.995189249530166e-5
0.00403,99898.92116255175,7.995160398369001e-5
0.00404,99898.67142564095,7.995132713144098e-5
0.00405,99898.42168935468,7.995103351360887e-5
0.00406,99898.17195369296,7.995070178854066e-5
0.00407,99897.92221865579,7.995031769787595e-5
0.00408,99897.67248424313,7.994987406654697e-5
0.00409,99897.42275045502,7.994937080277857e-5
0.0041,99897.17301729144,7.994881489808825e-5
0.00411,99896.9232847524,7.994822042728611e-5
0.00412,99896.67355283788,7.994760854847493e-5
0.00413,99896.4238215479,7.994700750305006e-5
0.00414,99896.17409088244,7.994645261569953e-5
0.00415,99895.92436084151,7.994598629440396e-5
0.00416,99895.6746314251,7.994563106166863e-5
0.00417,99895.42490263321,7.99453224345297e-5
0.00418,99895.17517446585,7.994502281573428e-5
0.00419,99894.925446923,7.994470439064846e-5
0.0042,99894.67572000468,7.994434642228904e-5
0.00421,99894.42599371087,7.994393525132352e-5
0.00422,99894.17626804157,7.994346429607011e-5
0.00423,99893.92654299679,7.994293405249772e-5
0.00424,99893.67681857652,7.994235209422598e-5
0.00425,99893.42709478077,7.994173307252524e-5
0.00426,99893.1773716095,7.99410987163165e-5
0.00427,99892.92764906277,7.994047783217156e-5
0.00428,99892.67792714052,7.993990630431283e-5
0.00429,99892.42820584279,7.99394270946135e-5
0.0043,99892.17848516957,7.993905597717742e-5
0.00431,99891.92876512083,7.993872704232244e-5
0.00432,99891.6790456966,7.993840458415664e-5
0.00433,99891.42932689686,7.993806136625159e-5
0.00434,99891.17960872164,7.993767722884068e-5
0.00435,99890.92989117089,7.993723908881913e-5
0.00436,99890.68017424464,7.993674093974402e-5
0.00437,99890.43045794287,7.993618385183427e-5
0.00438,99890.18074226561,7.993557597197058e-5
0.00439,99889.93102721284,7.993493252369555e-5
0.0044,99889.68131278454,7.993427580721357e-5
0.00441,99889.43159898072,7.99336351993909e-5
0.00442,99889.1818858014,7.99330471537556e-5
0.00443,99888.93217324656,7.99325552004976e-5
0.00444,99888.6824613162,7.993216746430827e-5
0.00445,99888.43275001032,7.993181801264375e-5
0.00446,99888.18303932891,7.993147259333577e-5
0.00447,99887.93332927198,7.993110453191587e-5
0.00448,99887.68361983953,7.993069423170519e-5
0.00449,99887.43391103155,7.993022917381452e-5
0.0045,99887.18420284803,7.992970391714427e-5
0.00451,99886.934495289,7.99291200983845e-5
0.00452,99886.68478835443,7.992848643201486e-5
0.00453,99886.43508204432,7.992781871030468e-5
0.00454,99886.18537635867,7.99271398033129e-5
0.00455,99885.9356712975,7.99264796588881e-5
0.00456,99885.68596686078,7.992587530266844e-5
0.00457,99885.43626304853,7.99253708380818e-5
0.00458,99885.18655986073,7.99249657483697e-5
0.00459,99884.93685729739,7.992459555445333e-5
0.0046,99884.68715535851,7.992422701173747e-5
0.00461,99884.43745404408,7.99238340036452e-5
0.00462,99884.1877533541,7.992339749261742e-5
0.00463,99883.93805328857,7.992290552011286e-5
0.00464,99883.6883538475,7.992235320660798e-5
0.00465,99883.43865503087,7.992174275159707e-5
0.00466,99883.18895683868,7.992108343359221e-5
0.00467,99882.93925927095,7.99203916101233e-5
0.00468,99882.68956232765,7.991969071773797e-5
0.00469,99882.43986600879,7.991901127200173e-5
0.0047,99882.19017031438,7.99183908674978e-5
0.00471,99881.94047524441,7.991787409990438e-5
0.00472,99881.69078079888,7.991745097391187e-5
0.00473,99881.44108697776,7.991705980637783e-5
0.00474,99881.1913937811,7.991666796076635e-5
0.00475,99880.94170120887,7.991624987992304e-5
0.00476,99880.69200926105,7.9915787086075e-5
0.00477,99880.44231793768,7.991526818083085e-5
0.00478,99880.19262723872,7.99146888451807e-5
0.00479,99879.9429371642,7.991405183949618e-5
0.0048,99879.69324771411,7.99133670035304e-5
0.00481,99879.44355888842,7.991265125641799e-5
0.00482,99879.19387068717,7.991192859667509e-5
0.00483,99878.94418311033,7.991123010219933e-5
0.00484,99878.69449615791,7.991059393026983e-5
0.00485,99878.44480982992,7.991006468594205e-5
0.00486,99878.19512412633,7.990962320135097e-5
0.00487,99877.94543904717,7.990921083424222e-5
0.00488,99877.69575459241,7.990879551001067e-5
0.00489,99877.44607076206,7.990835223283943e-5
0.0049,99877.1963875561,7.990786308569984e-5
0.00491,99876.94670497457,7.990731723035144e-5
0.00492,99876.69702301745,7.990671090734204e-5
0.00493,99876.44734168472,7.990604743600768e-5
0.00494,99876.19766097641,7.990533721447261e-5
0.00495,99875.94798089248,7.990459771964931e-5
0.00496,99875.69830143296,7.990385350723852e-5
0.00497,99875.44862259783,7.990313621172918e-5
0.00498,99875.19894438711,7.990248454639846e-5
0.00499,99874.94926680079,7.990194254945298e-5
0.005,99874.69958983884,7.990148244011267e-5
0.00501,99874.44991350129,7.990104865984237e-5
0.00502,99874.20023778814,7.99006096963748e-5
0.00503,99873.95056269936,7.990014111502825e-5
0.00504,99873.70088823499,7.989962555870659e-5
0.00505,99873.45121439498,7.98990527478993e-5
0.00506,99873.20154117937,7.98984194806814e-5
0.00507,99872.95186858815,7.989772963271357e-5
0.00508,99872.70219662129,7.989699415724198e-5
0.00509,99872.45252527883,7.989623108509847e-5
0.0051,99872.20285456073,7.98954655247004e-5
0.00511,99871.95318446701,7.989472966205078e-5
0.00512,99871.70351499767,7.989406276073813e-5
0.00513,99871.45384615271,7.989350767836583e-5
0.00514,99871.2041779321,7.989302868624692e-5
0.00515,99870.95451033588,7.989257329319526e-5
0.00516,99870.70484336402,7.989211054691708e-5
0.00517,99870.45517701653,7.989161657129921e-5
0.00518,99870.20551129339,7.98910745664092e-5
0.00519,99869.95584619463,7.989047480849528e-5
0.0052,99869.70618172022,7.988981464998638e-5
0.00521,99869.45651787019,7.988909851949205e-5
0.00522,99869.2068546445,7.98883379218026e-5
0.00523,99868.95719204318,7.988755143788898e-5
0.00524,99868.7075300662,7.988676472490281e-5
0.00525,99868.45786871358,7.98860105161764e-5
0.00526,99868.20820798531,7.988532862122277e-5
0.00527,99867.95854788141,7.988476007074305e-5
0.00528,99867.70888840184,7.98842619464914e-5
0.00529,99867.45922954663,7.988378475307625e-5
0.0053,99867.20957131576,7.988329809403927e-5
0.00531,99866.95991370923,7.988277864776368e-5
0.00532,99866.71025672705,7.988221016747421e-5
0.00533,99866.46060036922,7.988158348123713e-5
0.00534,99866.2109446357,7.988089649196018e-5
0.00535,99865.96128952655,7.98801541773927e-5
0.00536,99865.71163504172,7.98793685901255e-5
0.00537,99865.46198118123,7.987855885759095e-5
0.00538,99865.21232794508,7.987775118206292e-5
0.00539,99864.96267533326,7.98769788406568e-5
0.0054,99864.71302334576,7.987628218532954e-5
0.00541,99864.46337198261,7.98756997431967e-5
0.00542,99864.21372124377,7.987518224589529e-5
0.00543,99863.96407112926,7.987468307355623e-5
0.00544,99863.71442163907,7.98741723808158e-5
0.00545,99863.46477277321,7.987362739597338e-5
0.00546,99863.21512453168,7.98730324209914e-5
0.00547,99862.96547691445,7.987237883149537e-5
0.00548,99862.71582992155,7.987166507677392e-5
0.00549,99862.46618355297,7.987089667977872e-5
0.0055,99862.2165378087,7.987008623712452e-5
0.00551,99861.96689268874,7.986925341908916e-5
0.00552,99861.71724819309,7.986842496961355e-5
0.00553,99861.46760432176,7.98676347063017e-5
0.00554,99861.21796107474,7.986692352042068e-5
0.00555,99860.96831845201,7.986632672878012e-5
0.00556,99860.7186764536,7.986578962533493e-5
0.00557,99860.46903507948,7.986526830215647e-5
0.00558,99860.21939432969,7.98647334604021e-5
0.00559,99859.96975420418,7.986416287385114e-5
0.0056,99859.72011470297,7.986354138890492e-5
0.00561,99859.47047582606,7.986286092458667e-5
0.00562,99859.22083757345,7.98621204725416e-5
0.00563,99858.97119994514,7.986132609703689e-5
0.00564,99858.72156294112,7.986049093496168e-5
0.00565,99858.47192656138,7.985963519582707e-5
0.00566,99858.22229080595,7.98587861617661e-5
0.00567,99857.97265567479,7.985797818753381e-5
0.00568,99857.72302116793,7.985725270050717e-5
0.00569,99857.47338728535,7.985664107050861e-5
0.0057,99857.22375402706,7.985608413513903e-5
0.00571,99856.97412139304,7.98555404947646e-5
0.00572,99856.72448938331,7.985498139292103e-5
0.00573,99856.47485799786,7.985438514479569e-5
0.00574,99856.22522723669,7.98537371372277e-5
0.00575,99855.97559709978,7.985302982870779e-5
0.00576,99855.72596758716,7.985226274937844e-5
0.00577,99855.4763386988,7.985144250103377e-5
0.00578,99855.22671043473,7.985058275711961e-5
0.00579,99854.97708279491,7.984970426273346e-5
0.0058,99854.72745577937,7.984883483462454e-5
0.00581,99854.4778293881,7.984800936119372e-5
0.00582,99854.22820362108,7.984726980249356e-5
0.00583,99853.97857847833,7.984664281551612e-5
0.00584,99853.72895395986,7.98460658295136e-5
0.00585,99853.47933006563,7.984549971106678e-5
0.00586,99853.22970679567,7.984491624231271e-5
0.00587,99852.98008414995,7.984429427608227e-5
0.00588,99852.7304621285,7.984361973590021e-5
0.00589,99852.48084073131,7.984288561598514e-5
0.0059,99852.23121995835,7.984209198124949e-5
0.00591,99851.98159980966,7.984124596729957e-5
0.00592,99851.73198028523,7.984036178043553e-5
0.00593,99851.48236138503,7.983946069765137e-5
0.00594,99851.23274310908,7.983857106663494e-5
0.00595,99850.98312545737,7.983772830576796e-5
0.00596,99850.73350842991,7.983697490412599e-5
0.00597,99850.48389202668,7.983633201241573e-5
0.00598,99850.2342762477,7.983573476407165e-5
0.00599,99849.98466109297,7.983514601244416e-5
0.006,99849.73504656246,7.983453807470306e-5
0.00601,99849.48543265619,7.98338903377319e-5
0.00602,99849.23581937415,7.983318925812807e-5
0.00603,99848.98620671635,7.98324283622027e-5
0.00604,99848.73659468278,7.983160824598075e-5
0.00605,99848.48698327344,7.983073657520098e-5
0.00606,99848.23737248832,7.982982808531593e-5
0.00607,99847.98776232744,7.982890458149194e-5
0.00608,99847.73815279077,7.982799493860915e-5
0.00609,99847.48854387834,7.982713510126148e-5
0.0061,99847.23893559013,7.982636808375668e-5
0.00611,99846.98932792613,7.982570871133794e-5
0.00612,99846.73972088634,7.982509099608027e-5
0.00613,99846.49011447078,7.982447946240229e-5
0.00614,99846.24050867943,7.982384695897524e-5
0.00615,99845.9909035123,7.982317340317417e-5
0.00616,99845.74129896937,7.982244578107787e-5
0.00617,99845.49169505066,7.982165814746892e-5
0.00618,99845.24209175617,7.982081162583359e-5
0.00619,99844.99248908587,7.9819914408362e-5
0.0062,99844.74288703977,7.981898175594795e-5
0.00621,99844.4932856179,7.981803599818908e-5
0.00622,99844.2436848202,7.981710653338668e-5
0.00623,99843.99408464672,7.981622982854592e-5
0.00624,99843.74448509744,7.981544941937564e-5
0.00625,99843.49488617235,7.981477296311541e-5
0.00626,99843.24528787147,7.9814134583554e-5
0.00627,99842.99569019477,7.981350012548244e-5
0.00628,99842.74609314228,7.981284296546662e-5
0.00629,99842.49649671397,7.981214354774722e-5
0.0063,99842.24690090986,7.98113893842397e-5
0.00631,99841.99730572994,7.981057505453438e-5
0.00632,99841.74771117419,7.98097022058964e-5
0.00633,99841.49811724263,7.980877955326568e-5
0.00634,99841.24852393527,7.980782287925697e-5
0.00635,99840.99893125208,7.980685503415984e-5
0.00636,99840.74933919306,7.980590593593868e-5
0.00637,99840.49974775824,7.980501257023268e-5
0.00638,99840.25015694759,7.980421899035586e-5
0.00639,99840.00056676111,7.980352482150739e-5
0.0064,99839.75097719881,7.98028655873051e-5
0.00641,99839.50138826069,7.980220806889399e-5
0.00642,99839.25179994674,7.980152616705588e-5
0.00643,99839.00221225695,7.980080084921041e-5
0.00644,99838.75262519134,7.980002014941504e-5
0.00645,99838.50303874988,7.979917916836503e-5
0.00646,99838.25345293261,7.97982800733935e-5
0.00647,99838.00386773948,7.979733209847136e-5
0.00648,99837.75428317052,7.979635154420737e-5
0.00649,99837.50469922573,7.979536177784808e-5
0.0065,99837.25511590509,7.979439323327789e-5
0.00651,99837.0055332086,7.979348341101903e-5
0.00652,99836.75595113628,7.979267682444463e-5
0.00653,99836.50636968811,7.979196434405522e-5
0.00654,99836.25678886409,7.979128407176058e-5
0.00655,99836.00720866422,7.979060336323693e-5
0.00656,99835.7576290885,7.978989663975968e-5
0.00657,99835.50805013694,7.978914538820346e-5
0.00658,99835.25847180952,7.978833816104202e-5
0.00659,99835.00889410624,7.978747057634833e-5
0.0066,99834.7593170271,7.978654531779453e-5
0.00661,99834.50974057212,7.978557213465192e-5
0.00662,99834.26016474127,7.978456784179101e-5
0.00663,99834.01058953455,7.978355631968146e-5
0.00664,99833.76101495198,7.978256851439213e-5
0.00665,99833.51144099353,7.978164243759104e-5
0.00666,99833.26186765922,7.978082267018421e-5
0.00667,99833.01229494905,7.978009159183454e-5
0.00668,99832.762722863,7.977939010470678e-5
0.00669,99832.51315140109,7.977868608226223e-5
0.0067,99832.2635805633,7.977795446252415e-5
0.00671,99832.01401034965,7.977717724807778e-5
0.00672,99831.76444076012,7.977634350607038e-5
0.00673,99831.5148717947,7.977544936821115e-5
0.00674,99831.26530345342,7.977449803077131e-5
0.00675,99831.01573573625,7.977349975458403e-5
0.00676,99830.7661686432,7.977247186504447e-5
0.00677,99830.51660217426,7.977143875210979e-5
0.00678,99830.26703632945,7.977043187029912e-5
0.00679,99830.01747110875,7.976948973869356e-5
0.0068,99829.76790651215,7.976865653191035e-5
0.00681,99829.51834253967,7.976790662949133e-5
0.00682,99829.26877919129,7.976718375734495e-5
0.00683,99829.01921646703,7.976645630295821e-5
0.00684,99828.76965436687,7.976569971734532e-5
0.00685,99828.52009289082,7.97648965150478e-5
0.00686,99828.27053203886,7.976403627413438e-5
0.00687,99828.02097181101,7.976311563620102e-5
0.00688,99827.77141220726,7.976213830637095e-5
0.00689,99827.52185322762,7.976111505329467e-5
0.0069,99827.27229487206,7.976006370914988e-5
0.00691,99827.0227371406,7.975900916964153e-5
0.00692,99826.77318003324,7.975798339400187e-5
0.00693,99826.52362354996,7.975702540499033e-5
0.00694,99826.27406769077,7.975617847036582e-5
0.00695,99826.02451245568,7.975540952490666e-5
0.00696,99825.77495784467,7.975466510390081e-5
0.00697,99825.52540385776,7.97539141051119e-5
0.00698,99825.27585049492,7.975313248879628e-5
0.00699,99825.02629775617,7.975230327770302e-5
0.007,99824.77674564149,7.975141655707388e-5
0.00701,99824.52719415088,7.975046947464339e-5
0.00702,99824.27764328437,7.974946624063876e-5
0.00703,99824.02809304194,7.974841812777991e-5
0.00704,99823.77854342357,7.974734347127952e-5
0.00705,99823.52899442927,7.974626766884293e-5
0.00706,99823.27944605905,7.974522318066827e-5
0.00707,99823.0298983129,7.974424952944631e-5
0.00708,99822.78035119083,7.974338855022201e-5
0.00709,99822.53080469281,7.97426003498135e-5
0.0071,99822.28125881885,7.974183422237536e-5
0.00711,99822.03171356897,7.974105957220112e-5
0.00712,99821.78216894314,7.974025286504137e-5
0.00713,99821.53262494139,7.97393976281039e-5
0.00714,99821.28308156368,7.973848445005352e-5
0.00715,99821.03353881004,7.973751098101222e-5
0.00716,99820.78399668045,7.973648193255908e-5
0.00717,99820.53445517491,7.973540907773026e-5
0.00718,99820.28491429343,7.973431125101906e-5
0.00719,99820.035374036,7.973321434837589e-5
0.0072,99819.78583440262,7.973215132720823e-5
0.00721,99819.53629539329,7.973116220638073e-5
0.00722,99819.286757008,7.97302868386469e-5
0.00723,99819.03721924676,7.972947917826188e-5
0.00724,99818.78768210956,7.972869119296547e-5
0.00725,99818.53814559641,7.972789278982237e-5
0.00726,99818.28860970729,7.972706093631877e-5
0.00727,99818.03907444222,7.97261796603623e-5
0.00728,99817.78953980118,7.972524005028212e-5
0.00729,99817.54000578418,7.97242402548288e-5
0.0073,99817.2904723912,7.972318548317446e-5
0.00731,99817.04093962227,7.972208800491264e-5
0.00732,99816.79140747737,7.972096715005837e-5
0.00733,99816.5418759565,7.971984930904815e-5
0.00734,99816.29234505964,7.971876793273998e-5
0.00735,99816.04281478682,7.971776353241333e-5
0.00736,99815.79328513803,7.971687340666529e-5
0.00737,99815.54375611326,7.971604608802121e-5
0.00738,99815.29422771251,7.971523609939739e-5
0.00739,99815.04469993578,7.971441384688191e-5
0.0074,99814.79517278307,7.971355679594613e-5
0.00741,99814.54564625438,7.971264947144464e-5
0.00742,99814.2961203497,7.971168345761541e-5
0.00743,99814.04659506903,7.97106573980796e-5
0.00744,99813.79707041239,7.970957699584174e-5
0.00745,99813.54754637973,7.970845501328958e-5
0.00746,99813.29802297111,7.970731127219419e-5
0.00747,99813.04850018649,7.970617265370993e-5
0.00748,99812.79897802586,7.970507309837445e-5
0.00749,99812.54945648924,7.970405360610864e-5
0.0075,99812.29993557664,7.970314832862017e-5
0.00751,99812.05041528803,7.970230116009376e-5
0.00752,99811.80089562343,7.970146902858142e-5
0.00753,99811.55137658281,7.970062283543766e-5
0.00754,99811.3018581662,7.969974054035995e-5
0.00755,99811.05234037359,7.969880716138876e-5
0.00756,99810.80282320495,7.96978147749076e-5
0.00757,99810.55330666032,7.969676251564296e-5
0.00758,99810.30379073968,7.969565657666432e-5
0.00759,99810.05427544302,7.969451020938422e-5
0.0076,99809.80476077036,7.969334372355813e-5
0.00761,99809.55524672168,7.969218448728458e-5
0.00762,99809.30573329699,7.969106692700508e-5
0.00763,99809.05622049628,7.969003252750413e-5
0.00764,99808.80670831953,7.968911168152566e-5
0.00765,99808.55719676678,7.968824447796069e-5
0.00766,99808.30768583801,7.968739006972841e-5
0.00767,99808.05817553321,7.968651984969046e-5
0.00768,99807.80866585238,7.968561226800869e-5
0.00769,99807.55915679554,7.968465283214519e-5
0.0077,99807.30964836266,7.96836341068622e-5
0.00771,99807.06014055376,7.968255571422224e-5
0.00772,99806.81063336882,7.968142433358801e-5
0.00773,99806.56112680785,7.968025370162246e-5
0.00774,99806.31162087084,7.967906461228871e-5
0.00775,99806.0621155578,7.967788491685014e-5
0.00776,99805.81261086871,7.967674952387031e-5
0.00777,99805.5631068036,7.9675700399213e-5
0.00778,99805.31360336245,7.967476354650124e-5
0.00779,99805.06410054523,7.967387612916265e-5
0.0078,99804.814598352,7.967299931604577e-5
0.00781,99804.56509678271,7.967210498775211e-5
0.00782,99804.31559583737,7.967117208113838e-5
0.00783,99804.06609551598,7.967018658931639e-5
0.00784,99803.81659581854,7.966914156165313e-5
0.00785,99803.56709674506,7.966803710377075e-5
0.00786,99803.31759829553,7.966688037754649e-5
0.00787,99803.06810046993,7.96656856011128e-5
0.00788,99802.81860326827,7.966447404885724e-5
0.00789,99802.56910669057,7.966327405142256e-5
0.0079,99802.3196107368,7.966212099570662e-5
0.00791,99802.07011540697,7.966105732486242e-5
0.00792,99801.82062070108,7.966010400677122e-5
0.00793,99801.57112661912,7.965919620321327e-5
0.00794,99801.3216331611,7.965829686265561e-5
0.00795,99801.07214032701,7.965737834964115e-5
0.00796,99800.82264811685,7.96564200839248e-5
0.00797,99800.57315653062,7.965540854047347e-5
0.00798,99800.32366556833,7.965433724946617e-5
0.00799,99800.07417522995,7.965320679629385e-5
0.008,99799.8246855155,7.965202482155952e-5
0.00801,99799.57519642498,7.965080602107823e-5
0.00802,99799.32570795839,7.964957214587702e-5
0.00803,99799.0762201157,7.964835200219495e-5
0.00804,99798.82673289694,7.964718145148313e-5
0.00805,99798.5772463021,7.96461034104047e-5
0.00806,99798.32776033116,7.964513314927709e-5
0.00807,99798.07827498415,7.964420479313995e-5
0.00808,99797.82879026105,7.96432828079199e-5
0.00809,99797.57930616186,7.964234003831148e-5
0.0081,99797.32982268657,7.964135638317779e-5
0.00811,99797.0803398352,7.964031879555059e-5
0.00812,99796.83085760773,7.963922128263024e-5
0.00813,99796.58137600416,7.963806490578571e-5
0.00814,99796.3318950245,7.963685778055457e-5
0.00815,99796.08241466875,7.963561507664304e-5
0.00816,99795.83293493689,7.963435901792589e-5
0.00817,99795.58345582892,7.963311888244656e-5
0.00818,99795.33397734487,7.963193100241707e-5
0.00819,99795.0844994847,7.963083876421807e-5
0.0082,99794.83502224843,7.962985106472964e-5
0.00821,99794.58554563604,7.962890199563758e-5
0.00822,99794.33606964756,7.962795725374912e-5
0.00823,99794.08659428296,7.962699016013245e-5
0.00824,99793.83711954224,7.962598108897781e-5
0.00825,99793.58764542542,7.962491746759739e-5
0.00826,99793.33817193247,7.962379377642537e-5
0.00827,99793.08869906342,7.962261154901795e-5
0.00828,99792.83922681824,7.962137937205329e-5
0.00829,99792.58975519692,7.962011288533158e-5
0.0083,99792.34028419951,7.961883478177492e-5
0.00831,99792.09081382597,7.961757480742749e-5
0.00832,99791.8413440763,7.961636976145543e-5
0.00833,99791.5918749505,7.961526349614683e-5
0.00834,99791.34240644857,7.961425784646379e-5
0.00835,99791.09293857052,7.961328790993439e-5
0.00836,99790.84347131634,7.961232030454668e-5
0.00837,99790.59400468602,7.961132882395547e-5
0.00838,99790.34453867956,7.961029431388834e-5
0.00839,99790.09507329698,7.960920467214561e-5
0.0084,99789.84560853826,7.96080548486003e-5
0.00841,99789.5961444034,7.960684684519818e-5
0.00842,99789.3466808924,7.960558971595777e-5
0.00843,99789.09721800525,7.960429956697034e-5
0.00844,99788.84775574195,7.960299955639986e-5
0.00845,99788.59829410253,7.960171989448307e-5
0.00846,99788.34883308694,7.960049784352942e-5
0.00847,99788.09937269521,7.959937771419082e-5
0.00848,99787.84991292734,7.959835359091019e-5
0.00849,99787.6004537833,7.959736263820656e-5
0.0085,99787.35099526313,7.959637206751245e-5
0.00851,99787.10153736679,7.959535614128062e-5
0.00852,99786.8520800943,7.959429617298403e-5
0.00853,99786.60262344564,7.959318052711582e-5
0.00854,99786.35316742084,7.959200461918938e-5
0.00855,99786.10371201986,7.95907709157383e-5
0.00856,99785.85425724272,7.958948893431633e-5
0.00857,99785.60480308943,7.95881752434975e-5
0.00858,99785.35534955996,7.958685346287601e-5
0.00859,99785.10589665434,7.958555426306626e-5
0.0086,99784.85644437253,7.95843153657029e-5
0.00861,99784.60699271456,7.958318131144661e-5
0.00862,99784.35754168042,7.958213839790435e-5
0.00863,99784.10809127011,7.958112628596516e-5
0.00864,99783.85864148362,7.958011265311586e-5
0.00865,99783.60919232096,7.957907222680836e-5
0.00866,99783.35974378212,7.957798678445966e-5
0.00867,99783.1102958671,7.957684515345179e-5
0.00868,99782.86084857589,7.957564321113194e-5
0.00869,99782.6114019085,7.957438388481229e-5
0.0087,99782.36195586494,7.957307715177017e-5
0.00871,99782.11251044518,7.957174003924793e-5
0.00872,99781.86306564923,7.957039662445305e-5
0.00873,99781.61362147711,7.956907803455805e-5
0.00874,99781.36417792879,7.956782244670055e-5
0.00875,99781.11473500427,7.956667426045661e-5
0.00876,99780.86529270357,7.956561236981608e-5
0.00877,99780.61585102667,7.95645789611527e-5
0.00878,99780.36640997356,7.956354217418811e-5
0.00879,99780.11696954427,7.956247719755398e-5
0.0088,99779.86752973877,7.956136626879195e-5
0.00881,99779.61809055708,7.956019867435367e-5
0.00882,99779.36865199918,7.955897074960073e-5
0.00883,99779.11921406507,7.955768587880473e-5
0.00884,99778.86977675476,7.955635449514728e-5
0.00885,99778.62034006824,7.955499408071993e-5
0.00886,99778.37090400551,7.955362916652426e-5
0.00887,99778.12146856658,7.955229133247183e-5
0.00888,99777.87203375142,7.955101920738415e-5
0.00889,99777.62259956005,7.954985666080987e-5
0.0089,99777.37316599247,7.954877561234412e-5
0.00891,99777.12373304868,7.954772077486924e-5
0.00892,99776.87430072865,7.954666074652122e-5
0.00893,99776.62486903243,7.954557117329038e-5
0.00894,99776.37543795997,7.954443474902137e-5
0.00895,99776.12600751128,7.954324121541314e-5
0.00896,99775.87657768639,7.954198736201901e-5
0.00897,99775.62714848525,7.954067702624656e-5
0.00898,99775.37771990789,7.953932109335775e-5
0.00899,99775.1282919543,7.953793749646882e-5
0.009,99774.87886462448,7.953655121655038e-5
0.00901,99774.62943791844,7.953519428242732e-5
0.00902,99774.38001183615,7.95339057707789e-5
0.00903,99774.13058637762,7.953272861555539e-5
0.00904,99773.88116154286,7.953162823454904e-5
0.00905,99773.63173733186,7.953055184147012e-5
0.00906,99773.38231374463,7.952946848904938e-5
0.00907,99773.13289078115,7.952835427681467e-5
0.00908,99772.88346844143,7.952719235109093e-5
0.00909,99772.63404672546,7.952597290500017e-5
0.0091,99772.38462563325,7.952469317846154e-5
0.00911,99772.13520516478,7.952335745819125e-5
0.00912,99771.88578532008,7.952197707770264e-5
0.00913,99771.6363660991,7.952057041730612e-5
0.00914,99771.3869475019,7.95191629041092e-5
0.00915,99771.13752952842,7.951778701201651e-5
0.00916,99770.8881121787,7.951648226172975e-5
0.00917,99770.63869545273,7.951529023063961e-5
0.00918,99770.38927935048,7.95141703482685e-5
0.00919,99770.13986387198,7.951307227800031e-5
0.0092,99769.89044901721,7.951196552333105e-5
0.00921,99769.64103478618,7.95108266334957e-5
0.00922,99769.39162117889,7.950963920346825e-5
0.00923,99769.14220819534,7.950839387396163e-5
0.00924,99768.8927958355,7.950708833142774e-5
0.00925,99768.6433840994,7.950572730805748e-5
0.00926,99768.39397298703,7.950432258178071e-5
0.00927,99768.14456249839,7.950289297626625e-5
0.00928,99767.89515263347,7.950146436092193e-5
0.00929,99767.64574339228,7.950006965089452e-5
0.0093,99767.3963347748,7.949874880706975e-5
0.00931,99767.14692678106,7.94975416151451e-5
0.00932,99766.89751941102,7.949640206836631e-5
0.00933,99766.64811266471,7.949528220442557e-5
0.00934,99766.39870654211,7.949415197374416e-5
0.00935,99766.14930104323,7.94929883714241e-5
0.00936,99765.89989616806,7.949177543724813e-5
0.00937,99765.6504919166,7.949050425567975e-5
0.00938,99765.40108828885,7.948917295586313e-5
0.00939,99765.15168528481,7.948778671162322e-5
0.0094,99764.90228290448,7.948635774146567e-5
0.00941,99764.65288114785,7.948490530857686e-5
0.00942,99764.40348001492,7.948345572082388e-5
0.00943,99764.15407950571,7.948204233075459e-5
0.00944,99763.90467962017,7.948070553559753e-5
0.00945,99763.65528035835,7.94794828812406e-5
0.00946,99763.40588172023,7.947832351265375e-5
0.00947,99763.1564837058,7.94771817435089e-5
0.00948,99762.90708631506,7.947602796731235e-5
0.00949,99762.65768954801,7.947483962119204e-5
0.0095,99762.40829340466,7.947360118589748e-5
0.00951,99762.15889788499,7.947230418579981e-5
0.00952,99761.90950298902,7.947094718889173e-5
0.00953,99761.66010871674,7.946953580678756e-5
0.00954,99761.41071506812,7.946808269472325e-5
0.00955,99761.1613220432,7.94666075515563e-5
0.00956,99760.91192964197,7.946513711976586e-5
0.00957,99760.66253786441,7.946370518545266e-5
0.00958,99760.41314671053,7.9462352578339e-5
0.00959,99760.16375618032,7.94611141445111e-5
0.0096,99759.9143662738,7.94599348022645e-5
0.00961,99759.66497699094,7.945877102123312e-5
0.00962,99759.41558833176,7.94575936341697e-5
0.00963,99759.16620029625,7.945638051638744e-5
0.00964,99758.91681288442,7.945511658575997e-5
0.00965,99758.66742609625,7.945379380272138e-5
0.00966,99758.41803993173,7.945241117026625e-5
0.00967,99758.16865439089,7.945097473394957e-5
0.00968,99757.91926947371,7.944949758188682e-5
0.00969,99757.66988518019,7.944799984475392e-5
0.0097,99757.42050151034,7.944650869578726e-5
0.00971,99757.17111846413,7.944505835078367e-5
0.00972,99756.9217360416,7.944369006810045e-5
0.00973,99756.6723542427,7.94424355233213e-5
0.00974,99756.42297306747,7.944123606097811e-5
0.00975,99756.17359251589,7.94400501661115e-5
0.00976,99755.92421258797,7.943884910688202e-5
0.00977,99755.67483328369,7.943761119294668e-5
0.00978,99755.42545460304,7.943632177545896e-5
0.00979,99755.17607654605,7.943497324706878e-5
0.0098,99754.92669911271,7.943356504192251e-5
0.00981,99754.677322303,7.943210363566302e-5
0.00982,99754.42794611695,7.943060254542958e-5
0.00983,99754.17857055453,7.942908232985795e-5
0.00984,99753.92919561574,7.942757058908035e-5
0.00985,99753.6798213006,7.942610196472542e-5
0.00986,99753.43044760909,7.942471813991829e-5
0.00987,99753.18107454122,7.942344713939516e-5
0.00988,99752.93170209698,7.942222741587065e-5
0.00989,99752.68233027635,7.942101930989916e-5
0.0099,99752.43295907936,7.941979452120145e-5
0.00991,99752.18358850601,7.94185317899284e-5
0.00992,99751.93421855627,7.941721689666091e-5
0.00993,99751.68484923017,7.941584266241001e-5
0.00994,99751.43548052768,7.94144089486168e-5
0.00995,99751.1861124488,7.941292265715244e-5
0.00996,99750.93674499357,7.941139773031819e-5
0.00997,99750.68737816194,7.940985515084538e-5
0.00998,99750.43801195393,7.940832294189543e-5
0.00999,99750.18864636953,7.94068361670598e-5
0.01,99749.93928140873,7.94054369303601e-5
0.01001,99749.68991707156,7.940414911690372e-5
0.01002,99749.440553358,7.940290899632493e-5
0.01003,99749.19119026804,7.94016785865461e-5
0.01004,99748.94182780168,7.94004300149887e-5
0.01005,99748.69246595894,7.939914244843657e-5
0.01006,99748.44310473981,7.939780209303602e-5
0.01007,99748.19374414427,7.93964021942958e-5
0.01008,99747.94438417234,7.939494303708705e-5
0.01009,99747.695024824,7.939343194564339e-5
0.0101,99747.44566609926,7.939188328356085e-5
0.01011,99747.19630799812,7.939031845379789e-5
0.01012,99746.94695052056,7.93887658986754e-5
0.01013,99746.69759366661,7.938726109987674e-5
0.01014,99746.44823743624,7.938584657844764e-5
0.01015,99746.19888182946,7.938454158360427e-5
0.01016,99745.94952684628,7.938328093520898e-5
0.01017,99745.70017248669,7.938202813335467e-5
0.01018,99745.45081875066,7.938075572930406e-5
0.01019,99745.20146563824,7.937944331261245e-5
0.0102,99744.95211314938,7.937807751112771e-5
0.01021,99744.70276128412,7.937665199099028e-5
0.01022,99744.45341004242,7.937516745663317e-5
0.01023,99744.20405942432,7.937363165078197e-5
0.01024,99743.95470942977,7.937205935445483e-5
0.01025,99743.70536005881,7.937047238696247e-5
0.01026,99743.45601131143,7.936889960590818e-5
0.01027,99743.20666318761,7.936737690718785e-5
0.01028,99742.95731568735,7.936594722498989e-5
0.01029,99742.70796881068,7.936462466999392e-5
0.0103,99742.45862255756,7.936334336803766e-5
0.01031,99742.20927692801,7.936206809020832e-5
0.01032,99741.95993192201,7.936077180774083e-5
0.01033,99741.7105875396,7.935943452909132e-5
0.01034,99741.46124378072,7.93580432999371e-5
0.01035,99741.21190064542,7.935659220317668e-5
0.01036,99740.96255813367,7.935508235892972e-5
0.01037,99740.71321624548,7.935352192453713e-5
0.01038,99740.46387498084,7.935192609456092e-5
0.01039,99740.21453433974,7.935031710078438e-5
0.0104,99739.96519432221,7.934872421221191e-5
0.01041,99739.71585492822,7.934718373506915e-5
0.01042,99739.46651615779,7.934573901280288e-5
0.01043,99739.21717801089,7.934439850956136e-5
0.01044,99738.96784048753,7.934309643321889e-5
0.01045,99738.71850358773,7.934179859978982e-5
0.01046,99738.46916731146,7.934047839660194e-5
0.01047,99738.21983165873,7.933911624713203e-5
0.01048,99737.97049662955,7.933769961100603e-5
0.01049,99737.7211622239,7.933622298399891e-5
0.0105,99737.47182844179,7.933468789803478e-5
0.01051,99737.2224952832,7.933310292118679e-5
0.01052,99736.97316274815,7.933148365767716e-5
0.01053,99736.72383083664,7.932985274787725e-5
0.01054,99736.47449954864,7.932823986830748e-5
0.01055,99736.22516888418,7.932668173163733e-5
0.01056,99735.97583884324,7.93252220866854e-5
0.01057,99735.72650942583,7.932386323872714e-5
0.01058,99735.47718063195,7.932254027195967e-5
0.01059,99735.22785246157,7.932121980744324e-5
0.0106,99734.97852491472,7.931987564471723e-5
0.01061,99734.7291979914,7.931848861839679e-5
0.01062,99734.47987169158,7.931704659817268e-5
0.01063,99734.23054601529,7.931554448881141e-5
0.01064,99733.9812209625,7.931398423015519e-5
0.01065,99733.73189653322,7.931237479712188e-5
0.01066,99733.48257272746,7.931073219970504e-5
0.01067,99733.2332495452,7.930907948297398e-5
0.01068,99732.98392698645,7.930744672707363e-5
0.01069,99732.73460505121,7.930587104722469e-5
0.0107,99732.48528373947,7.930439659372348e-5
0.01071,99732.23596305124,7.930301899716592e-5
0.01072,99731.9866429865,7.930167502863111e-5
0.01073,99731.73732354527,7.930033186157983e-5
0.01074,99731.48800472754,7.9298963703882e-5
0.01075,99731.2386865333,7.929755179740765e-5
0.01076,99730.98936896255,7.929608441802687e-5
0.01077,99730.74005201529,7.929455687560982e-5
0.01078,99730.49073569152,7.929297151402675e-5
0.01079,99730.24141999126,7.929133771114792e-5
0.0108,99729.99210491448,7.92896718788437e-5
0.01081,99729.74279046117,7.928799746298457e-5
0.01082,99729.49347663137,7.928634494344098e-5
0.01083,99729.24416342503,7.928475183408355e-5
0.01084,99728.99485084218,7.928326256484661e-5
0.01085,99728.74553888281,7.928186592724065e-5
0.01086,99728.49622754693,7.928050085024775e-5
0.01087,99728.24691683453,7.92791349132442e-5
0.01088,99727.99760674559,7.927774272853072e-5
0.01089,99727.74829728012,7.927630594133241e-5
0.0109,99727.49898843815,7.927481322979884e-5
0.01091,99727.24968021963,7.927326030500395e-5
0.01092,99727.00037262459,7.927164991094613e-5
0.01093,99726.751065653,7.926999182454817e-5
0.01094,99726.5017593049,7.926830285565727e-5
0.01095,99726.25245358025,7.926660684704508e-5
0.01096,99726.00314847908,7.926493467440763e-5
0.01097,99725.75384400136,7.92633242463654e-5
0.01098,99725.5045401471,7.926181999773387e-5
0.01099,99725.2552369163,7.926040417390503e-5
0.011,99725.00593430895,7.925901788623693e-5
0.01101,99724.75663232506,7.925762911571147e-5
0.01102,99724.50733096464,7.925621287515879e-5
0.01103,99724.25803022766,7.92547512092572e-5
0.01104,99724.00873011413,7.925323319453326e-5
0.01105,99723.75943062405,7.925165493936173e-5
0.01106,99723.51013175742,7.925001958396555e-5
0.01107,99723.26083351423,7.924833730041593e-5
0.01108,99723.01153589449,7.924662529263224e-5
0.01109,99722.7622388982,7.924490779638208e-5
0.0111,99722.51294252534,7.924321607928124e-5
0.01111,99722.26364677591,7.924158844079378e-5
0.01112,99722.01435164994,7.924006903565558e-5
0.01113,99721.76505714741,7.923863388588893e-5
0.01114,99721.5157632683,7.923722628970488e-5
0.01115,99721.26647001263,7.923581462580301e-5
0.01116,99721.01717738039,7.923437430365156e-5
0.01117,99720.76788537158,7.923288776348748e-5
0.01118,99720.5185939862,7.923134447631645e-5
0.01119,99720.26930322425,7.92297409439128e-5
0.0112,99720.02001308573,7.922808069881958e-5
0.01121,99719.77072357063,7.922637430434856e-5
0.01122,99719.52143467894,7.922463935458016e-5
0.01123,99719.2721464107,7.922290047436353e-5
0.01124,99719.02285876586,7.92211893193165e-5
0.01125,99718.77357174444,7.921954457582562e-5
0.01126,99718.52428534643,7.921800982473842e-5
0.01127,99718.27499957185,7.921655521427234e-5
0.01128,99718.02571442067,7.921512621609752e-5
0.01129,99717.77642989291,7.921369160272233e-5
0.0113,99717.52714598857,7.921222717634333e-5
0.01131,99717.27786270763,7.921071576884515e-5
0.01132,99717.02858005009,7.920914724180057e-5
0.01133,99716.77929801597,7.920751848647054e-5
0.01134,99716.53001660525,7.92058334238041e-5
0.01135,99716.28073581793,7.920410300443843e-5
0.01136,99716.03145565401,7.920234520869887e-5
0.01137,99715.78217611348,7.920058504659885e-5
0.01138,99715.53289719636,7.919885455783999e-5
0.01139,99715.28361890264,7.919719281181199e-5
0.0114,99715.0343412323,7.91956425137972e-5
0.01141,99714.78506418536,7.91941683126674e-5
0.01142,99714.53578776182,7.919271782321634e-5
0.01143,99714.28651196166,7.91912602078509e-5
0.01144,99714.0372367849,7.918977165758397e-5
0.01145,99713.78796223152,7.918823539203452e-5
0.01146,99713.53868830153,7.918664165942757e-5
0.01147,99713.28941499491,7.918498773659418e-5
0.01148,99713.04014231169,7.918327792897144e-5
0.01149,99712.79087025185,7.918152357060252e-5
0.0115,99712.54159881538,7.917974302413664e-5
0.01151,99712.2923280023,7.917796168082904e-5
0.01152,99712.04305781258,7.917621196054103e-5
0.01153,99711.79378824624,7.917453331173998e-5
0.01154,99711.54451930326,7.917296725543664e-5
0.01155,99711.29525098368,7.917147333846537e-5
0.01156,99711.04598328745,7.917000127261706e-5
0.01157,99710.7967162146,7.916852060627933e-5
0.01158,99710.54744976512,7.916700791536237e-5
0.01159,99710.29818393898,7.916544680329898e-5
0.0116,99710.04891873623,7.916382790104464e-5
0.01161,99709.79965415683,7.916214886707734e-5
0.01162,99709.55039020079,7.91604143873978e-5
0.01163,99709.30112686811,7.915863617552927e-5
0.01164,99709.0518641588,7.915683297251765e-5
0.01165,99708.80260207284,7.915503054693144e-5
0.01166,99708.55334061023,7.915326169486178e-5
0.01167,99708.30407977097,7.91515662399224e-5
0.01168,99708.05481955507,7.914998420410505e-5
0.01169,99707.80555996251,7.914847045074437e-5
0.0117,99707.5563009933,7.914697672745287e-5
0.01171,99707.30704264744,7.914547296465915e-5
0.01172,99707.05778492492,7.914393611923229e-5
0.01173,99706.80852782575,7.914235017448183e-5
0.01174,99706.55927134992,7.914070614015776e-5
0.01175,99706.31001549744,7.913900205245059e-5
0.01176,99706.06076026829,7.913724297399125e-5
0.01177,99705.81150566247,7.913544099385118e-5
0.01178,99705.56225167999,7.913361522754227e-5
0.01179,99705.31299832085,7.913179181701689e-5
0.0118,99705.06374558504,7.913000393066788e-5
0.01181,99704.81449347256,7.912829176332854e-5
0.01182,99704.56524198341,7.912669351798623e-5
0.01183,99704.31599111759,7.91251598122189e-5
0.01184,99704.06674087509,7.912364435433475e-5
0.01185,99703.81749125592,7.912211745287527e-5
0.01186,99703.56824226007,7.912055644173899e-5
0.01187,99703.31899388754,7.911894568018147e-5
0.01188,99703.06974613834,7.91172765528153e-5
0.01189,99702.82049901245,7.911554746961007e-5
0.0119,99702.57125250988,7.911376386589241e-5
0.01191,99702.32200663062,7.911193820234601e-5
0.01192,99702.07276137469,7.911008996501152e-5
0.01193,99701.82351674205,7.910824566528669e-5
0.01194,99701.57427273273,7.910643883992624e-5
0.01195,99701.32502934673,7.910471005104194e-5
0.01196,99701.07578658401,7.910309535819452e-5
0.01197,99700.82654444462,7.910154158843411e-5
0.01198,99700.57730292853,7.910000432261094e-5
0.01199,99700.32806203574,7.90984542434629e-5
0.012,99700.07882176625,7.909686905799758e-5
0.01201,99699.82958212007,7.909523349749215e-5
0.01202,99699.58034309719,7.909353931749348e-5
0.01203,99699.33110469759,7.90917852978181e-5
0.01204,99699.08186692129,7.908997724255214e-5
0.01205,99698.83262976828,7.908812798005144e-5
0.01206,99698.58339323857,7.908625736294146e-5
0.01207,99698.33415733215,7.90843922681173e-5
0.01208,99698.08492204902,7.908256659674372e-5
0.01209,99697.83568738918,7.908082127425517e-5
0.0121,99697.58645335262,7.907918988873434e-5
0.01211,99697.33721993933,7.907761594775462e-5
0.01212,99697.08798714935,7.907605680440268e-5
0.01213,99696.83875498264,7.907448351169693e-5
0.01214,99696.58952343921,7.907287414583313e-5
0.01215,99696.34029251906,7.907121380618443e-5
0.01216,99696.09106222219,7.906949461530134e-5
0.01217,99695.84183254858,7.906771571891174e-5
0.01218,99695.59260349825,7.906588328592086e-5
0.01219,99695.3433750712,7.906401050841131e-5
0.0122,99695.0941472674,7.906211760164305e-5
0.01221,99694.84492008689,7.906023180405342e-5
0.01222,99694.59569352964,7.90583873772571e-5
0.01223,99694.34646759565,7.905662560604618e-5
0.01224,99694.09724228493,7.905497727620552e-5
0.01225,99693.84801759747,7.905338306111294e-5
0.01226,99693.59879353328,7.905180197443299e-5
0.01227,99693.34957009234,7.905020543551835e-5
0.01228,99693.10034727467,7.904857188580574e-5
0.01229,99692.85112508024,7.904688678881588e-5
0.0123,99692.60190350907,7.904514263015352e-5
0.01231,99692.35268256115,7.904333891750744e-5
0.01232,99692.10346223648,7.904148218065042e-5
0.01233,99691.85424253508,7.903958597143926e-5
0.01234,99691.60502345691,7.90376708638148e-5
0.01235,99691.355805002,7.903576445380189e-5
0.01236,99691.10658717032,7.903390135950937e-5
0.01237,99690.85736996189,7.903212322113016e-5
0.01238,99690.60815337668,7.903045768948356e-5
0.01239,99690.35893741474,7.902884310157181e-5
0.0124,99690.10972207603,7.902724000942028e-5
0.01241,99689.86050736056,7.902562019474746e-5
0.01242,99689.61129326833,7.902396246026426e-5
0.01243,99689.36207979932,7.9022252629674e-5
0.01244,99689.11286695355,7.902048354767248e-5
0.01245,99688.86365473103,7.901865507994788e-5
0.01246,99688.61444313172,7.901677411318079e-5
0.01247,99688.36523215564,7.901485455504427e-5
0.01248,99688.11602180278,7.901291733420378e-5
0.01249,99687.86681207316,7.901099040031721e-5
0.0125,99687.61760296675,7.900910872403486e-5
0.01251,99687.36839448358,7.90073142969995e-5
0.01252,99687.11918662362,7.900563130114273e-5
0.01253,99686.86997938687,7.900399624577648e-5
0.01254,99686.62077277336,7.90023710894778e-5
0.01255,99686.37156678304,7.900072797237274e-5
0.01256,99686.12236141595,7.899904605448737e-5
0.01257,99685.87315667207,7.899731151574793e-5
0.01258,99685.6239525514,7.899551755598075e-5
0.01259,99685.37474905394,7.899366439491228e-5
0.0126,99685.12554617968,7.899175927216907e-5
0.01261,99684.87634392863,7.898981644727779e-5
0.01262,99684.62714230079,7.89878571996652e-5
0.01263,99684.37794129614,7.898590982865819e-5
0.01264,99684.12874091472,7.898400965348376e-5
0.01265,99683.87954115648,7.898219901326901e-5
0.01266,99683.63034202144,7.898049828658333e-5
0.01267,99683.3811435096,7.897884267310399e-5
0.01268,99683.13194562095,7.897719539736395e-5
0.01269,99682.88274835549,7.897552895394858e-5
0.0127,99682.63355171324,7.89738228562478e-5
0.01271,99682.38435569417,7.89720636364561e-5
0.01272,99682.13516029829,7.897024484557263e-5
0.01273,99681.8859655256,7.89683670534011e-5
0.01274,99681.63677137608,7.896643784854978e-5
0.01275,99681.38757784976,7.89644718384316e-5
0.01276,99681.13838494662,7.896249064926404e-5
0.01277,99680.88919266667,7.896052292606919e-5
0.01278,99680.64000100989,7.895860433267373e-5
0.01279,99680.39080997629,7.895677755170893e-5
0.0128,99680.14161956587,7.895505882406411e-5
0.01281,99679.89242977861,7.895338256576298e-5
0.01282,99679.64324061455,7.895171311867264e-5
0.01283,99679.39405207364,7.895002332788073e-5
0.01284,99679.14486415591,7.894829305618127e-5
0.01285,99678.89567686134,7.894650918407462e-5
0.01286,99678.64649018995,7.894466560976757e-5
0.01287,99678.39730414172,7.894276324917325e-5
0.01288,99678.14811871666,7.894081003591111e-5
0.01289,99677.89893391475,7.893882092130704e-5
0.0129,99677.64974973601,7.89368178743933e-5
0.01291,99677.40056618044,7.893482988190846e-5
0.01292,99677.15138324801,7.893289294829752e-5
0.01293,99676.90220093874,7.893105009571183e-5
0.01294,99676.65301925264,7.892931309404947e-5
0.01295,99676.40383818968,7.892761610805484e-5
0.01296,99676.15465774987,7.892592444100645e-5
0.01297,99675.90547793322,7.89242112845255e-5
0.01298,99675.6562987397,7.892245684683975e-5
0.01299,99675.40712016934,7.892064835278358e-5
0.013,99675.15794222214,7.89187800437979e-5
0.01301,99674.90876489806,7.891685317793017e-5
0.01302,99674.65958819713,7.891487602983449e-5
0.01303,99674.41041211935,7.891286389077144e-5
0.01304,99674.1612366647,7.891083906860824e-5
0.01305,99673.9120618332,7.890883088781866e-5
0.01306,99673.66288762481,7.890687568948301e-5
0.01307,99673.41371403958,7.890501683128821e-5
0.01308,99673.16454107747,7.890326128037491e-5
0.01309,99672.9153687385,7.890154348760152e-5
0.0131,99672.66619702266,7.889982955522005e-5
0.01311,99672.41702592993,7.889809301740731e-5
0.01312,99672.16785546034,7.889631442384587e-5
0.01313,99671.91868561388,7.889448133972412e-5
0.01314,99671.66951639054,7.889258834573615e-5
0.01315,99671.42034779032,7.889063703808183e-5
0.01316,99671.17117981323,7.888863602846685e-5
0.01317,99670.92201245925,7.888660094410263e-5
0.01318,99670.67284572839,7.888455442770633e-5
0.01319,99670.42367962064,7.888252613750093e-5
0.0132,99670.17451413602,7.888055274721515e-5
0.01321,99669.9253492745,7.88786779460835e-5
0.01322,99669.67618503609,7.887690356908019e-5
0.01323,99669.4270214208,7.887516489411931e-5
0.01324,99669.17785842861,7.88734286541789e-5
0.01325,99668.92869605952,7.887166872200245e-5
0.01326,99668.67953431355,7.886986598473842e-5
0.01327,99668.43037319067,7.886800834394029e-5
0.01328,99668.1812126909,7.886609071556653e-5
0.01329,99667.93205281423,7.886411502998061e-5
0.0133,99667.68289356066,7.886209023195101e-5
0.01331,99667.4337349302,7.886003228065118e-5
0.01332,99667.18457692281,7.88579641496596e-5
0.01333,99666.93541953852,7.885591582695971e-5
0.01334,99666.68626277734,7.885392431494e-5
0.01335,99666.43710663923,7.885203363039392e-5
0.01336,99666.18795112422,7.885024014953961e-5
0.01337,99665.9387962323,7.884848052057349e-5
0.01338,99665.68964196346,7.884672193388416e-5
0.01339,99665.4404883177,7.884493859679339e-5
0.0134,99665.19133529504,7.884311172992622e-5
0.01341,99664.94218289545,7.88412295672109e-5
0.01342,99664.69303111895,7.883928735587898e-5
0.01343,99664.44387996552,7.883728735646523e-5
0.01344,99664.19472943517,7.883523884280767e-5
0.01345,99663.94557952789,7.883315810204758e-5
0.01346,99663.6964302437,7.883106843462947e-5
0.01347,99663.44728158257,7.882900015430113e-5
0.01348,99663.1981335445,7.882699058811356e-5
0.01349,99662.94898612952,7.882508402080344e-5
0.0135,99662.6998393376,7.882327121359951e-5
0.01351,99662.45069316874,7.882149056230498e-5
0.01352,99662.20154762296,7.881970959263208e-5
0.01353,99661.95240270022,7.881790284249269e-5
0.01354,99661.70325840056,7.881605186199836e-5
0.01355,99661.45411472395,7.881414521346028e-5
0.01356,99661.2049716704,7.881217847138927e-5
0.01357,99660.95582923992,7.88101542224958e-5
0.01358,99660.70668743248,7.880808206569003e-5
0.01359,99660.4575462481,7.880597861208169e-5
0.0136,99660.20840568676,7.88038674849802e-5
0.01361,99659.95926574849,7.880177931989465e-5
0.01362,99659.71012643326,7.879975176453372e-5
0.01363,99659.46098774107,7.879782919375554e-5
0.01364,99659.21184967193,7.879599695616628e-5
0.01365,99658.96271222584,7.879419521768637e-5
0.01366,99658.71357540278,7.879239183172684e-5
0.01367,99658.46443920278,7.879056166279334e-5
0.01368,99658.21530362581,7.878868658648616e-5
0.01369,99657.96616867188,7.878675548950014e-5
0.0137,99657.71703434098,7.878476426962478e-5
0.01371,99657.46790063313,7.878271583574415e-5
0.01372,99657.2187675483,7.878062010783693e-5
0.01373,99656.96963508651,7.877849401697644e-5
0.01374,99656.72050324775,7.877636150533055e-5
0.01375,99656.47137203201,7.877425352616176e-5
0.01376,99656.2222414393,7.877220804382721e-5
0.01377,99655.97311146962,7.877026933878097e-5
0.01378,99655.72398212297,7.87684175742448e-5
0.01379,99655.47485339933,7.876659468705307e-5
0.0138,99655.22572529872,7.876476885431922e-5
0.01381,99654.97659782112,7.876291526314438e-5
0.01382,99654.72747096655,7.876101611061736e-5
0.01383,99654.47834473499,7.875906060381463e-5
0.01384,99654.22921912644,7.875704495980039e-5
0.01385,99653.9800941409,7.875497240562652e-5
0.01386,99653.73096977838,7.875285317833254e-5
0.01387,99653.48184603888,7.875070452494572e-5
0.01388,99653.23272292237,7.8748550702481e-5
0.01389,99652.98360042888,7.874642297794096e-5
0.0139,99652.73447855838,7.874435962831591e-5
0.01391,99652.4853573109,7.874240465265694e-5
0.01392,99652.23623668643,7.874053326844745e-5
0.01393,99651.98711668493,7.873868917430923e-5
0.01394,99651.73799730645,7.873684086706364e-5
0.01395,99651.48887855097,7.873496385240975e-5
0.01396,99651.23976041848,7.873304064492438e-5
0.01397,99650.99064290898,7.873106076806204e-5
0.01398,99650.74152602248,7.8729020754155e-5
0.01399,99650.49240975897,7.872692414441323e-5
0.014,99650.24329411844,7.872478148892445e-5
0.01401,99649.9941791009,7.872261034665406e-5
0.01402,99649.74506470637,7.872043528544521e-5
0.01403,99649.4959509348,7.87182878820188e-5
0.01404,99649.24683778622,7.871620672197341e-5
0.01405,99648.99772526063,7.871423533411829e-5
0.01406,99648.74861335801,7.871234424124895e-5
0.01407,99648.49950207837,7.871047888522246e-5
0.01408,99648.25039142171,7.870860807854149e-5
0.01409,99648.00128138803,7.870670764147748e-5
0.0141,99647.75217197732,7.870476040207053e-5
0.01411,99647.50306318958,7.870275619612952e-5
0.01412,99647.25395502482,7.870069186723202e-5
0.01413,99647.00484748303,7.869857126672431e-5
0.01414,99646.7557405642,7.869640525372144e-5
0.01415,99646.50663426833,7.869421169510713e-5
0.01416,99646.25752859544,7.869201546553384e-5
0.01417,99646.0084235455,7.868984844742276e-5
0.01418,99645.75931911853,7.868774953096378e-5
0.01419,99645.51021531451,7.868576158467465e-5
0.0142,99645.26111213346,7.868385069776857e-5
0.01421,99645.01200957537,7.86819640280225e-5
0.01422,99644.76290764024,7.868007069959323e-5
0.01423,99644.51380632805,7.867814684329766e-5
0.01424,99644.26470563881,7.867617559661276e-5
0.01425,99644.01560557252,7.867414710367565e-5
0.01426,99643.76650612919,7.867205851528352e-5
0.01427,99643.51740730881,7.86699139888937e-5
0.01428,99643.26830911137,7.866772468862361e-5
0.01429,99643.01921153687,7.86655087852508e-5
0.0143,99642.77011458532,7.866329145621287e-5
0.01431,99642.52101825671,7.866110488560762e-5
0.01432,99642.27192255104,7.865898826419286e-5
0.01433,99642.02282746832,7.86569836094222e-5
0.01434,99641.77373300852,7.865505284665736e-5
0.01435,99641.52463917166,7.865314481435237e-5
0.01436,99641.27554595773,7.865122894431391e-5
0.01437,99641.02645336675,7.864928167389626e-5
0.01438,99640.77736139868,7.86472864460013e-5
0.01439,99640.52827005355,7.864523370907853e-5
0.0144,99640.27917933134,7.864312091712499e-5
0.01441,99640.03008923207,7.864095252968534e-5
0.01442,99639.7809997557,7.863874001185186e-5
0.01443,99639.53191090227,7.863650183426438e-5
0.01444,99639.28282267175,7.863426347311036e-5
0.01445,99639.03373506416,7.863205741012483e-5
0.01446,99638.7846480795,7.862992313259041e-5
0.01447,99638.53556171774,7.862790161593631e-5
0.01448,99638.2864759789,7.862595089898423e-5
0.01449,99638.03739086297,7.86240214582663e-5
0.0145,99637.78830636996,7.862208302923596e-5
0.01451,99637.53922249985,7.862011235177684e-5
0.01452,99637.29013925265,7.861809317020274e-5
0.01453,99637.04105662835,7.861601623325772e-5
0.01454,99636.79197462698,7.861387929411602e-5
0.01455,99636.5428932485,7.861168711038208e-5
0.01456,99636.29381249292,7.860945144409054e-5
0.01457,99636.04473236024,7.860719106170628e-5
0.01458,99635.79565285046,7.860493173412432e-5
0.01459,99635.54657396358,7.860270623666994e-5
0.0146,99635.2974956996,7.860055434909862e-5
0.01461,99635.0484180585,7.859851581424e-5
0.01462,99634.79934104031,7.859654506823857e-5
0.01463,99634.55026464502,7.859459417628065e-5
0.01464,99634.3011888726,7.859263317343234e-5
0.01465,99634.05211372307,7.859063909807157e-5
0.01466,99633.80303919644,7.858859599188804e-5
0.01467,99633.55396529268,7.858649489988322e-5
0.01468,99633.30489201182,7.858433387037037e-5
0.01469,99633.05581935383,7.858211795497454e-5
0.0147,99632.80674731873,7.857985920863255e-5
0.01471,99632.5576759065,7.8577576689593e-5
0.01472,99632.30860511716,7.857529645941629e-5
0.01473,99632.05953495068,7.857305158297457e-5
0.01474,99631.81046540708,7.857088212845183e-5
0.01475,99631.56139648636,7.856882641649818e-5
0.01476,99631.3123281885,7.856683556989716e-5
0.01477,99631.06326051353,7.856486318674043e-5
0.01478,99630.81419346141,7.856287959765908e-5
0.01479,99630.56512703217,7.856086213547803e-5
0.0148,99630.31606122578,7.855879513521595e-5
0.01481,99630.06699604227,7.855666993408532e-5
0.01482,99629.81793148161,7.85544848714924e-5
0.01483,99629.56886754381,7.855224528903723e-5
0.01484,99629.31980422887,7.854996353051366e-5
0.01485,99629.0707415368,7.854765894190929e-5
0.01486,99628.82167946757,7.854535787140555e-5
0.01487,99628.5726180212,7.854309366937762e-5
0.01488,99628.32355719768,7.854090668839449e-5
0.01489,99628.07449699703,7.853883363869502e-5
0.0149,99627.8254374192,7.853682262324042e-5
0.01491,99627.57637846423,7.853482871172136e-5
0.01492,99627.32732013211,7.853282252628759e-5
0.01493,99627.07826242285,7.853078169016394e-5
0.01494,99626.82920533641,7.852869082765038e-5
0.01495,99626.58014887282,7.852654156412194e-5
0.01496,99626.33109303206,7.852433252602882e-5
0.01497,99626.08203781415,7.852206934089624e-5
0.01498,99625.83298321908,7.851976463732462e-5
0.01499,99625.58392924684,7.851743804498942e-5
0.015,99625.33487589743,7.851511619464125e-5
0.01501,99625.08582317086,7.851283271810578e-5
0.01502,99624.83677106712,7.851062824828383e-5
0.01503,99624.58771958621,7.850853769869098e-5
0.01504,99624.33866872813,7.850650644931523e-5
0.01505,99624.08961849287,7.85044909750087e-5
0.01506,99623.84056888043,7.850246218538316e-5
0.01507,99623.59151989082,7.850039799000696e-5
0.01508,99623.34247152404,7.849828329840509e-5
0.01509,99623.09342378007,7.849611002005913e-5
0.0151,99622.84437665892,7.849387706440729e-5
0.01511,99622.59533016059,7.849159034084437e-5
0.01512,99622.34628428507,7.848926275872179e-5
0.01513,99622.09723903236,7.84869142273476e-5
0.01514,99621.84819440247,7.848457165598643e-5
0.01515,99621.5991503954,7.848226895385951e-5
0.01516,99621.35010701112,7.848004703014472e-5
0.01517,99621.10106424965,7.847793881761471e-5
0.01518,99620.852022111,7.847588727235588e-5
0.01519,99620.60298059514,7.847385020344727e-5
0.0152,99620.3539397021,7.847179880391714e-5
0.01521,99620.10489943184,7.846971126562947e-5
0.01522,99619.8558597844,7.846757277928401e-5
0.01523,99619.60682075974,7.846537553441631e-5
0.01524,99619.3577823579,7.846311871939763e-5
0.01525,99619.10874457883,7.846080852143502e-5
0.01526,99618.85970742257,7.845845812657125e-5
0.01527,99618.61067088909,7.84560877196849e-5
0.01528,99618.36163497841,7.845372448449029e-5
0.01529,99618.11259969052,7.845140260353749e-5
0.0153,99617.86356502541,7.844916325821234e-5
0.01531,99617.61453098309,7.844703721924229e-5
0.01532,99617.36549756356,7.84449653192228e-5
0.01533,99617.1164647668,7.844290662652417e-5
0.01534,99616.86743259283,7.8440832613537e-5
0.01535,99616.61840104163,7.843872175036493e-5
0.01536,99616.36937011323,7.843655950482462e-5
0.01537,99616.12033980759,7.843433834244579e-5
0.01538,99615.87131012473,7.843205772647117e-5
0.01539,99615.62228106463,7.842972411785651e-5
0.0154,99615.37325262731,7.842735097527063e-5
0.01541,99615.12422481277,7.842495875509534e-5
0.01542,99614.87519762099,7.842257491142552e-5
0.01543,99614.62617105198,7.842023389606903e-5
0.01544,99614.37714510573,7.841797715854683e-5
0.01545,99614.12811978224,7.84158331294804e-5
0.01546,99613.87909508152,7.841374081880525e-5
0.01547,99613.63007100356,7.841166047568007e-5
0.01548,99613.38104754836,7.840956384779329e-5
0.01549,99613.13202471592,7.840742967942271e-5
0.0155,99612.88300250622,7.840524371143541e-5
0.01551,99612.6339809193,7.840299868128787e-5
0.01552,99612.38495995512,7.840069432302584e-5
0.01553,99612.13593961368,7.839833736728449e-5
0.01554,99611.88691989501,7.839594154128828e-5
0.01555,99611.63790079909,7.839352756885098e-5
0.01556,99611.3888823259,7.83911231703758e-5
0.01557,99611.13986447547,7.838876306285517e-5
0.01558,99610.89084724778,7.838648895987093e-5
0.01559,99610.64183064282,7.838432677742057e-5
0.0156,99610.39281466062,7.838221400311807e-5
0.01561,99610.14379930115,7.838011198539365e-5
0.01562,99609.89478456441,7.837799274316969e-5
0.01563,99609.64577045041,7.837583529083228e-5
0.01564,99609.39675695916,7.837362563823121e-5
0.01565,99609.14774409063,7.837135679068005e-5
0.01566,99608.89873184483,7.836902874895606e-5
0.01567,99608.64972022176,7.836664850930029e-5
0.01568,99608.40070922142,7.836423006341746e-5
0.01569,99608.15169884381,7.836179439847608e-5
0.0157,99607.90268908892,7.835936949710835e-5
0.01571,99607.65367995675,7.835699033741024e-5
0.01572,99607.40467144731,7.83546988929414e-5
0.01573,99607.1556635606,7.835251839453108e-5
0.01574,99606.90665629659,7.835038510649682e-5
0.01575,99606.6576496553,7.834826139243769e-5
0.01576,99606.40864363674,7.83461195384367e-5
0.01577,99606.15963824088,7.834393882491374e-5
0.01578,99605.91063346773,7.834170552662565e-5
0.01579,99605.6616293173,7.83394129126661e-5
0.0158,99605.41262578957,7.833706124646571e-5
0.01581,99605.16362288456,7.833465778579198e-5
0.01582,99604.91462060226,7.83322167827493e-5
0.01583,99604.66561894264,7.8329759483779e-5
0.01584,99604.41661790575,7.832731412965927e-5
0.01585,99604.16761749155,7.832491595550523e-5
0.01586,99603.91861770005,7.832260719076887e-5
0.01587,99603.66961853123,7.832040821489783e-5
0.01588,99603.42061998513,7.83182543657715e-5
0.01589,99603.17162206172,7.831610893593726e-5
0.0159,99602.92262476102,7.83139444745745e-5
0.01591,99602.673628083,7.831174052406931e-5
0.01592,99602.42463202766,7.83094836200144e-5
0.01593,99602.17563659503,7.830716729120906e-5
0.01594,99601.92664178507,7.830479205965929e-5
0.01595,99601.6776475978,7.83023654405777e-5
0.01596,99601.42865403323,7.829990194238351e-5
0.01597,99601.17966109132,7.82974230667026e-5
0.01598,99600.9306687721,7.82949573083675e-5
0.01599,99600.68167707557,7.829254015541734e-5
0.016,99600.4326860017,7.82902140890979e-5
0.01601,99600.18369555053,7.828799647580997e-5
0.01602,99599.93470572201,7.828582202100522e-5
0.01603,99599.68571651618,7.828365485829142e-5
0.01604,99599.43672793302,7.828146779587158e-5
0.01605,99599.18773997253,7.827924063402204e-5
0.01606,99598.9387526347,7.827696016509257e-5
0.01607,99598.68976591955,7.827462017350623e-5
0.01608,99598.44077982705,7.827222143575951e-5
0.01609,99598.19179435723,7.826977172042226e-5
0.0161,99597.94280951007,7.826728578813765e-5
0.01611,99597.69382528558,7.82647853916223e-5
0.01612,99597.44484168374,7.826229927566612e-5
0.01613,99597.19585870455,7.825986317713243e-5
0.01614,99596.94687634803,7.825751982495792e-5
0.01615,99596.69789461416,7.82552834160032e-5
0.01616,99596.44891350294,7.825308831361231e-5
0.01617,99596.19993301437,7.825089940321799e-5
0.01618,99595.95095314847,7.824868974795182e-5
0.01619,99595.70197390519,7.824643940188536e-5
0.0162,99595.45299528458,7.824413541003019e-5
0.01621,99595.20401728661,7.82417718083379e-5
0.01622,99594.95503991128,7.823934962370009e-5
0.01623,99594.70606315859,7.823687687394836e-5
0.01624,99594.45708702854,7.82343685678543e-5
0.01625,99594.20811152113,7.823184670512956e-5
0.01626,99593.95913663637,7.822934027642573e-5
0.01627,99593.71016237423,7.822688526333446e-5
0.01628,99593.46118873474,7.82245246383874e-5
0.01629,99593.21221571788,7.822226927768942e-5
0.0163,99592.96324332365,7.822005348843806e-5
0.01631,99592.71427155205,7.821784281777869e-5
0.01632,99592.46530040307,7.821561057966778e-5
0.01633,99592.21632987673,7.821333707786892e-5
0.01634,99591.967359973,7.821100960595271e-5
0.01635,99591.71839069191,7.820862244729688e-5
0.01636,99591.46942203343,7.820617687508615e-5
0.01637,99591.22045399758,7.820368115231238e-5
0.01638,99590.97148658434,7.820115053177446e-5
0.01639,99590.72251979372,7.819860725607833e-5
0.0164,99590.47355362572,7.819608055763703e-5
0.01641,99590.22458808034,7.819360665867065e-5
0.01642,99589.97562315756,7.819122877120634e-5
0.01643,99589.7266588574,7.818895430508566e-5
0.01644,99589.47769517984,7.818671779220894e-5
0.01645,99589.2287321249,7.818448535080862e-5
0.01646,99588.97976969257,7.818223054156132e-5
0.01647,99588.73080788284,7.817993391381771e-5
0.01648,99588.48184669571,7.817758300560245e-5
0.01649,99588.23288613118,7.817517234361422e-5
0.0165,99587.98392618925,7.817270344322573e-5
0.01651,99587.73496686993,7.817018480848367e-5
0.01652,99587.4860081732,7.816763193210877e-5
0.01653,99587.23705009907,7.816506729549578e-5
0.01654,99586.98809264753,7.816252036871343e-5
0.01655,99586.73913581859,7.81600276105045e-5
0.01656,99586.49017961223,7.815763246828574e-5
0.01657,99586.24122402846,7.815533874587011e-5
0.01658,99585.99226906728,7.815308147509687e-5
0.01659,99585.74331472868,7.815082725454625e-5
0.0166,99585.49436101268,7.8148549887512e-5
0.01661,99585.24540791925,7.814623016482746e-5
0.01662,99584.99645544842,7.814385586486558e-5
0.01663,99584.74750360016,7.814142175353895e-5
0.01664,99584.49855237447,7.813892958429972e-5
0.01665,99584.24960177137,7.813638809813964e-5
0.01666,99584.00065179085,7.813381302359012e-5
0.01667,99583.75170243288,7.813122707672212e-5
0.01668,99583.50275369751,7.812865996114622e-5
0.01669,99583.2538055847,7.812614836801262e-5
0.0167,99583.00485809446,7.81237359760111e-5
0.01671,99582.75591122678,7.81214228494046e-5
0.01672,99582.50696498167,7.811914478885085e-5
0.01673,99582.25801935913,7.811686878273997e-5
0.01674,99582.00907435916,7.811456887287897e-5
0.01675,99581.76012998173,7.81122260874781e-5
0.01676,99581.51118622688,7.810982844115086e-5
0.01677,99581.26224309458,7.810737093491407e-5
0.01678,99581.01330058483,7.810485555618771e-5
0.01679,99580.76435869765,7.810229127879512e-5
0.0168,99580.51541743301,7.809969406296282e-5
0.01681,99580.26647679093,7.809708685532063e-5
0.01682,99580.01753677141,7.809449958890165e-5
0.01683,99579.76859737442,7.80919691831422e-5
0.01684,99579.5196586,7.808953954388185e-5
0.01685,99579.2707204481,7.808720686852768e-5
0.01686,99579.02178291876,7.8084907988682e-5
0.01687,99578.77284601195,7.808261019255839e-5
0.01688,99578.5239097277,7.808028775637541e-5
0.01689,99578.27497406598,7.807792194161526e-5
0.0169,99578.0260390268,7.807550099502381e-5
0.01691,99577.77710461016,7.807302014861056e-5
0.01692,99577.52817081605,7.807048161964869e-5
0.01693,99577.27923764447,7.806789461067502e-5
0.01694,99577.03030509542,7.806527530949003e-5
0.01695,99576.78137316892,7.806264688915783e-5
0.01696,99576.53244186494,7.806003950800621e-5
0.01697,99576.28351118349,7.805749030962661e-5
0.01698,99576.03458112455,7.805504339936626e-5
0.01699,99575.78565168814,7.805269105773987e-5
0.017,99575.53672287427,7.805037133143442e-5
0.01701,99575.28779468291,7.80480517428354e-5
0.01702,99575.03886711407,7.804570679845158e-5
0.01703,99574.78994016774,7.804331798891509e-5
0.01704,99574.54101384393,7.80408737889813e-5
0.01705,99574.29208814264,7.803836965752897e-5
0.01706,99574.04316306386,7.803580803756006e-5
0.01707,99573.79423860759,7.803319835619993e-5
0.01708,99573.54531477383,7.803055702469718e-5
0.01709,99573.29639156259,7.802790743842375e-5
0.0171,99573.04746897385,7.802527997687488e-5
0.01711,99572.79854700761,7.802271200366911e-5
0.01712,99572.54962566389,7.802024773839184e-5
0.01713,99572.30070494265,7.801787567437148e-5
0.01714,99572.05178484392,7.80155350766723e-5
0.01715,99571.8028653677,7.801319369498995e-5
0.01716,99571.55394651396,7.801082626200162e-5
0.01717,99571.30502828273,7.800841449336593e-5
0.01718,99571.05611067399,7.800594708772309e-5
0.01719,99570.80719368774,7.800341972669473e-5
0.0172,99570.55827732399,7.8000835074884e-5
0.01721,99570.30936158272,7.799820277987558e-5
0.01722,99570.06044646395,7.799553947223559e-5
0.01723,99569.81153196766,7.799286876551169e-5
0.01724,99569.56261809386,7.799022125623302e-5
0.01725,99569.31370484253,7.798763452391023e-5
0.01726,99569.06479221368,7.7985152815784e-5
0.01727,99568.81588020733,7.798276097856314e-5
0.01728,99568.56696882345,7.798039948672683e-5
0.01729,99568.31805806205,7.797803631316158e-5
0.0173,99568.06914792313,7.797564641259122e-5
0.01731,99567.82023840668,7.797321172157688e-5
0.01732,99567.5713295127,7.797072115851705e-5
0.01733,99567.32242124119,7.796817062364748e-5
0.01734,99567.07351359216,7.796556299904127e-5
0.01735,99566.82460656558,7.796290814860885e-5
0.01736,99566.57570016148,7.796022291809794e-5
0.01737,99566.32679437986,7.795753113509357e-5
0.01738,99566.07788922067,7.795486360901813e-5
0.01739,99565.82898468396,7.795225813113127e-5
0.0174,99565.58008076972,7.794975889144237e-5
0.01741,99565.33117747793,7.794734723271906e-5
0.01742,99565.08227480859,7.794496482615972e-5
0.01743,99564.83337276171,7.794257986371257e-5
0.01744,99564.5844713373,7.794016751801726e-5
0.01745,99564.33557053532,7.793770994240496e-5
0.01746,99564.0866703558,7.793519627089832e-5
0.01747,99563.83777079872,7.793262261821144e-5
0.01748,99563.5888718641,7.792999207974989e-5
0.01749,99563.33997355193,7.792731473161077e-5
0.0175,99563.09107586219,7.792460763058259e-5
0.01751,99562.8421787949,7.79218948141454e-5
0.01752,99562.59328235006,7.791920730047068e-5
0.01753,99562.34438652766,7.791658308842142e-5
0.01754,99562.0954913277,7.79140662278474e-5
0.01755,99561.84659675015,7.791163470176727e-5
0.01756,99561.59770279506,7.79092313620071e-5
0.01757,99561.3488094624,7.790682461543703e-5
0.01758,99561.09991675218,7.790438984847199e-5
0.01759,99560.85102466437,7.790190942707172e-5
0.0176,99560.602133199,7.789937269674077e-5
0.01761,99560.35324235607,7.789677598252852e-5
0.01762,99560.10435213556,7.789412258902912e-5
0.01763,99559.85546253747,7.789142280038158e-5
0.01764,99559.6065735618,7.78886938802697e-5
0.01765,99559.35768520855,7.788596007192209e-5
0.01766,99559.10879747773,7.788325259811216e-5
0.01767,99558.85991036933,7.788060966115815e-5
0.01768,99558.61102388334,7.787807509002235e-5
0.01769,99558.36213801976,7.787562365311836e-5
0.0177,99558.11325277861,7.787319936373427e-5
0.01771,99557.86436815986,7.787077083951189e-5
0.01772,99557.61548416351,7.786831367649116e-5
0.01773,99557.3666007896,7.786581044911018e-5
0.01774,99557.11771803808,7.786325071020517e-5
0.01775,99556.86883590896,7.786063099101048e-5
0.01776,99556.61995440225,7.785795480115861e-5
0.01777,99556.37107351793,7.78552326286802e-5
0.01778,99556.12219325603,7.7852481940004e-5
0.01779,99555.87331361652,7.784972717995692e-5
0.0178,99555.62443459942,7.784699977176399e-5
0.01781,99555.37555620472,7.784433811704839e-5
0.01782,99555.1266784324,7.78417857455816e-5
0.01783,99554.87780128248,7.783931435671734e-5
0.01784,99554.62892475494,7.783686910328677e-5
0.01785,99554.38004884981,7.783441880954415e-5
0.01786,99554.13117356705,7.783193927699584e-5
0.01787,99553.88229890668,7.782941328440025e-5
0.01788,99553.6334248687,7.78268305877678e-5
0.01789,99553.38455145311,7.782418792036099e-5
0.0179,99553.1356786599,7.782148899269433e-5
0.01791,99552.88680648907,7.78187444925344e-5
0.01792,99552.63793494062,7.781597208489983e-5
0.01793,99552.38906401455,7.781319641206127e-5
0.01794,99552.14019371086,7.781044909354144e-5
0.01795,99551.89132402954,7.780776872611508e-5
0.01796,99551.64245497058,7.78051984646918e-5
0.01797,99551.393586534,7.780270708496618e-5
0.01798,99551.1447187198,7.78002408549432e-5
0.01799,99550.89585152797,7.779776880134126e-5
0.018,99550.6469849585,7.779526692698293e-5
0.01801,99550.39811901138,7.779271821079511e-5
0.01802,99550.14925368666,7.779011260780891e-5
0.01803,99549.90038898427,7.778744704915975e-5
0.01804,99549.65152490426,7.778472544208729e-5
0.01805,99549.4026614466,7.778195866993541e-5
0.01806,99549.1537986113,7.777916459215231e-5
0.01807,99548.90493639835,7.777636804429043e-5
0.01808,99548.65607480776,7.777360083800648e-5
0.01809,99548.40721383953,7.77709017610614e-5
0.0181,99548.15835349364,7.776831352060312e-5
0.01811,99547.9094937701,7.776580211333407e-5
0.01812,99547.66063466892,7.776331489601702e-5
0.01813,99547.41177619007,7.776082109369933e-5
0.01814,99547.16291833359,7.77582969063803e-5
0.01815,99546.91406109944,7.775572550901123e-5
0.01816,99546.66520448762,7.775309705149539e-5
0.01817,99546.41634849815,7.775040865868807e-5
0.01818,99546.16749313103,7.77476644303965e-5
0.01819,99545.91863838624,7.77448754413799e-5
0.0182,99545.66978426378,7.774205974134951e-5
0.01821,99545.42093076366,7.773924235496851e-5
0.01822,99545.17207788587,7.77364552818521e-5
0.01823,99544.92322563042,7.773373749656739e-5
0.01824,99544.67437399729,7.773113118857937e-5
0.01825,99544.4255229865,7.772859971924694e-5
0.01826,99544.17667259803,7.772609150578791e-5
0.01827,99543.92782283187,7.772357596743331e-5
0.01828,99543.67897368806,7.772102949721017e-5
0.01829,99543.43012516656,7.771843546194157e-5
0.0183,99543.18127726737,7.771578420224663e-5
0.01831,99542.93242999051,7.771307303254043e-5
0.01832,99542.68358333597,7.771030624103413e-5
0.01833,99542.43473730375,7.770749508973485e-5
0.01834,99542.18589189382,7.77046578144458e-5
0.01835,99541.93704710623,7.770181962476616e-5
0.01836,99541.68820294093,7.769901270409113e-5
0.01837,99541.43935939795,7.769627620961197e-5
0.01838,99541.19051647728,7.76936517463569e-5
0.01839,99540.94167417892,7.769110018256901e-5
0.0184,99540.69283250286,7.768857096596691e-5
0.01841,99540.4439914491,7.768603370579868e-5
0.01842,99540.19515101764,7.768346498395127e-5
0.01843,99539.94631120848,7.768084835495047e-5
0.01844,99539.69747202162,7.767817434596087e-5
0.01845,99539.44863345707,7.767544045678593e-5
0.01846,99539.1997955148,7.767265115986793e-5
0.01847,99538.95095819482,7.766981790028799e-5
0.01848,99538.70212149715,7.766695909576606e-5
0.01849,99538.45328542175,7.766410013666093e-5
0.0185,99538.20444996866,7.766127338597022e-5
0.01851,99537.95561513785,7.765851817933038e-5
0.01852,99537.70678092932,7.765587547393448e-5
0.01853,99537.45794734308,7.765330378533167e-5
0.01854,99537.20911437913,7.76507535603354e-5
0.01855,99536.96028203746,7.764819459403274e-5
0.01856,99536.71145031805,7.764560365299226e-5
0.01857,99536.46261922094,7.7642964475264e-5
0.01858,99536.2137887461,7.764026777037954e-5
0.01859,99535.96495889353,7.763751121935193e-5
0.0186,99535.71612966324,7.763469947467571e-5
0.01861,99535.46730105522,7.763184416032698e-5
0.01862,99535.21847306947,7.762896387176328e-5
0.01863,99534.96964570599,7.762608417592366e-5
0.01864,99534.72081896478,7.762323761122868e-5
0.01865,99534.47199284584,7.76204636875804e-5
0.01866,99534.22316734915,7.761780265437532e-5
0.01867,99533.97434247473,7.761521081262026e-5
0.01868,99533.72551822258,7.761263957570097e-5
0.01869,99533.47669459268,7.761005892035656e-5
0.0187,99533.22787158504,7.76074457936506e-5
0.01871,99532.97904919965,7.760478411297126e-5
0.01872,99532.73022743652,7.760206476603121e-5
0.01873,99532.48140629566,7.759928561086767e-5
0.01874,99532.23258577703,7.75964514758424e-5
0.01875,99531.98376588066,7.75935741596417e-5
0.01876,99531.73494660654,7.759067243127643e-5
0.01877,99531.48612795466,7.758777203008195e-5
0.01878,99531.23730992503,7.758490566571818e-5
0.01879,99530.98849251764,7.758211301816959e-5
0.0188,99530.7396757325,7.757943357269142e-5
0.01881,99530.4908595696,7.757682155135112e-5
0.01882,99530.24204402894,7.757422930059739e-5
0.01883,99529.99322911052,7.75716269746334e-5
0.01884,99529.74441481433,7.75689916968298e-5
0.01885,99529.49560114037,7.756630755972465e-5
0.01886,99529.24678808865,7.756356562502352e-5
0.01887,99528.99797565916,7.75607639235994e-5
0.01888,99528.7491638519,7.755790745549272e-5
0.01889,99528.50035266687,7.755500818991142e-5
0.0189,99528.25154210407,7.755208506523084e-5
0.01891,99528.0027321635,7.754916398899381e-5
0.01892,99527.75392284514,7.75462778379106e-5
0.01893,99527.50511414901,7.754346645785892e-5
0.01894,99527.2563060751,7.754076851723163e-5
0.01895,99527.00749862341,7.7538136291763e-5
0.01896,99526.75869179393,7.753552302682227e-5
0.01897,99526.50988558668,7.753289904990129e-5
0.01898,99526.26108000164,7.753024165649937e-5
0.01899,99526.01227503881,7.752753511012341e-5
0.019,99525.76347069819,7.752477064228782e-5
0.01901,99525.51466697978,7.752194645251447e-5
0.01902,99525.26586388359,7.751906770833281e-5
0.01903,99525.01706140958,7.751614654527981e-5
0.01904,99524.76825955781,7.751320206689994e-5
0.01905,99524.51945832821,7.75102603447452e-5
0.01906,99524.27065772083,7.750735441837509e-5
0.01907,99524.02185773566,7.750452429535668e-5
0.01908,99523.77305837267,7.750180777827614e-5
0.01909,99523.52425963189,7.749915532598021e-5
0.0191,99523.2754615133,7.74965210480754e-5
0.01911,99523.0266640169,7.749387544115704e-5
0.01912,99522.77786714271,7.749119596866597e-5
0.01913,99522.5290708907,7.748846706088854e-5
0.01914,99522.28027526087,7.748568011495658e-5
0.01915,99522.03148025324,7.748283349484739e-5
0.01916,99521.7826858678,7.74799325313838e-5
0.01917,99521.53389210453,7.74769895222341e-5
0.01918,99521.28509896346,7.74740237319121e-5
0.01919,99521.03630644457,7.747106139177708e-5
0.0192,99520.78751454785,7.746813570003381e-5
0.01921,99520.53872327332,7.746528682173255e-5
0.01922,99520.28993262096,7.746255164858387e-5
0.01923,99520.04114259077,7.745987894853268e-5
0.01924,99519.79235318277,7.745722366038111e-5
0.01925,99519.54356439692,7.74545564456424e-5
0.01926,99519.29477623326,7.745185493151062e-5
0.01927,99519.04598869177,7.744910371086051e-5
0.01928,99518.79720177244,7.744629434224755e-5
0.01929,99518.54841547528,7.744342534990795e-5
0.0193,99518.29962980028,7.744050222375868e-5
0.01931,99518.05084474746,7.743753741939739e-5
0.01932,99517.80206031678,7.743455035810252e-5
0.01933,99517.55327650828,7.743156742683319e-5
0.01934,99517.30449332192,7.742862197822929e-5
0.01935,99517.05571075772,7.742575433061139e-5
0.01936,99516.80692881568,7.742300042365351e-5
0.01937,99516.5581474958,7.742030745668418e-5
0.01938,99516.30936679807,7.741763116250373e-5
0.01939,99516.0605867225,7.74149423633483e-5
0.0194,99515.81180726906,7.741221884596797e-5
0.01941,99515.56302843777,7.74094453616267e-5
0.01942,99515.31425022864,7.740661362610235e-5
0.01943,99515.06547264164,7.74037223196867e-5
0.01944,99514.81669567678,7.740077708718541e-5
0.01945,99514.56791933408,7.739779053791805e-5
0.01946,99514.31914361351,7.73947822457181e-5
0.01947,99514.07036851508,7.739177874893292e-5
0.01948,99513.82159403877,7.738881355042382e-5
0.01949,99513.57282018462,7.738592711756592e-5
0.0195,99513.3240469526,7.738315440089553e-5
0.01951,99513.0752743427,7.738044114954926e-5
0.01952,99512.82650235495,7.73777438550418e-5
0.01953,99512.57773098932,7.737503349611568e-5
0.01954,99512.32896024581,7.737228801486107e-5
0.01955,99512.08019012443,7.736949231671571e-5
0.01956,99511.83142062517,7.736663827046505e-5
0.01957,99511.58265174803,7.736372470824212e-5
0.01958,99511.33388349302,7.736075742552759e-5
0.01959,99511.08511586013,7.735774918114977e-5
0.0196,99510.83634884936,7.735471969728463e-5
0.01961,99510.5875824607,7.735169565945571e-5
0.01962,99510.33881669416,7.734871071653423e-5
0.01963,99510.09005154973,7.734580548073903e-5
0.01964,99509.84128702742,7.734301388044198e-5
0.01965,99509.59252312721,7.734028032888051e-5
0.01966,99509.34375984911,7.733756204111276e-5
0.01967,99509.09499719313,7.733483014817122e-5
0.01968,99508.84623515923,7.733206274326956e-5
0.01969,99508.59747374746,7.732924488180264e-5
0.0197,99508.34871295778,7.732636858134649e-5
0.01971,99508.0999527902,7.73234328216583e-5
0.01972,99507.85119324473,7.732044354467653e-5
0.01973,99507.60243432135,7.731741365452073e-5
0.01974,99507.35367602007,7.731436301749165e-5
0.01975,99507.10491834088,7.731131846207127e-5
0.01976,99506.85616128378,7.730831377892271e-5
0.01977,99506.60740484878,7.730538972089028e-5
0.01978,99506.35864903586,7.730257916519584e-5
0.01979,99506.10989384503,7.729982529914736e-5
0.0198,99505.8611392763,7.729708602647649e-5
0.01981,99505.61238532964,7.729433262630024e-5
0.01982,99505.36363200509,7.729154333874779e-5
0.01983,99505.1148793026,7.72887033649603e-5
0.01984,99504.8661272222,7.728580486709111e-5
0.01985,99504.61737576386,7.728284696830556e-5
0.01986,99504.36862492762,7.727983575278107e-5
0.01987,99504.11987471345,7.727678426570717e-5
0.01988,99503.87112512135,7.727371251328545e-5
0.01989,99503.62237615132,7.727064746272959e-5
0.0199,99503.37362780338,7.72676230422653e-5
0.01991,99503.12488007749,7.726468014113044e-5
0.01992,99502.87613297367,7.726185056047826e-5
0.01993,99502.62738649193,7.725907636724002e-5
0.01994,99502.37864063225,7.725631611935372e-5
0.01995,99502.12989539464,7.725354123980718e-5
0.01996,99501.88115077908,7.725073011142906e-5
0.01997,99501.63240678559,7.724786807688884e-5
0.01998,99501.38366341415,7.724494743869683e-5
0.01999,99501.13492066477,7.724196745920415e-5
0.02,99500.88617853745,7.723893436060275e-5
0.02001,99500.63743703219,7.723586132492539e-5
0.02002,99500.38869614896,7.723276849404567e-5
0.02003,99500.1399558878,7.722968296967799e-5
0.02004,99499.8912162487,7.72266388133776e-5
0.02005,99499.64247723162,7.722367704654054e-5
0.02006,99499.3937388366,7.72208283735222e-5
0.02007,99499.14500106363,7.721803384190702e-5
0.02008,99498.8962639127,7.721525262981259e-5
0.02009,99498.64752738382,7.721245629986361e-5
0.0201,99498.39879147697,7.720962337335467e-5
0.02011,99498.15005619216,7.720673933025024e-5
0.02012,99497.90132152938,7.720379660918466e-5
0.02013,99497.65258748864,7.720079460746216e-5
0.02014,99497.40385406995,7.71977396810568e-5
0.02015,99497.15512127327,7.719464514461257e-5
0.02016,99496.90638909864,7.71915312714433e-5
0.02017,99496.65765754603,7.71884252935327e-5
0.02018,99496.40892661545,7.718536140153434e-5
0.02019,99496.1601963069,7.71823807447717e-5
0.0202,99495.91146662037,7.717951291421997e-5
0.02021,99495.66273755586,7.717669803444587e-5
0.02022,99495.41400911337,7.717389587031633e-5
0.02023,99495.16528129291,7.717107811986775e-5
0.02024,99494.91655409447,7.716822343863373e-5
0.02025,99494.66782751805,7.716531743964504e-5
0.02026,99494.41910156363,7.716235269342961e-5
0.02027,99494.17037623122,7.715932872801255e-5
0.02028,99493.92165152084,7.715625202891616e-5
0.02029,99493.67292743248,7.715313603915986e-5
0.0203,99493.4242039661,7.715000115926029e-5
0.02031,99493.17548112174,7.714687474723126e-5
0.02032,99492.9267588994,7.714379111858372e-5
0.02033,99492.67803729905,7.714079154632582e-5
0.02034,99492.4293163207,7.713790449549036e-5
0.02035,99492.18059596435,7.713506925922359e-5
0.02036,99491.93187623001,7.71322461564506e-5
0.02037,99491.68315711767,7.712940701638739e-5
0.02038,99491.43443862733,7.712653062457285e-5
0.02039,99491.18572075898,7.712360272286883e-5
0.0204,99490.93700351262,7.712061600946007e-5
0.02041,99490.68828688825,7.711757013885426e-5
0.02042,99490.43957088586,7.7114471721882e-5
0.02043,99490.19085550548,7.711133432569681e-5
0.02044,99489.94214074708,7.710817847377515e-5
0.02045,99489.69342661067,7.710503164591643e-5
0.02046,99489.44471309624,7.710192827824292e-5
0.02047,99489.1960002038,7.709890976319987e-5
0.02048,99488.94728793333,7.70960034315396e-5
0.02049,99488.69857628485,7.709314783177909e-5
0.0205,99488.44986525834,7.709030380490934e-5
0.02051,99488.20115485381,7.708744330708248e-5
0.02052,99487.95244507125,7.708454524959895e-5
0.02053,99487.70373591068,7.70815954989075e-5
0.02054,99487.45502737207,7.707858687660524e-5
0.02055,99487.20631945542,7.707551915943756e-5
0.02056,99486.95761216075,7.707239907929821e-5
0.02057,99486.70890548805,7.706924032322924e-5
0.02058,99486.46019943731,7.706606353342105e-5
0.02059,99486.21149400854,7.706289630721234e-5
0.0206,99485.96278920173,7.705977319709014e-5
0.02061,99485.71408501688,7.705673571068983e-5
0.02062,99485.46538145399,7.705381004011164e-5
0.02063,99485.21667851307,7.705093407115758e-5
0.02064,99484.9679761941,7.704806913579739e-5
0.02065,99484.71927449707,7.704518731288758e-5
0.02066,99484.470573422,7.704226763525532e-5
0.02067,99484.22187296889,7.703929608969851e-5
0.02068,99483.97317313773,7.703626561698568e-5
0.02069,99483.72447392851,7.703317611185606e-5
0.0207,99483.47577534124,7.703003442301954e-5
0.02071,99483.22707737591,7.702685435315673e-5
0.02072,99482.97838003254,7.70236566589189e-5
0.02073,99482.7296833111,7.702046905092796e-5
0.02074,99482.4809872116,7.701732619377656e-5
0.02075,99482.23229173405,7.701426970602801e-5
0.02076,99481.98359687842,7.701132464079601e-5
0.02077,99481.73490264475,7.700842829822789e-5
0.02078,99481.486209033,7.700554247107774e-5
0.02079,99481.23751604318,7.700263935666529e-5
0.0208,99480.98882367529,7.699969810510102e-5
0.02081,99480.74013192934,7.699670481928615e-5
0.02082,99480.49144080532,7.699365255491273e-5
0.02083,99480.24275030322,7.699054132046353e-5
0.02084,99479.99406042305,7.698737807721208e-5
0.02085,99479.7453711648,7.698417673922271e-5
0.02086,99479.49668252846,7.698095817335049e-5
0.02087,99479.24799451407,7.697775019924126e-5
0.02088,99478.99930712157,7.697458758933163e-5
0.02089,99478.750620351,7.697151206884899e-5
0.0209,99478.50193420234,7.696854755558665e-5
0.02091,99478.25324867561,7.696563083622215e-5
0.02092,99478.00456377078,7.696272413504382e-5
0.02093,99477.75587948787,7.695979976358323e-5
0.02094,99477.50719582687,7.69568369849814e-5
0.02095,99477.25851278777,7.695382201398884e-5
0.02096,99477.00983037057,7.695074801696552e-5
0.02097,99476.76114857529,7.694761511188087e-5
0.02098,99476.51246740192,7.69444303683138e-5
0.02099,99476.26378685044,7.694120780745264e-5
0.021,99476.01510692085,7.693796840209523e-5
0.02101,99475.76642761317,7.693474007664887e-5
0.02102,99475.51774892739,7.693155770713031e-5
0.02103,99475.2690708635,7.692846312116577e-5
0.02104,99475.02039342151,7.692547910884552e-5
0.02105,99474.77171660142,7.692254201069522e-5
0.02106,99474.5230404032,7.691961445427453e-5
0.02107,99474.27436482688,7.691666886106543e-5
0.02108,99474.02568987245,7.691368460297755e-5
0.02109,99473.7770155399,7.691064800234821e-5
0.0211,99473.52834182925,7.690755233194235e-5
0.02111,99473.27966874048,7.690439781495255e-5
0.02112,99473.03099627358,7.690119162499907e-5
0.02113,99472.78232442855,7.689794788612981e-5
0.02114,99472.53365320542,7.689468767282031e-5
0.02115,99472.28498260416,7.689143900997379e-5
0.02116,99472.03631262478,7.68882368729211e-5
0.02117,99471.78764326728,7.688512318742075e-5
0.02118,99471.53897453164,7.688211962735548e-5
0.02119,99471.29030641787,7.687916214957829e-5
0.0212,99471.04163892598,7.687621375768507e-5
0.02121,99470.79297205595,7.687324697883802e-5
0.02122,99470.54430580778,7.687024128944531e-5
0.02123,99470.29564018149,7.68671831151611e-5
0.02124,99470.04697517706,7.686406583088553e-5
0.02125,99469.79831079447,7.686088976076469e-5
0.02126,99469.54964703377,7.68576621781907e-5
0.02127,99469.30098389491,7.685439730580161e-5
0.02128,99469.05232137791,7.685111631548146e-5
0.02129,99468.80365948277,7.684784732836029e-5
0.0213,99468.55499820948,7.684462541481409e-5
0.02131,99468.30633755804,7.684149259446486e-5
0.02132,99468.05767752847,7.683846944027861e-5
0.02133,99467.80901812072,7.683549158311096e-5
0.02134,99467.56035933484,7.683252237642385e-5
0.02135,99467.3117011708,7.682953444878947e-5
0.02136,99467.0630436286,7.682650737684369e-5
0.02137,99466.81438670824,7.682342768528616e-5
0.02138,99466.56573040973,7.68202888468802e-5
0.02139,99466.31707473306,7.681709128245284e-5
0.0214,99466.06841967822,7.681384236089483e-5
0.02141,99465.81976524522,7.681055639916068e-5
0.02142,99465.57111143405,7.680725466226855e-5
0.02143,99465.32245824473,7.680396536330034e-5
0.02144,99465.07380567722,7.680072366340169e-5
0.02145,99464.82515373157,7.679757167178192e-5
0.02146,99464.57650240771,7.67945288794167e-5
0.02147,99464.3278517057,7.679153064411467e-5
0.02148,99464.07920162551,7.678854064414794e-5
0.02149,99463.83055216716,7.678553160523872e-5
0.0215,99463.58190333062,7.678248319998768e-5
0.02151,99463.3332551159,7.677938204787396e-5
0.02152,99463.08460752301,7.677622171525511e-5
0.02153,99462.83596055192,7.677300271536715e-5
0.02154,99462.58731420265,7.676973250832457e-5
0.02155,99462.3386684752,7.676642550112026e-5
0.02156,99462.09002336957,7.67631030476256e-5
0.02157,99461.84137888576,7.675979344859043e-5
0.02158,99461.59273502373,7.6756531951643e-5
0.02159,99461.34409178354,7.675336075129002e-5
0.0216,99461.09544916515,7.675029827898613e-5
0.02161,99460.84680716855,7.674727966784569e-5
0.02162,99460.59816579377,7.674426889700055e-5
0.02163,99460.34952504079,7.674123878505482e-5
0.02164,99460.1008849096,7.673816909630324e-5
0.02165,99459.85224540021,7.673504654073131e-5
0.02166,99459.60360651262,7.673186477401525e-5
0.02167,99459.35496824683,7.672862439752196e-5
0.02168,99459.10633060284,7.672533295830907e-5
0.02169,99458.85769358063,7.672200494912495e-5
0.0217,99458.60905718022,7.67186618084086e-5
0.02171,99458.36042140161,7.671533192028984e-5
0.02172,99458.11178624477,7.671205061458909e-5
0.02173,99457.86315170972,7.67088601668176e-5
0.02174,99457.61451779646,7.67057779749788e-5
0.02175,99457.36588450498,7.67027389912921e-5
0.02176,99457.1172518353,7.669970747285593e-5
0.02177,99456.86861978738,7.669665632686829e-5
0.02178,99456.61998836124,7.669356540503016e-5
0.02179,99456.37135755688,7.669042150354557e-5
0.0218,99456.12272737431,7.668721836312151e-5
0.02181,99455.8740978135,7.668395666896799e-5
0.02182,99455.62546887447,7.668064405079802e-5
0.02183,99455.3768405572,7.667729508282765e-5
0.02184,99455.12821286172,7.667393128377587e-5
0.02185,99454.87958578799,7.667058111686473e-5
0.02186,99454.63095933603,7.666727998981927e-5
0.02187,99454.38233350584,7.666407025486753e-5
0.02188,99454.13370829742,7.666096830603221e-5
0.02189,99453.88508371075,7.665790895396953e-5
0.0219,99453.63645974585,7.665485671195721e-5
0.02191,99453.3878364027,7.66517845715086e-5
0.02192,99453.13921368131,7.664867246745015e-5
0.02193,99452.89059158169,7.66455072779214e-5
0.02194,99452.6419701038,7.664228282437507e-5
0.02195,99452.39334924768,7.663899987157697e-5
0.02196,99452.14472901331,7.663566612760605e-5
0.02197,99451.89610940068,7.663229624385439e-5
0.02198,99451.6474904098,7.662891181502718e-5
0.02199,99451.39887204066,7.662554137914275e-5
0.022,99451.15025429329,7.662222041753255e-5
0.02201,99450.90163716764,7.661899135484113e-5
0.02202,99450.65302066374,7.661586961372051e-5
0.02203,99450.40440478158,7.661278989835354e-5
0.02204,99450.15578952116,7.66097169575294e-5
0.02205,99449.90717488248,7.660662386279955e-5
0.02206,99449.65856086553,7.660349062783554e-5
0.02207,99449.40994747031,7.660030420842885e-5
0.02208,99449.16133469684,7.659705850249096e-5
0.02209,99448.91272254508,7.659375435005336e-5
0.0221,99448.66411101507,7.659039953326748e-5
0.02211,99448.41550010677,7.658700877640479e-5
0.02212,99448.1668898202,7.658360374585669e-5
0.02213,99447.91828015535,7.65802130501346e-5
0.02214,99447.66967111223,7.657687223986991e-5
0.02215,99447.42106269085,7.657362380781404e-5
0.02216,99447.17245489117,7.657048224111064e-5
0.02217,99446.92384771322,7.656738216838618e-5
0.02218,99446.67524115698,7.656428855430183e-5
0.02219,99446.42663522245,7.656117454615036e-5
0.0222,99446.17802990963,7.655802023215073e-5
0.02221,99445.92942521854,7.655481264144799e-5
0.02222,99445.68082114914,7.655154574411333e-5
0.02223,99445.43221770147,7.65482204511441e-5
0.02224,99445.1836148755,7.654484461446374e-5
0.02225,99444.93501267122,7.654143302692185e-5
0.02226,99444.68641108867,7.653800742229418e-5
0.02227,99444.43781012781,7.653459647528256e-5
0.02228,99444.18920978864,7.653123580151501e-5
0.02229,99443.9406100712,7.652796795754565e-5
0.0223,99443.69201097543,7.65248065339093e-5
0.02231,99443.44341250136,7.6521686110562e-5
0.02232,99443.194814649,7.651857184944193e-5
0.02233,99442.94621741833,7.651543696928595e-5
0.02234,99442.69762080934,7.651226162856181e-5
0.02235,99442.44902482205,7.650903292546812e-5
0.02236,99442.20042945645,7.650574489793445e-5
0.02237,99441.95183471254,7.650239852362122e-5
0.02238,99441.70324059032,7.649900171991977e-5
0.02239,99441.45464708978,7.649556934395233e-5
0.0224,99441.20605421091,7.649212319257204e-5
0.02241,99440.95746195373,7.648869200236294e-5
0.02242,99440.70887031824,7.648531144963995e-5
0.02243,99440.4602793044,7.64820241504489e-5
0.02244,99440.21168891227,7.647884284044869e-5
0.02245,99439.9630991418,7.647570207400808e-5
0.02246,99439.71450999299,7.647256719276596e-5
0.02247,99439.46592146587,7.64694114825972e-5
0.02248,99439.21733356042,7.646621516791156e-5
0.02249,99438.96874627663,7.64629654116537e-5
0.0225,99438.72015961452,7.645965631530318e-5
0.02251,99438.47157357406,7.645628891887445e-5
0.02252,99438.22298815528,7.64528712009169e-5
0.02253,99437.97440335815,7.644941807851479e-5
0.02254,99437.72581918268,7.644595140728728e-5
0.02255,99437.47723562887,7.644249998138846e-5
0.02256,99437.22865269674,7.643909953350727e-5
0.02257,99436.98007038624,7.643579273486759e-5
0.02258,99436.7314886974,7.643259151082726e-5
0.02259,99436.48290763023,7.642943040954707e-5
0.0226,99436.23432718469,7.642627493574452e-5
0.02261,99435.98574736081,7.642309843811567e-5
0.02262,99435.73716815858,7.641988120269587e-5
0.02263,99435.48858957799,7.641661045285962e-5
0.02264,99435.24001161905,7.64132803493207e-5
0.02265,99434.99143428176,7.640989199013211e-5
0.02266,99434.7428575661,7.640645341068607e-5
0.02267,99434.4942814721,7.640297958371402e-5
0.02268,99434.24570599973,7.639949241928663e-5
0.02269,99433.99713114898,7.639602076481382e-5
0.0227,99433.74855691989,7.639260040504472e-5
0.02271,99433.49998331242,7.638927406206767e-5
0.02272,99433.2514103266,7.638605289803666e-5
0.02273,99433.0028379624,7.638287147081886e-5
0.02274,99432.75426621982,7.637969543255175e-5
0.02275,99432.50569509888,7.637649819044605e-5
0.02276,99432.25712459956,7.637326008785397e-5
0.02277,99432.00855472188,7.63699684042691e-5
0.02278,99431.75998546582,7.636661735532653e-5
0.02279,99431.51141683137,7.636320809280278e-5
0.0228,99431.26284881854,7.63597487046158e-5
0.02281,99431.01428142734,7.635625421482497e-5
0.02282,99430.76571465775,7.635274658363114e-5
0.02283,99430.51714850978,7.634925470737659e-5
0.02284,99430.26858298344,7.634581441854507e-5
0.02285,99430.02001807869,7.634246848576174e-5
0.02286,99429.77145379555,7.63392273574452e-5
0.02287,99429.52289013403,7.633602561386599e-5
0.02288,99429.27432709411,7.633282903981972e-5
0.02289,99429.02576467581,7.632961109671732e-5
0.0229,99428.77720287911,7.632635218091171e-5
0.02291,99428.528641704,7.63230396236979e-5
0.02292,99428.28008115051,7.631966769131291e-5
0.02293,99428.03152121861,7.631623758493582e-5
0.02294,99427.78296190832,7.631275744068771e-5
0.02295,99427.53440321962,7.630924232963173e-5
0.02296,99427.28584515251,7.63057142577731e-5
0.02297,99427.037287707,7.630220216605897e-5
0.02298,99426.78873088308,7.629874193037867e-5
0.02299,99426.54017468076,7.629537636156346e-5
0.023,99426.29161910003,7.629211524613297e-5
0.02301,99426.04306414087,7.628889319634181e-5
0.02302,99425.79450980332,7.628567611571076e-5
0.02303,99425.54595608734,7.628243751553484e-5
0.02304,99425.29740299295,7.627915784084969e-5
0.02305,99425.04885052014,7.627582447043166e-5
0.02306,99424.8002986689,7.62724317167977e-5
0.02307,99424.55174743925,7.626898082620546e-5
0.02308,99424.30319683117,7.62654799786532e-5
0.02309,99424.05464684467,7.626194428787991e-5
0.0231,99423.80609747974,7.625839580136514e-5
0.02311,99423.5575487364,7.625486350032917e-5
0.02312,99423.30900061461,7.625138329973291e-5
0.02313,99423.06045311439,7.624799804827791e-5
0.02314,99422.81190623574,7.624471692439437e-5
0.02315,99422.56335997867,7.62414745791495e-5
0.02316,99422.31481434315,7.62382370216574e-5
0.02317,99422.0662693292,7.623497780877419e-5
0.02318,99421.8177249368,7.62316774298936e-5
0.02319,99421.56918116598,7.622832330694688e-5
0.0232,99421.3206380167,7.622490979440279e-5
0.02321,99421.07209548898,7.622143817926766e-5
0.02322,99420.82355358283,7.62179166810854e-5
0.02323,99420.57501229821,7.621436045193741e-5
0.02324,99420.32647163517,7.621079157644265e-5
0.02325,99420.07793159367,7.620723907175764e-5
0.02326,99419.8293921737,7.620373888757644e-5
0.02327,99419.5808533753,7.620033390613062e-5
0.02328,99419.33231519845,7.619703275369967e-5
0.02329,99419.08377764313,7.619377012430324e-5
0.0233,99418.83524070936,7.619051212020124e-5
0.02331,99418.58670439712,7.618723233946771e-5
0.02332,99418.33816870644,7.618391131151215e-5
0.02333,99418.08963363728,7.618053649707949e-5
0.02334,99417.84109918967,7.617710228825004e-5
0.02335,99417.5925653636,7.61736100084396e-5
0.02336,99417.34403215905,7.617006791239935e-5
0.02337,99417.09549957603,7.61664911862159e-5
0.02338,99416.84696761453,7.616290194731132e-5
0.02339,99416.59843627458,7.615932924444306e-5
0.0234,99416.34990555616,7.615580905770403e-5
0.02341,99416.10137545924,7.615238429852255e-5
0.02342,99415.85284598387,7.614906309867099e-5
0.02343,99415.60431713001,7.614578019690717e-5
0.02344,99415.35578889768,7.614250177686571e-5
0.02345,99415.10726128686,7.613920147349632e-5
0.02346,99414.85873429757,7.613585985188211e-5
0.02347,99414.61020792979,7.613246440723947e-5
0.02348,99414.36168218352,7.612900956491814e-5
0.02349,99414.11315705876,7.612549668040115e-5
0.0235,99413.86463255552,7.612193403930487e-5
0.02351,99413.61610867378,7.6118336857379e-5
0.02352,99413.36758541357,7.611472728050655e-5
0.02353,99413.11906277486,7.611113438470388e-5
0.02354,99412.87054075765,7.610759417612063e-5
0.02355,99412.62201936194,7.610414959103978e-5
0.02356,99412.37349858774,7.610080832596593e-5
0.02357,99412.12497843504,7.609750516404535e-5
0.02358,99411.87645890385,7.609420635911592e-5
0.02359,99411.62793999414,7.60908855786616e-5
0.0236,99411.37942170593,7.608752341909677e-5
0.02361,99411.13090403922,7.608410740576618e-5
0.02362,99410.882386994,7.6080631992945e-5
0.02363,99410.63387057027,7.60770985638388e-5
0.02364,99410.38535476803,7.607351543058354e-5
0.02365,99410.13683958729,7.60698978342456e-5
0.02366,99409.88832502802,7.606626794482173e-5
0.02367,99409.63981109024,7.606265486123909e-5
0.02368,99409.39129777395,7.605909461135529e-5
0.02369,99409.14278507914,7.605563015195827e-5
0.0237,99408.89427300582,7.605226880484113e-5
0.02371,99408.64576155397,7.60489453953443e-5
0.02372,99408.39725072359,7.604562623688834e-5
0.02373,99408.14874051469,7.604228502516088e-5
0.02374,99407.90023092728,7.603890238357363e-5
0.02375,99407.65172196132,7.60354658632625e-5
0.02376,99407.40321361684,7.603196994308743e-5
0.02377,99407.15470589383,7.602841602963252e-5
0.02378,99406.90619879229,7.602481245720598e-5
0.02379,99406.65769231222,7.602117448784011e-5
0.0238,99406.40918645362,7.601752431129136e-5
0.02381,99406.16068121647,7.60138910450403e-5
0.02382,99405.91217660079,7.601031073429157e-5
0.02383,99405.66367260656,7.600682635197394e-5
0.02384,99405.4151692338,7.600344490686528e-5
0.02385,99405.1666664825,7.600010126273915e-5
0.02386,99404.91816435265,7.599676178244413e-5
0.02387,99404.66966284426,7.59934001855421e-5
0.02388,99404.4211619573,7.59899971181085e-5
0.02389,99404.17266169182,7.59865401527323e-5
0.0239,99403.92416204778,7.598302378851602e-5
0.02391,99403.67566302519,7.597944945107575e-5
0.02392,99403.42716462404,7.597582549254108e-5
0.02393,99403.17866684434,7.597216719155518e-5
0.02394,99402.93016968608,7.596849675327477e-5
0.02395,99402.68167314926,7.596484330937011e-5
0.02396,99402.43317723389,7.5961242918025e-5
0.02397,99402.18468193995,7.595773856393677e-5
0.02398,99401.93618726745,7.595433700562535e-5
0.02399,99401.68769321639,7.595097314019675e-5
0.024,99401.43919978675,7.594761337013171e-5
0.02401,99401.19070697855,7.594423143451834e-5
0.02402,99400.9422147918,7.594080799774576e-5
0.02403,99400.69372322646,7.593733064950418e-5
0.02404,99400.44523228255,7.593379390478488e-5
0.02405,99400.19674196007,7.593019920388013e-5
0.02406,99399.94825225901,7.592655491238329e-5
0.02407,99399.69976317938,7.592287632118877e-5
0.02408,99399.45127472117,7.591918564649202e-5
0.02409,99399.20278688437,7.591551202978955e-5
0.0241,99398.954299669,7.591189153787892e-5
0.02411,99398.70581307504,7.590836716285873e-5
0.02412,99398.4573271025,7.590494547669731e-5
0.02413,99398.20884175137,7.590156140358603e-5
0.02414,99397.96035702167,7.58981813761239e-5
0.02415,99397.71187291337,7.589477914856627e-5
0.02416,99397.46338942647,7.589133539925627e-5
0.02417,99397.21490656098,7.588783773062486e-5
0.02418,99396.9664243169,7.588428066919074e-5
0.02419,99396.71794269423,7.588066566556045e-5
0.0242,99396.46946169295,7.58770010944283e-5
0.02421,99396.22098131308,7.587330225457641e-5
0.02422,99395.97250155461,7.586959136887466e-5
0.02423,99395.72402241753,7.586589758428078e-5
0.02424,99395.47554390186,7.586225697184022e-5
0.02425,99395.22706600757,7.585871252668628e-5
0.02426,99394.9785887347,7.585527069852208e-5
0.02427,99394.7301120832,7.585186643159531e-5
0.02428,99394.4816360531,7.58484661793424e-5
0.02429,99394.23316064438,7.584504370682766e-5
0.0243,99393.98468585705,7.584157970198827e-5
0.02431,99393.73621169111,7.583806177563432e-5
0.02432,99393.48773814655,7.583448446144879e-5
0.02433,99393.23926522338,7.583084921598754e-5
0.02434,99392.99079292158,7.582716441867933e-5
0.02435,99392.74232124118,7.582344537182583e-5
0.02436,99392.49385018215,7.581971430060158e-5
0.02437,99392.24537974449,7.5816000353054e-5
0.02438,99391.9969099282,7.581233960010348e-5
0.02439,99391.7484407333,7.580877503554318e-5
0.0244,99391.49997215976,7.580531305156915e-5
0.02441,99391.25150420758,7.580188860492294e-5
0.02442,99391.00303687679,7.579846816073018e-5
0.02443,99390.75457016737,7.579502549049605e-5
0.02444,99390.5061040793,7.579154128738299e-5
0.02445,99390.2576386126,7.578800316621062e-5
0.02446,99390.00917376726,7.578440566345586e-5
0.02447,99389.76070954328,7.578075023725287e-5
0.02448,99389.51224594067,7.577704526739303e-5
0.02449,99389.2637829594,7.577330605532499e-5
0.0245,99389.0153205995,7.576955482415464e-5
0.02451,99388.76685886095,7.57658207186451e-5
0.02452,99388.51839774376,7.576213980521676e-5
0.02453,99388.26993724791,7.575855507194724e-5
0.02454,99388.02147737343,7.575507291855795e-5
0.02455,99387.7730181203,7.575162830644499e-5
0.02456,99387.52455948849,7.574818770333499e-5
0.02457,99387.27610147804,7.574472488280452e-5
0.02458,99387.02764408893,7.574122053887058e-5
0.02459,99386.77918732117,7.573766228599048e-5
0.0246,99386.53073117475,7.5734044659062e-5
0.02461,99386.28227564966,7.573036911342328e-5
0.02462,99386.03382074591,7.572664402485286e-5
0.02463,99385.7853664635,7.572288468956964e-5
0.02464,99385.53691280243,7.571911332423297e-5
0.02465,99385.28845976268,7.571535906594255e-5
0.02466,99385.04000734427,7.571165797223848e-5
0.02467,99384.7915555472,7.570805302110126e-5
0.02468,99384.54310437145,7.570455068480947e-5
0.02469,99384.29465381702,7.570108592164485e-5
0.0247,99384.04620388392,7.569762519282448e-5
0.02471,99383.79775457215,7.569414226961818e-5
0.02472,99383.5493058817,7.569061784251878e-5
0.02473,99383.30085781256,7.568703952124203e-5
0.02474,99383.05241036475,7.56834018347267e-5
0.02475,99382.80396353826,7.567970623113445e-5
0.02476,99382.55551733308,7.567596107785e-5
0.02477,99382.30707174921,7.567218166148096e-5
0.02478,99382.05862678666,7.566839018785794e-5
0.02479,99381.81018244542,7.566461578203452e-5
0.0248,99381.56173872549,7.566089448828722e-5
0.02481,99381.31329562687,7.565726927011556e-5
0.02482,99381.06485314954,7.565374673736219e-5
0.02483,99380.81641129353,7.565026183768414e-5
0.02484,99380.56797005882,7.564678101654549e-5
0.02485,99380.31952944542,7.564327803851221e-5
0.02486,99380.07108945331,7.563973358615768e-5
0.02487,99379.82265008251,7.563613526006269e-5
0.02488,99379.574211333,7.563247757881545e-5
0.02489,99379.3257732048,7.562876197901159e-5
0.0249,99379.07733569788,7.562499681525414e-5
0.02491,99378.82889881225,7.562119736015357e-5
0.02492,99378.58046254792,7.561738580432774e-5
0.02493,99378.33202690487,7.561359125640196e-5
0.02494,99378.08359188311,7.560984974300894e-5
0.02495,99377.83515748265,7.56062042087888e-5
0.02496,99377.58672370345,7.560266146579987e-5
0.02497,99377.33829054555,7.55991564441113e-5
0.02498,99377.08985800894,7.559565556402639e-5
0.02499,99376.8414260936,7.559213257902869e-5
0.025,99376.59299479953,7.558856815939184e-5
0.02501,99376.34456412676,7.558494989217944e-5
0.02502,99376.09613407524,7.558127228124511e-5
0.02503,99375.84770464501,7.557753674723249e-5
0.02504,99375.59927583605,7.55737516275752e-5
0.02505,99375.35084764837,7.556993217649692e-5
0.02506,99375.10242008195,7.556610056501125e-5
0.02507,99374.8539931368,7.556228588092189e-5
0.02508,99374.60556681291,7.555852412882248e-5
0.02509,99374.35714111029,7.555485823009672e-5
0.0251,99374.10871602893,7.555129526287301e-5
0.02511,99373.86029156884,7.55477701336795e-5
0.02512,99373.61186773,7.554424922802325e-5
0.02513,99373.36344451242,7.554070628393983e-5
0.02514,99373.1150219161,7.553712195503256e-5
0.02515,99372.86659994104,7.553348381047256e-5
0.02516,99372.61817858723,7.552978633499869e-5
0.02517,99372.36975785467,7.552603092891765e-5
0.02518,99372.12133774336,7.55222259081039e-5
0.02519,99371.87291825331,7.551838650399963e-5
0.0252,99371.6244993845,7.551453486361489e-5
0.02521,99371.37608113693,7.551070004952745e-5
0.02522,99371.12766351062,7.550691803988287e-5
0.02523,99370.87924650554,7.550323172839453e-5
0.02524,99370.6308301217,7.549964852247908e-5
0.02525,99370.3824143591,7.549610330029105e-5
0.02526,99370.13399921775,7.549256240252829e-5
0.02527,99369.88558469764,7.548899954739392e-5
0.02528,99369.63717079874,7.548539536743423e-5
0.02529,99369.3887575211,7.548173740953878e-5
0.0253,99369.14034486467,7.547802013494032e-5
0.02531,99368.89193282949,7.547424491921481e-5
0.02532,99368.64352141554,7.54704200522814e-5
0.02533,99368.3951106228,7.54665607384025e-5
0.02534,99368.1467004513,7.546268909618367e-5
0.02535,99367.89829090102,7.545883415857374e-5
0.02536,99367.64988197196,7.545503187286471e-5
0.02537,99367.40147366413,7.54513251006918e-5
0.02538,99367.1530659775,7.544772164106098e-5
0.02539,99366.9046589121,7.544415634033676e-5
0.0254,99366.65625246792,7.544059548395424e-5
0.02541,99366.40784664496,7.543701276588982e-5
0.02542,99366.1594414432,7.543338879323709e-5
0.02543,99365.91103686266,7.542971108620694e-5
0.02544,99365.66263290333,7.542597407812747e-5
0.02545,99365.41422956521,7.542217911544409e-5
0.02546,99365.1658268483,7.541833445771936e-5
0.02547,99364.9174247526,7.541445527763319e-5
0.02548,99364.66902327808,7.541056366098269e-5
0.02549,99364.42062242478,7.54066886066822e-5
0.0255,99364.17222219268,7.540286602676336e-5
0.02551,99363.92382258178,7.539913874637503e-5
0.02552,99363.67542359207,7.539551501731649e-5
0.02553,99363.42702522357,7.539192965245133e-5
0.02554,99363.17862747626,7.538834887096786e-5
0.02555,99362.93023035013,7.538474633820234e-5
0.02556,99362.68183384521,7.538110263138329e-5
0.02557,99362.43343796147,7.537740523963159e-5
0.02558,99362.18504269893,7.537364856396033e-5
0.02559,99361.93664805757,7.536983391727496e-5
0.0256,99361.68825403739,7.536596952437317e-5
0.02561,99361.4398606384,7.536207052194499e-5
0.02562,99361.1914678606,7.535815895857268e-5
0.02563,99360.94307570397,7.535426379473085e-5
0.02564,99360.69468416851,7.535042090278638e-5
0.02565,99360.44629325425,7.534667306699844e-5
0.02566,99360.19790296115,7.534302905191255e-5
0.02567,99359.94951328923,7.533942363708062e-5
0.02568,99359.70112423849,7.533582296387383e-5
0.02569,99359.45273580891,7.533220066458308e-5
0.0257,99359.20434800051,7.532853728216567e-5
0.02571,99358.95596081327,7.532482027024532e-5
0.02572,99358.70757424721,7.532104399311218e-5
0.02573,99358.4591883023,7.53172097257228e-5
0.02574,99358.21080297856,7.531332565370015e-5
0.02575,99357.96241827599,7.530940687333362e-5
0.02576,99357.71403419456,7.5305475391579e-5
0.02577,99357.46565073432,7.530156012605855e-5
0.02578,99357.2172678952,7.529769690506085e-5
0.02579,99356.96888567727,7.5293928467541e-5
0.0258,99356.72050408048,7.529026414896794e-5
0.02581,99356.47212310485,7.528663869814271e-5
0.02582,99356.22374275036,7.528301816643292e-5
0.02583,99355.97536301703,7.5279376148691e-5
0.02584,99355.72698390484,7.527569314920612e-5
0.02585,99355.47860541381,7.52719565817043e-5
0.02586,99355.23022754391,7.526816076934824e-5
0.02587,99354.98185029515,7.526430694473744e-5
0.02588,99354.73347366755,7.526040324990815e-5
0.02589,99354.48509766108,7.52564647363334e-5
0.0259,99354.23672227576,7.525251336492298e-5
0.02591,99353.98834751156,7.524857800602341e-5
0.02592,99353.7399733685,7.524469443941801e-5
0.02593,99353.49159984659,7.524090535432687e-5
0.02594,99353.2432269458,7.523722071372093e-5
0.02595,99352.99485466613,7.523357524070513e-5
0.02596,99352.7464830076,7.522993488368348e-5
0.02597,99352.49811197021,7.522627319564795e-5
0.02598,99352.24974155394,7.522257063779795e-5
0.02599,99352.00137175879,7.521881457954035e-5
0.026,99351.75300258477,7.52149992984894e-5
0.02601,99351.50463403187,7.521112598046684e-5
0.02602,99351.25626610008,7.520720271950186e-5
0.02603,99351.00789878942,7.520324451783102e-5
0.02604,99350.75953209987,7.51992732858984e-5
0.02605,99350.51116603144,7.519531784235542e-5
0.02606,99350.26280058413,7.519141391406104e-5
0.02607,99350.01443575793,7.518760413608161e-5
0.02608,99349.76607155282,7.518389915365203e-5
0.02609,99349.51770796884,7.518023367193382e-5
0.0261,99349.26934500596,7.517657352259389e-5
0.02611,99349.0209826642,7.517289221234051e-5
0.02612,99348.77262094354,7.516917015485998e-5
0.02613,99348.52425984398,7.516539467081662e-5
0.02614,99348.27589936552,7.516155998785278e-5
0.02615,99348.02753950816,7.515766724058887e-5
0.02616,99347.7791802719,7.515372447062331e-5
0.02617,99347.53082165674,7.514974662653254e-5
0.02618,99347.28246366268,7.514575556387106e-5
0.02619,99347.03410628969,7.514178004517139e-5
0.0262,99346.78574953781,7.51378557399441e-5
0.02621,99346.53739340702,7.513402522467775e-5
0.02622,99346.28903789732,7.513029987937735e-5
0.02623,99346.04068300872,7.512661440209993e-5
0.02624,99345.7923287412,7.512293449317085e-5
0.02625,99345.54397509476,7.511923360860259e-5
0.02626,99345.29562206939,7.511549211015359e-5
0.02627,99345.04726966511,7.51116972653282e-5
0.02628,99344.79891788191,7.510784324737671e-5
0.02629,99344.5505667198,7.510393113529532e-5
0.0263,99344.30221617875,7.509996891382619e-5
0.02631,99344.0538662588,7.509597147345738e-5
0.02632,99343.8055169599,7.509196061042287e-5
0.02633,99343.55716828207,7.508796502670263e-5
0.02634,99343.30882022533,7.508402033002246e-5
0.02635,99343.06047278964,7.508016903385418e-5
0.02636,99342.81212597503,7.507642330321427e-5
0.02637,99342.56377978149,7.507271784316826e-5
0.02638,99342.31543420901,7.506901820715954e-5
0.02639,99342.06708925759,7.506529779608379e-5
0.0264,99341.81874492724,7.50615369153486e-5
0.02641,99341.57040121793,7.505772277487356e-5
0.02642,99341.32205812969,7.505384948909014e-5
0.02643,99341.07371566251,7.504991807694181e-5
0.02644,99340.82537381638,7.504593646188395e-5
0.02645,99340.5770325913,7.50419194718839e-5
0.02646,99340.32869198728,7.503788883942094e-5
0.02647,99340.08035200431,7.50338732014863e-5
0.02648,99339.8320126424,7.502990809958312e-5
0.02649,99339.5836739015,7.502603597972656e-5
0.0265,99339.33533578168,7.5022269839736e-5
0.02651,99339.0869982829,7.501854440928464e-5
0.02652,99338.83866140516,7.501482507840963e-5
0.02653,99338.59032514846,7.501108518846825e-5
0.02654,99338.34198951279,7.500730498409334e-5
0.02655,99338.09365449817,7.500347161319321e-5
0.02656,99337.84532010458,7.499957912695175e-5
0.02657,99337.59698633202,7.499562847982836e-5
0.02658,99337.34865318051,7.499162752955794e-5
0.02659,99337.10032065002,7.498759103715099e-5
0.0266,99336.85198874056,7.498354066689348e-5
0.02661,99336.60365745213,7.497950498634694e-5
0.02662,99336.35532678473,7.497551946634843e-5
0.02663,99336.10699673835,7.497162648101051e-5
0.02664,99335.858667313,7.496783990605938e-5
0.02665,99335.61033850868,7.496409451714113e-5
0.02666,99335.36201032538,7.496035552332974e-5
0.02667,99335.11368276308,7.495659620201367e-5
0.02668,99334.8653558218,7.495279673261869e-5
0.02669,99334.61702950156,7.494894419660805e-5
0.0267,99334.36870380232,7.494503257748239e-5
0.02671,99334.1203787241,7.494106276077975e-5
0.02672,99333.87205426687,7.493704253407562e-5
0.02673,99333.62373043067,7.493298658698287e-5
0.02674,99333.37540721547,7.492891651115177e-5
0.02675,99333.12708462129,7.492486080027004e-5
0.02676,99332.8787626481,7.49208548500628e-5
0.02677,99332.63044129593,7.491694095829258e-5
0.02678,99332.38212056475,7.491313392099646e-5
0.02679,99332.13380045458,7.490936858507687e-5
0.0268,99331.8854809654,7.490560995996927e-5
0.02681,99331.63716209722,7.490183125464333e-5
0.02682,99331.38884385003,7.489801257886885e-5
0.02683,99331.14052622384,7.489414094321574e-5
0.02684,99330.89220921865,7.4890210259054e-5
0.02685,99330.64389283444,7.488622133855381e-5
0.02686,99330.39557707123,7.488218189468537e-5
0.02687,99330.147261929,7.487810654121905e-5
0.02688,99329.89894740777,7.487401679272536e-5
0.02689,99329.65063350751,7.486994106457486e-5
0.0269,99329.40232022824,7.486591467293828e-5
0.02691,99329.15400756996,7.486197983478644e-5
0.02692,99328.90569553265,7.48581523059094e-5
0.02693,99328.65738411632,7.485436703388652e-5
0.02694,99328.40907332097,7.485058880871308e-5
0.02695,99328.16076314659,7.484679076649014e-5
0.02696,99327.91245359319,7.48429529428817e-5
0.02697,99327.66414466077,7.483906227311473e-5
0.02698,99327.4158363493,7.483511259197918e-5
0.02699,99327.16752865883,7.483110463382796e-5
0.027,99326.91922158931,7.48270460325769e-5
0.02701,99326.67091514076,7.482295132170484e-5
0.02702,99326.42260931317,7.481884193425354e-5
0.02703,99326.17430410655,7.481474620282778e-5
0.02704,99325.92599952088,7.48106993595952e-5
0.02705,99325.67769555618,7.480674353628651e-5
0.02706,99325.42939221245,7.480289548469218e-5
0.02707,99325.18108948966,7.479909028686541e-5
0.02708,99324.93278738784,7.479529249241395e-5
0.02709,99324.68448590695,7.479147516012115e-5
0.0271,99324.43618504705,7.47876182470955e-5
0.02711,99324.18788480807,7.478370860877056e-5
0.02712,99323.93958519005,7.477973999890492e-5
0.02713,99323.69128619297,7.47757130695823e-5
0.02714,99323.44298781684,7.477163537121149e-5
0.02715,99323.19469006166,7.476752135252632e-5
0.02716,99322.94639292742,7.476339236058573e-5
0.02717,99322.69809641413,7.475927664077375e-5
0.02718,99322.44980052178,7.475520933679945e-5
0.02719,99322.20150525036,7.4751232490697e-5
0.0272,99321.95321059987,7.474736388322373e-5
0.02721,99321.70491657032,7.474353876923022e-5
0.02722,99321.45662316172,7.473972143580024e-5
0.02723,99321.20833037404,7.47358848599511e-5
0.02724,99320.9600382073,7.473200891578588e-5
0.02725,99320.71174666147,7.472808037449336e-5
0.02726,99320.46345573658,7.472409290434806e-5
0.02727,99320.21516543262,7.472004707071021e-5
0.02728,99319.96687574958,7.471595033602575e-5
0.02729,99319.71858668746,7.471181705982638e-5
0.0273,99319.47029824626,7.470766849872949e-5
0.02731,99319.22201042599,7.47035328064382e-5
0.02732,99318.97372322663,7.469944503374134e-5
0.02733,99318.7254366482,7.46954471285135e-5
0.02734,99318.47715069068,7.469155792994413e-5
0.02735,99318.22886535407,7.468771290872848e-5
0.02736,99317.98058063837,7.468387606609795e-5
0.02737,99317.73229654359,7.468002029285715e-5
0.02738,99317.48401306971,7.467612537565464e-5
0.02739,99317.23573021674,7.467217799698285e-5
0.0274,99316.98744798468,7.466817173517817e-5
0.02741,99316.73916637352,7.466410706442093e-5
0.02742,99316.49088538326,7.465999135473535e-5
0.02743,99316.2426050139,7.465583887198961e-5
0.02744,99315.99432526545,7.465167077789577e-5
0.02745,99315.7460461379,7.464751513000983e-5
0.02746,99315.49776763123,7.464340688173177e-5
0.02747,99315.24948974547,7.463938788230542e-5
0.02748,99315.0012124806,7.463547805524992e-5
0.02749,99314.75293583662,7.463161313500061e-5
0.0275,99314.50465981352,7.462775681238281e-5
0.02751,99314.25638441133,7.462388188754214e-5
0.02752,99314.00810963001,7.461996805522318e-5
0.02753,99313.7598354696,7.461600190476964e-5
0.02754,99313.51156193005,7.461197692012419e-5
0.02755,99313.26328901139,7.460789347982857e-5
0.02756,99313.01501671362,7.460375885702354e-5
0.02757,99312.76674503672,7.459958721944891e-5
0.02758,99312.5184739807,7.459539962944351e-5
0.02759,99312.27020354556,7.45912240439452e-5
0.0276,99312.02193373129,7.458709531449089e-5
0.02761,99311.77366453789,7.45830551872165e-5
0.02762,99311.52539596536,7.457912469210597e-5
0.02763,99311.27712801371,7.457523988025476e-5
0.02764,99311.02886068293,7.457136410630748e-5
0.02765,99310.78059397302,7.456747007529642e-5
0.02766,99310.53232788396,7.456353738560552e-5
0.02767,99310.28406241578,7.455955252897036e-5
0.02768,99310.03579756846,7.45555088904782e-5
0.02769,99309.787533342,7.45514067485679e-5
0.0277,99309.53926973639,7.454725327503001e-5
0.02771,99309.29100675165,7.45430625350067e-5
0.02772,99309.04274438776,7.453885548699179e-5
0.02773,99308.79448264472,7.453465998283076e-5
0.02774,99308.54622152254,7.453051076772073e-5
0.02775,99308.29796102122,7.452644948021045e-5
0.02776,99308.04970114074,7.452249827513701e-5
0.02777,99307.80144188112,7.451859357827667e-5
0.02778,99307.55318324233,7.451469838105378e-5
0.02779,99307.3049252244,7.451078528892192e-5
0.0278,99307.0566678273,7.450683379943765e-5
0.02781,99306.80841105105,7.450283030226054e-5
0.02782,99306.56015489565,7.449876807915318e-5
0.02783,99306.31189936107,7.449464730398116e-5
0.02784,99306.06364444735,7.449047504271307e-5
0.02785,99305.81539015444,7.448626525342048e-5
0.02786,99305.5671364824,7.448203878627806e-5
0.02787,99305.31888343116,7.447782338356337e-5
0.02788,99305.07063100077,7.447365367965705e-5
0.02789,99304.8223791912,7.446957120104272e-5
0.0279,99304.57412800245,7.446559924180334e-5
0.02791,99304.32587743454,7.446167466566672e-5
0.02792,99304.07762748745,7.445776007258451e-5
0.02793,99303.8293781612,7.44538279639573e-5
0.02794,99303.58112945576,7.444985773203945e-5
0.02795,99303.33288137114,7.444583565993918e-5
0.02796,99303.08463390733,7.444175492161845e-5
0.02797,99302.83638706435,7.443761558189304e-5
0.02798,99302.58814084218,7.443342459643257e-5
0.02799,99302.33989524083,7.442919581176039e-5
0.028,99302.09165026029,7.442494996525371e-5
0.02801,99301.84340590057,7.442071468514351e-5
0.02802,99301.59516216166,7.441652449051459e-5
0.02803,99301.34691904354,7.441242079130555e-5
0.02804,99301.09867654624,7.44084280312569e-5
0.02805,99300.85043466974,7.440448358063069e-5
0.02806,99300.60219341404,7.440054961841315e-5
0.02807,99300.35395277916,7.439659853746675e-5
0.02808,99300.10571276507,7.439260962025914e-5
0.02809,99299.85747337177,7.438856903886313e-5
0.0281,99299.60923459928,7.438446985495672e-5
0.02811,99299.36099644758,7.438031201982311e-5
0.02812,99299.11275891667,7.437610237435065e-5
0.02813,99298.86452200657,7.437185464903292e-5
0.02814,99298.61628571725,7.436758946396867e-5
0.02815,99298.36805004871,7.43633343288618e-5
0.02816,99298.11981500097,7.435912364302144e-5
0.02817,99297.87158057402,7.435499869536186e-5
0.02818,99297.62334676784,7.435098508547293e-5
0.02819,99297.37511358246,7.434702076411962e-5
0.0282,99297.12688101786,7.43430674586821e-5
0.02821,99296.87864907403,7.433909744900916e-5
0.02822,99296.63041775099,7.433508990330451e-5
0.02823,99296.38218704872,7.433103087812687e-5
0.02824,99296.13395696721,7.432691331838982e-5
0.02825,99295.8857275065,7.432273705736196e-5
0.02826,99295.63749866655,7.431850881666678e-5
0.02827,99295.38927044738,7.431424220628275e-5
0.02828,99295.14104284898,7.430995772454329e-5
0.02829,99294.89281587134,7.430568275813673e-5
0.0283,99294.64458951446,7.430145158210638e-5
0.02831,99294.39636377836,7.429730535985048e-5
0.02832,99294.148138663,7.429327084869817e-5
0.02833,99293.89991416842,7.428928665935933e-5
0.02834,99293.6516902946,7.428531403584468e-5
0.02835,99293.40346704154,7.428132514050584e-5
0.02836,99293.15524440924,7.427729902279815e-5
0.02837,99292.90702239767,7.42732216192805e-5
0.02838,99292.65880100688,7.426908575361553e-5
0.02839,99292.41058023684,7.426489113656946e-5
0.0284,99292.16236008755,7.426064436601219e-5
0.02841,99291.914140559,7.425635892691726e-5
0.02842,99291.6659216512,7.425205519136185e-5
0.02843,99291.41770336416,7.42477604185268e-5
0.02844,99291.16948569784,7.424350875469657e-5
0.02845,99290.92126865228,7.423934123325935e-5
0.02846,99290.67305222747,7.423528576690697e-5
0.02847,99290.4248364234,7.423128171121501e-5
0.02848,99290.17662124004,7.422728979393605e-5
0.02849,99289.92840667744,7.42232820554311e-5
0.0285,99289.68019273557,7.42192374219136e-5
0.02851,99289.43197941444,7.42151417054492e-5
0.02852,99289.18376671404,7.421098760395585e-5
0.02853,99288.93555463436,7.420677470120386e-5
0.02854,99288.6873431754,7.420250946681583e-5
0.02855,99288.4391323372,7.419820525626662e-5
0.02856,99288.1909221197,7.419388231088347e-5
0.02857,99287.94271252294,7.418956775784584e-5
0.02858,99287.6945035469,7.418529561018558e-5
0.02859,99287.44629519158,7.418110676678676e-5
0.0286,99287.19808745699,7.417703028887017e-5
0.02861,99286.94988034309,7.417300636726919e-5
0.02862,99286.70167384992,7.416899517959119e-5
0.02863,99286.45346797748,7.416496863972377e-5
0.02864,99286.20526272574,7.416090554615315e-5
0.02865,99285.95705809472,7.415679158196413e-5
0.02866,99285.7088540844,7.415261931484012e-5
0.02867,99285.46065069479,7.414838819706311e-5
0.02868,99285.2124479259,7.41441045655137e-5
0.02869,99284.9642457777,7.413978164167112e-5
0.0287,99284.7160442502,7.413543953161315e-5
0.02871,99284.46784334342,7.413110522601621e-5
0.02872,99284.21964305734,7.41268126001553e-5
0.02873,99283.97144339196,7.412260241390402e-5
0.02874,99283.72324434726,7.411850486565763e-5
0.02875,99283.47504592327,7.411446107737893e-5
0.02876,99283.22684811999,7.411043064171511e-5
0.02877,99282.97865093738,7.410638534159915e-5
0.02878,99282.73045437547,7.410230384330566e-5
0.02879,99282.48225843425,7.409817169645093e-5
0.0288,99282.23406311372,7.40939813339928e-5
0.02881,99281.98586841387,7.408973207223083e-5
0.02882,99281.73767433471,7.408543011080615e-5
0.02883,99281.48948087623,7.408108853270155e-5
0.02884,99281.24128803845,7.407672730424148e-5
0.02885,99280.99309582134,7.407237327509197e-5
0.02886,99280.7449042249,7.406806017826071e-5
0.02887,99280.49671324916,7.406382863009706e-5
0.02888,99280.24852289408,7.405970995032057e-5
0.02889,99280.00033315968,7.405564629336364e-5
0.0289,99279.75214404595,7.405159663120574e-5
0.02891,99279.5039555529,7.40475326113251e-5
0.02892,99279.2557676805,7.404343276328375e-5
0.02893,99279.00758042879,7.403928249872748e-5
0.02894,99278.75939379774,7.403507411138587e-5
0.02895,99278.51120778735,7.403080677707223e-5
0.02896,99278.26302239763,7.402648655368367e-5
0.02897,99278.01483762857,7.402212638120107e-5
0.02898,99277.76665348017,7.401774608168906e-5
0.02899,99277.51846995243,7.401337235929608e-5
0.029,99277.27028704535,7.400903880025429e-5
0.02901,99277.02210475891,7.400478587287966e-5
0.02902,99276.77392309315,7.400064599788616e-5
0.02903,99276.52574204803,7.399656246891112e-5
0.02904,99276.27756162356,7.399249360073089e-5
0.02905,99276.02938181974,7.398841090085777e-5
0.02906,99275.78120263657,7.398429275763023e-5
0.02907,99275.53302407406,7.398012444021294e-5
0.02908,99275.28484613218,7.397589809859676e-5
0.02909,99275.03666881095,7.397161276359877e-5
0.0291,99274.78849211035,7.396727434686221e-5
0.02911,99274.54031603041,7.396289564085656e-5
0.02912,99274.2921405711,7.395849631887746e-5
0.02913,99274.04396573243,7.395410293504676e-5
0.02914,99273.79579151439,7.39497489243125e-5
0.02915,99273.547617917,7.394547460244895e-5
0.02916,99273.29944494023,7.39413134662156e-5
0.02917,99273.0512725841,7.393721006046325e-5
0.02918,99272.80310084859,7.393312200559006e-5
0.02919,99272.5549297337,7.392902066464188e-5
0.0292,99272.30675923945,7.392488428023112e-5
0.02921,99272.05858936583,7.392069797453683e-5
0.02922,99271.81042011282,7.391645374930465e-5
0.02923,99271.56225148044,7.391215048584676e-5
0.02924,99271.31408346868,7.3907793945042e-5
0.02925,99271.06591607754,7.390339676733578e-5
0.02926,99270.81774930701,7.389897847274013e-5
0.02927,99270.5695831571,7.389456546083361e-5
0.02928,99270.32141762781,7.389019101076146e-5
0.02929,99270.07325271913,7.388589528123547e-5
0.0293,99269.82508843105,7.388171281548031e-5
0.02931,99269.57692476359,7.387758952676865e-5
0.02932,99269.32876171674,7.38734823034217e-5
0.02933,99269.0805992905,7.386936235951045e-5
0.02934,99268.83243748485,7.386520778741145e-5
0.02935,99268.5842762998,7.386100355780678e-5
0.02936,99268.33611573536,7.385674151968404e-5
0.02937,99268.08795579153,7.385242040033638e-5
0.02938,99267.8397964683,7.384804580536248e-5
0.02939,99267.59163776565,7.384363021866656e-5
0.0294,99267.34347968361,7.383919300245838e-5
0.02941,99267.09532222216,7.383476039725323e-5
0.02942,99266.8471653813,7.383036552187194e-5
0.02943,99266.59900916104,7.382604837344088e-5
0.02944,99266.35085356137,7.382184450754668e-5
0.02945,99266.10269858228,7.381770132819352e-5
0.02946,99265.85454422377,7.38135749534536e-5
0.02947,99265.60639048586,7.380943644389459e-5
0.02948,99265.35823736852,7.380526373712966e-5
0.02949,99265.11008487176,7.380104164781762e-5
0.0295,99264.8619329956,7.379676186766283e-5
0.02951,99264.61378174,7.379242296541518e-5
0.02952,99264.36563110499,7.378803038687016e-5
0.02953,99264.11748109054,7.378359645486886e-5
0.02954,99263.86933169668,7.377914036929788e-5
0.02955,99263.62118292338,7.377468820708941e-5
0.02956,99263.37303477066,7.377027292222122e-5
0.02957,99263.1248872385,7.376593434571665e-5
0.02958,99262.87674032692,7.376170900685663e-5
0.02959,99262.6285940359,7.375754592755619e-5
0.0296,99262.38044836544,7.375340041719576e-5
0.02961,99262.13230331553,7.374924337832104e-5
0.02962,99261.88415888621,7.374505258926228e-5
0.02963,99261.63601507744,7.374081270413436e-5
0.02964,99261.38787188922,7.373651525283671e-5
0.02965,99261.13972932157,7.373215864105334e-5
0.02966,99260.89158737447,7.372774815025288e-5
0.02967,99260.64344604792,7.37232959376885e-5
0.02968,99260.39530534192,7.371882103639798e-5
0.02969,99260.14716525648,7.371434935520368e-5
0.0297,99259.89902579159,7.370991367871252e-5
0.02971,99259.65088694723,7.370555366731604e-5
0.02972,99259.40274872344,7.370130678069497e-5
0.02973,99259.15461112018,7.369712379049459e-5
0.02974,99258.90647413746,7.369295915893831e-5
0.02975,99258.65833777528,7.368878362604429e-5
0.02976,99258.41020203366,7.368457480635065e-5
0.02977,99258.16206691256,7.368031718891535e-5
0.02978,99257.913932412,7.367600213731634e-5
0.02979,99257.66579853198,7.367162788965147e-5
0.0298,99257.41766527249,7.366719955853846e-5
0.02981,99257.16953263353,7.366272913111504e-5
0.02982,99256.9214006151,7.365823546903879e-5
0.02983,99256.67326921721,7.365374430848726e-5
0.02984,99256.42513843984,7.364928826015788e-5
0.02985,99256.17700828299,7.364490680926802e-5
0.02986,99255.92887874668,7.364063829810772e-5
0.02987,99255.68074983088,7.363643538435792e-5
0.02988,99255.4326215356,7.363225164469331e-5
0.02989,99255.18449386084,7.362805765209063e-5
0.0299,99254.9363668066,7.362383085277891e-5
0.02991,99254.68824037288,7.361955556623955e-5
0.02992,99254.44011455968,7.361522298520627e-5
0.02993,99254.19198936698,7.36108311756651e-5
0.02994,99253.9438647948,7.360638507685444e-5
0.02995,99253.69574084313,7.360189650126499e-5
0.02996,99253.44761751196,7.35973841346398e-5
0.02997,99253.19949480132,7.359287353597424e-5
0.02998,99252.95137271116,7.358839713751602e-5
0.02999,99252.70325124152,7.358399424476518e-5
0.03,99252.45513039238,7.357970403040908e-5
0.03001,99252.20701016374,7.357548117869721e-5
0.03002,99251.95889055559,7.35712783426226e-5
0.03003,99251.71077156794,7.356706592359626e-5
0.03004,99251.4626532008,7.356282119501211e-5
0.03005,99251.21453545414,7.355852830224684e-5
0.03006,99250.96641832798,7.355417826266007e-5
0.03007,99250.71830182231,7.354976896559417e-5
0.03008,99250.47018593714,7.354530517237446e-5
0.03009,99250.22207067245,7.354079851630906e-5
0.0301,99249.97395602825,7.353626750268893e-5
0.03011,99249.72584200453,7.35317375087879e-5
0.03012,99249.4777286013,7.352724078386266e-5
0.03013,99249.22961581855,7.352281644915272e-5
0.03014,99248.98150365628,7.351850445118842e-5
0.03015,99248.73339211449,7.351426164528827e-5
0.03016,99248.48528119318,7.351003972309049e-5
0.03017,99248.23717089235,7.35058089098958e-5
0.03018,99247.98906121198,7.350154630171886e-5
0.03019,99247.74095215209,7.349723586528831e-5
0.0302,99247.49284371268,7.349286843804677e-5
0.03021,99247.24473589372,7.348844172815083e-5
0.03022,99246.99662869525,7.348396031447101e-5
0.03023,99246.74852211724,7.347943564659185e-5
0.03024,99246.50041615969,7.347488604481179e-5
0.03025,99246.2523108226,7.347033670014332e-5
0.03026,99246.00420610598,7.346581967431283e-5
0.03027,99245.75610200982,7.346137389976071e-5
0.03028,99245.50799853411,7.345704003607905e-5
0.03029,99245.25989567887,7.345277725780934e-5
0.0303,99245.0117934441,7.344853625821038e-5
0.03031,99244.76369182975,7.344428708192674e-5
0.03032,99244.51559083587,7.34400066430483e-5
0.03033,99244.26749046244,7.343567872511031e-5
0.03034,99244.01939070947,7.343129398109341e-5
0.03035,99243.77129157694,7.342684993342357e-5
0.03036,99243.52319306486,7.342235097397208e-5
0.03037,99243.27509517322,7.341780836405567e-5
0.03038,99243.02699790202,7.341324023443634e-5
0.03039,99242.77890125127,7.340867158532152e-5
0.0304,99242.53080522096,7.340413428636393e-5
0.03041,99242.28270981109,7.339966707666168e-5
0.03042,99242.03461502165,7.339531126386596e-5
0.03043,99241.78652085265,7.339102849306116e-5
0.03044,99241.53842730408,7.338676842314565e-5
0.03045,99241.29033437595,7.33825009135745e-5
0.03046,99241.04224206826,7.337820269197723e-5
0.03047,99240.79415038099,7.33738573541578e-5
0.03048,99240.54605931413,7.336945536409465e-5
0.03049,99240.29796886772,7.336499405394065e-5
0.0305,99240.04987904173,7.336047762402315e-5
0.03051,99239.80178983616,7.335591714284391e-5
0.03052,99239.55370125102,7.33513305470792e-5
0.03053,99239.30561328628,7.334674264157971e-5
0.03054,99239.05752594199,7.33421850993706e-5
0.03055,99238.8094392181,7.333769646165145e-5
0.03056,99238.56135311461,7.33333186150922e-5
0.03057,99238.31326763156,7.332901582953505e-5
0.03058,99238.0651827689,7.332473669474766e-5
0.03059,99237.81709852666,7.332045088045295e-5
0.0306,99237.56901490485,7.33161349232759e-5
0.03061,99237.32093190342,7.331177222674364e-5
0.03062,99237.0728495224,7.330735306128547e-5
0.03063,99236.8247677618,7.330287456423277e-5
0.03064,99236.5766866216,7.329834073981911e-5
0.03065,99236.32860610179,7.329376245918013e-5
0.03066,99236.0805262024,7.328915746035367e-5
0.03067,99235.83244692339,7.328455034827968e-5
0.03068,99235.58436826478,7.327997259480022e-5
0.03069,99235.33629022657,7.32754625386595e-5
0.0307,99235.08821280875,7.327106257262166e-5
0.03071,99234.84013601133,7.32667397479477e-5
0.03072,99234.5920598343,7.326244155199191e-5
0.03073,99234.34398427764,7.32581374602021e-5
0.03074,99234.0959093414,7.325380381365397e-5
0.03075,99233.84783502552,7.324942381905112e-5
0.03076,99233.59976133003,7.324498754872508e-5
0.03077,99233.35168825493,7.324049194063524e-5
0.03078,99233.10361580021,7.323594079836892e-5
0.03079,99232.85554396587,7.323134479114135e-5
0.0308,99232.6074727519,7.322672145379564e-5
0.03081,99232.35940215831,7.32220951868028e-5
0.03082,99232.11133218512,7.321749725626177e-5
0.03083,99231.86326283227,7.321296579389938e-5
0.03084,99231.6151940998,7.320854362190205e-5
0.03085,99231.3671259877,7.320420073154593e-5
0.03086,99231.11905849598,7.319988347632845e-5
0.03087,99230.87099162463,7.319556113288042e-5
0.03088,99230.62292537364,7.319120984218373e-5
0.03089,99230.37485974301,7.31868126095713e-5
0.0309,99230.12679473274,7.318235930472709e-5
0.03091,99229.87873034284,7.317784666168613e-5
0.03092,99229.6306665733,7.317327827883449e-5
0.03093,99229.38260342412,7.316866461890927e-5
0.03094,99229.13454089529,7.316402300899864e-5
0.03095,99228.88647898681,7.315937764054181e-5
0.03096,99228.63841769869,7.315475956932904e-5
0.03097,99228.39035703093,7.315020671550163e-5
0.03098,99228.14229698351,7.314576225045222e-5
0.03099,99227.89423755645,7.314139926558786e-5
0.031,99227.64617874972,7.313706295121455e-5
0.03101,99227.39812056336,7.31327223805845e-5
0.03102,99227.15006299733,7.312835349002387e-5
0.03103,99226.90200605163,7.312393907893274e-5
0.03104,99226.6539497263,7.31194688097851e-5
0.03105,99226.40589402129,7.311493920812896e-5
0.03106,99226.15783893662,7.311035366258619e-5
0.03107,99225.90978447229,7.310572242485262e-5
0.03108,99225.6617306283,7.310106260969803e-5
0.03109,99225.41367740463,7.309639819496612e-5
0.0311,99225.1656248013,7.309176002157455e-5
0.03111,99224.9175728183,7.308718579351488e-5
0.03112,99224.66952145564,7.308271894784843e-5
0.03113,99224.42147071329,7.307833583726202e-5
0.03114,99224.17342059128,7.307398046191788e-5
0.03115,99223.92537108959,7.306962168711635e-5
0.03116,99223.67732220821,7.306523523995556e-5
0.03117,99223.42927394716,7.306080370933138e-5
0.03118,99223.18122630643,7.30563165459375e-5
0.03119,99222.93317928602,7.305177006226535e-5
0.0312,99222.68513288592,7.304716743260418e-5
0.03121,99222.43708710614,7.304251869304096e-5
0.03122,99222.18904194668,7.303784074146047e-5
0.03123,99221.94099740752,7.303315733754529e-5
0.03124,99221.69295348867,7.302849910277572e-5
0.03125,99221.44491019014,7.302390352042987e-5
0.03126,99221.19686751191,7.301941420655844e-5
0.03127,99220.94882545398,7.301501093657413e-5
0.03128,99220.70078401636,7.301063649639736e-5
0.03129,99220.45274319904,7.300625953881507e-5
0.0313,99220.20470300203,7.300185557713444e-5
0.03131,99219.95666342531,7.299740698518292e-5
0.03132,99219.70862446888,7.29929029973082e-5
0.03133,99219.46058613277,7.298833970837825e-5
0.03134,99219.21254841694,7.298372007378123e-5
0.03135,99218.9645113214,7.297905390942561e-5
0.03136,99218.71647484615,7.29743578917401e-5
0.03137,99218.4684389912,7.296965555767361e-5
0.03138,99218.22040375654,7.296497730469538e-5
0.03139,99217.97236914215,7.296036039079484e-5
0.0314,99217.72433514806,7.295584852142377e-5
0.03141,99217.47630177425,7.295142505584615e-5
0.03142,99217.22826902072,7.294703154489539e-5
0.03143,99216.98023688748,7.294263642428573e-5
0.03144,99216.73220537452,7.293821498897188e-5
0.03145,99216.48417448183,7.293374939314904e-5
0.03146,99216.23614420941,7.292922865025286e-5
0.03147,99215.98811455727,7.292464863295947e-5
0.03148,99215.74008552541,7.292001207318548e-5
0.03149,99215.4920571138,7.291532856208795e-5
0.0315,99215.2440293225,7.291061455006445e-5
0.03151,99214.99600215143,7.290589334675298e-5
0.03152,99214.74797560064,7.290119512103206e-5
0.03153,99214.49994967012,7.289655690102062e-5
0.03154,99214.25192435987,7.289202238935618e-5
0.03155,99214.00389966987,7.288757868938025e-5
0.03156,99213.75587560012,7.28831660995863e-5
0.03157,99213.50785215065,7.287875283404702e-5
0.03158,99213.25982932143,7.287431396479442e-5
0.03159,99213.01180711246,7.286983142181987e-5
0.0316,99212.76378552376,7.286529399307399e-5
0.03161,99212.5157645553,7.286069732446678e-5
0.03162,99212.26774420709,7.285604391986756e-5
0.03163,99212.01972447913,7.285134314110494e-5
0.03164,99211.77170537142,7.284661120796686e-5
0.03165,99211.52368688396,7.284187119820062e-5
0.03166,99211.27566901674,7.28371530475128e-5
0.03167,99211.02765176976,7.28324935495693e-5
0.03168,99210.77963514304,7.282793630963837e-5
0.03169,99210.53161913656,7.282347233376045e-5
0.0317,99210.2836037503,7.281904065484781e-5
0.03171,99210.03558898429,7.281460926075321e-5
0.03172,99209.78757483851,7.281015299600711e-5
0.03173,99209.53956131297,7.28056535618176e-5
0.03174,99209.29154840765,7.28010995160704e-5
0.03175,99209.04353612257,7.279648627332892e-5
0.03176,99208.79552445772,7.27918161048342e-5
0.03177,99208.5475134131,7.278709813850492e-5
0.03178,99208.2995029887,7.278234835893746e-5
0.03179,99208.05149318452,7.277758960740582e-5
0.0318,99207.80348400057,7.277285158186164e-5
0.03181,99207.55547543685,7.276817083693423e-5
0.03182,99207.30746749335,7.276359078393056e-5
0.03183,99207.05946017006,7.275910648784446e-5
0.03184,99206.81145346699,7.275465570721978e-5
0.03185,99206.56344738413,7.275020619911074e-5
0.03186,99206.3154419215,7.274573257596684e-5
0.03187,99206.06743707907,7.274121630563253e-5
0.03188,99205.81943285685,7.273664571134719e-5
0.03189,99205.57142925484,7.273201597174516e-5
0.0319,99205.32342627304,7.272732912085576e-5
0.03191,99205.07542391145,7.272259404810319e-5
0.03192,99204.82742217006,7.271782649830669e-5
0.03193,99204.57942104887,7.271304907168037e-5
0.03194,99204.33142054788,7.270829122383333e-5
0.03195,99204.0834206671,7.270358926576961e-5
0.03196,99203.83542140652,7.26989863638882e-5
0.03197,99203.58742276613,7.269448165305946e-5
0.03198,99203.33942474594,7.269001175574206e-5
0.03199,99203.09142734593,7.268554414625479e-5
0.032,99202.84343056612,7.268105320038819e-5
0.03201,99202.59543440651,7.26765201480432e-5
0.03202,99202.34743886709,7.26719330732311e-5
0.03203,99202.09944394784,7.266728691407349e-5
0.03204,99201.85144964879,7.266258346280234e-5
0.03205,99201.60345596992,7.265783136575992e-5
0.03206,99201.35546291123,7.26530461233989e-5
0.03207,99201.10747047274,7.264825009028222e-5
0.03208,99200.85947865441,7.264347247508327e-5
0.03209,99200.61148745626,7.263874934058567e-5
0.0321,99200.3634968783,7.263412360368345e-5
0.03211,99200.11550692051,7.262959833288733e-5
0.03212,99199.86751758288,7.262510930141912e-5
0.03213,99199.61952886544,7.262062360121345e-5
0.03214,99199.37154076816,7.26161153668245e-5
0.03215,99199.12355329105,7.261156558562967e-5
0.03216,99198.87556643412,7.260696209782956e-5
0.03217,99198.62758019734,7.2602299596448e-5
0.03218,99198.37959458074,7.259757962733204e-5
0.03219,99198.13160958429,7.259281058915192e-5
0.0322,99197.88362520801,7.258800773340115e-5
0.03221,99197.63564145188,7.258319316439638e-5
0.03222,99197.38765831591,7.257839583927753e-5
0.03223,99197.13967580009,7.257365156800773e-5
0.03224,99196.89169390444,7.256900301337331e-5
0.03225,99196.64371262894,7.256445703337548e-5
0.03226,99196.3957319736,7.255994884778765e-5
0.03227,99196.14775193839,7.255544506552652e-5
0.03228,99195.89977252335,7.25509195753236e-5
0.03229,99195.65179372844,7.254635311744481e-5
0.0323,99195.40381555368,7.254173328369041e-5
0.03231,99195.15583799907,7.253705451739513e-5
0.03232,99194.9078610646,7.2532318113428e-5
0.03233,99194.65988475028,7.252753221819251e-5
0.03234,99194.41190905609,7.252271182962649e-5
0.03235,99194.16393398204,7.251787879720217e-5
0.03236,99193.91595952812,7.251306182192619e-5
0.03237,99193.66798569434,7.250829645633956e-5
0.03238,99193.4200124807,7.250362510451766e-5
0.03239,99193.17203988718,7.249905826229692e-5
0.0324,99192.9240679138,7.249453089996151e-5
0.03241,99192.67609656055,7.249000904218354e-5
0.03242,99192.42812582741,7.248546632728397e-5
0.03243,99192.18015571442,7.248088324382747e-5
0.03244,99191.93218622154,7.247624713062235e-5
0.03245,99191.68421734878,7.247155217672065e-5
0.03246,99191.43624909615,7.246679942141804e-5
0.03247,99191.18828146363,7.246199675425392e-5
0.03248,99190.94031445123,7.245715891501132e-5
0.03249,99190.69234805896,7.245230749371698e-5
0.0325,99190.44438228679,7.244747093064132e-5
0.03251,99190.19641713474,7.244268451629843e-5
0.03252,99189.9484526028,7.243799039144607e-5
0.03253,99189.70048869096,7.243340253064153e-5
0.03254,99189.45252539925,7.242885596626121e-5
0.03255,99189.20456272762,7.242431603735889e-5
0.03256,99188.95660067612,7.241975612724943e-5
0.03257,99188.70863924471,7.241515646819936e-5
0.03258,99188.4606784334,7.241050414142685e-5
0.03259,99188.21271824221,7.240579307710164e-5
0.0326,99187.9647586711,7.240102405434513e-5
0.03261,99187.7167997201,7.239620470123032e-5
0.03262,99187.46884138919,7.239134949478183e-5
0.03263,99187.22088367838,7.238647976097592e-5
0.03264,99186.97292658765,7.238162367474044e-5
0.03265,99186.72497011702,7.237681625995492e-5
0.03266,99186.4770142665,7.237209938945041e-5
0.03267,99186.22905903604,7.236749035055676e-5
0.03268,99185.98110442568,7.236292455604382e-5
0.03269,99185.7331504354,7.235836655821081e-5
0.0327,99185.48519706521,7.235378948074954e-5
0.03271,99185.2372443151,7.234917329501307e-5
0.03272,99184.98929218506,7.234450482001572e-5
0.03273,99184.7413406751,7.233977772243298e-5
0.03274,99184.49338978523,7.233499251660161e-5
0.03275,99184.24543951543,7.233015656451959e-5
0.03276,99183.99748986571,7.232528407584612e-5
0.03277,99183.74954083606,7.232039610790162e-5
0.03278,99183.50159242647,7.231552056566775e-5
0.03279,99183.25364463696,7.231069220178738e-5
0.0328,99183.00569746752,7.230595261656462e-5
0.03281,99182.75775091816,7.230132223739699e-5
0.03282,99182.50980498885,7.22967371817579e-5
0.03283,99182.2618596796,7.22921611148274e-5
0.03284,99182.01391499041,7.228756689605809e-5
0.03285,99181.76597092129,7.228293423127418e-5
0.03286,99181.51802747222,7.227824967267159e-5
0.03287,99181.27008464321,7.227350661881793e-5
0.03288,99181.02214243426,7.226870531465245e-5
0.03289,99180.77420084536,7.226385285148607e-5
0.0329,99180.52625987653,7.22589631670014e-5
0.03291,99180.27831952773,7.22540570452527e-5
0.03292,99180.03037979899,7.224916211666592e-5
0.03293,99179.7824406903,7.224431285803868e-5
0.03294,99179.53450220164,7.223955059254025e-5
0.03295,99179.28656433304,7.223489870858756e-5
0.03296,99179.03862708449,7.223029435778385e-5
0.03297,99178.79069045596,7.222570021909516e-5
0.03298,99178.5427544475,7.222108888312872e-5
0.03299,99178.29481905905,7.22164397855726e-5
0.033,99178.04688429066,7.22117392071956e-5
0.03301,99177.79895014229,7.220698027384733e-5
0.03302,99177.55101661396,7.220216295645821e-5
0.03303,99177.30308370566,7.21972940710394e-5
0.03304,99177.05515141739,7.21923872786829e-5
0.03305,99176.80721974916,7.218746308556144e-5
0.03306,99176.55928870094,7.218254884292859e-5
0.03307,99176.31135827275,7.217767874711867e-5
0.03308,99176.06342846461,7.217289383954684e-5
0.03309,99175.81549927648,7.216822028451475e-5
0.0331,99175.56757070836,7.21635966014092e-5
0.03311,99175.31964276027,7.215898438573839e-5
0.03312,99175.07171543219,7.215435595467062e-5
0.03313,99174.82378872413,7.214969046916016e-5
0.03314,99174.57586263609,7.214497393394732e-5
0.03315,99174.32793716807,7.214019919755831e-5
0.03316,99174.08001232005,7.213536595230536e-5
0.03317,99173.83208809204,7.213048073428669e-5
0.03318,99173.58416448405,7.212555692338647e-5
0.03319,99173.33624149606,7.212061474327485e-5
0.0332,99173.08831912807,7.211568126140796e-5
0.03321,99172.8403973801,7.211079038902791e-5
0.03322,99172.59247625213,7.210598288116281e-5
0.03323,99172.34455574416,7.210128748734382e-5
0.03324,99172.0966358562,7.209664443163332e-5
0.03325,99171.84871658823,7.209201413118544e-5
0.03326,99171.60079794025,7.208736862512675e-5
0.03327,99171.35287991227,7.208268679507207e-5
0.03328,99171.10496250428,7.207795436512445e-5
0.03329,99170.85704571629,7.207316390187518e-5
0.0333,99170.60912954828,7.206831481440378e-5
0.03331,99170.36121400027,7.206341335427802e-5
0.03332,99170.11329907224,7.205847261555386e-5
0.03333,99169.8653847642,7.205351253477559e-5
0.03334,99169.61747107616,7.204855989097564e-5
0.03335,99169.36955800808,7.204364830567473e-5
0.03336,99169.12164556,7.203881824288179e-5
0.03337,99168.87373373187,7.203410084162812e-5
0.03338,99168.62582252375,7.202943836976823e-5
0.03339,99168.37791193559,7.202478997412759e-5
0.0334,99168.13000196741,7.202012741116946e-5
0.03341,99167.88209261921,7.2015429278547e-5
0.03342,99167.63418389097,7.201068101510344e-5
0.03343,99167.38627578272,7.200587490087194e-5
0.03344,99167.13836829441,7.200101005707569e-5
0.03345,99166.89046142608,7.199609244612783e-5
0.03346,99166.64255517772,7.199113487163153e-5
0.03347,99166.39464954933,7.19861569783799e-5
0.03348,99166.14674454089,7.198118525235607e-5
0.03349,99165.89884015243,7.197625302073315e-5
0.0335,99165.65093638391,7.197140045187422e-5
0.03351,99165.40303323536,7.196666087401154e-5
0.03352,99165.15513070676,7.196197893903634e-5
0.03353,99164.90722879811,7.195731243498296e-5
0.03354,99164.65932750942,7.195263283102805e-5
0.03355,99164.41142684068,7.194791843623934e-5
0.03356,99164.1635267919,7.194315439957556e-5
0.03357,99163.91562736307,7.19383327098865e-5
0.03358,99163.66772855418,7.193345219591295e-5
0.03359,99163.41983036524,7.192851852628673e-5
0.0336,99163.17193279623,7.192354420953073e-5
0.03361,99162.92403584717,7.191854859405885e-5
0.03362,99162.67613951807,7.191355786817603e-5
0.03363,99162.42824380888,7.190860506007819e-5
0.03364,99162.18034871964,7.190373003785236e-5
0.03365,99161.93245425035,7.189896811440357e-5
0.03366,99161.68456040099,7.189426666587782e-5
0.03367,99161.43666717155,7.188958203731471e-5
0.03368,99161.18877456205,7.188488540598328e-5
0.03369,99160.94088257248,7.188015478774292e-5
0.0337,99160.69299120284,7.187537503704347e-5
0.03371,99160.44510045313,7.187053784692508e-5
0.03372,99160.19721032333,7.186564174901835e-5
0.03373,99159.94932081347,7.186069211354423e-5
0.03374,99159.70143192353,7.185570114931409e-5
0.03375,99159.45354365351,7.185068790372966e-5
0.03376,99159.2056560034,7.184567826278307e-5
0.03377,99158.95776897323,7.184070495105683e-5
0.03378,99158.70988256295,7.183580753172386e-5
0.03379,99158.4619967726,7.183102309427782e-5
0.0338,99158.21411160217,7.182630207818342e-5
0.03381,99157.96622705164,7.182159930609775e-5
0.03382,99157.71834312101,7.181688565874075e-5
0.03383,99157.47045981031,7.181213885412309e-5
0.03384,99157.22257711951,7.18073434475461e-5
0.03385,99156.97469504862,7.180249083160185e-5
0.03386,99156.72681359762,7.179757923617308e-5
0.03387,99156.47893276653,7.179261372843326e-5
0.03388,99156.23105255535,7.178760621284655e-5
0.03389,99155.98317296406,7.178257543116779e-5
0.0339,99155.73529399266,7.177754696244256e-5
0.03391,99155.48741564117,7.177255322300712e-5
0.03392,99155.23953790957,7.176763346648843e-5
0.03393,99154.99166079785,7.17628263478304e-5
0.03394,99154.74378430603,7.175808570639803e-5
0.03395,99154.49590843411,7.175336476864669e-5
0.03396,99154.24803318207,7.174863411411551e-5
0.03397,99154.00015854993,7.174387115833366e-5
0.03398,99153.75228453765,7.173906015282024e-5
0.03399,99153.50441114527,7.173419218508434e-5
0.034,99153.25653837278,7.172926517862505e-5
0.03401,99153.00866622016,7.17242838929314e-5
0.03402,99152.76079468742,7.171925992348243e-5
0.03403,99152.51292377456,7.171421170174715e-5
0.03404,99152.26505348158,7.170916449518454e-5
0.03405,99152.01718380846,7.170415040724353e-5
0.03406,99151.76931475522,7.16992083773631e-5
0.03407,99151.52144632186,7.169437841225377e-5
0.03408,99151.27357850835,7.168961808389892e-5
0.03409,99151.02571131472,7.16848789551297e-5
0.0341,99150.77784474097,7.168013129968485e-5
0.03411,99150.52997878708,7.167535222598892e-5
0.03412,99150.28211345304,7.167052567715229e-5
0.03413,99150.03424873887,7.166564243097112e-5
0.03414,99149.78638464455,7.166070009992735e-5
0.03415,99149.5385211701,7.165570313118875e-5
0.03416,99149.29065831551,7.165066280660891e-5
0.03417,99149.04279608077,7.164559724272717e-5
0.03418,99148.7949344659,7.16405313907687e-5
0.03419,99148.54707347087,7.163549703664448e-5
0.0342,99148.29921309568,7.163053280095127e-5
0.03421,99148.05135334034,7.162567982663858e-5
0.03422,99147.80349420487,7.162089974585823e-5
0.03423,99147.55563568923,7.161614239747036e-5
0.03424,99147.30777779345,7.161137774478424e-5
0.03425,99147.0599205175,7.16065825844883e-5
0.03426,99146.81206386139,7.16017405466502e-5
0.03427,99146.56420782513,7.159684209471668e-5
0.03428,99146.31635240871,7.159188452551373e-5
0.03429,99146.06849761213,7.158687196924643e-5
0.0343,99145.82064343538,7.158181538949909e-5
0.03431,99145.57278987845,7.157673258323514e-5
0.03432,99145.32493694137,7.157164818079724e-5
0.03433,99145.07708462412,7.156659364590714e-5
0.03434,99144.8292329267,7.156160727566583e-5
0.03435,99144.5813818491,7.155673113255073e-5
0.03436,99144.33353139133,7.15519312298448e-5
0.03437,99144.08568155338,7.154715562995747e-5
0.03438,99143.83783233527,7.154237398110983e-5
0.03439,99143.58998373697,7.153756276359693e-5
0.0344,99143.34213575849,7.153270528978777e-5
0.03441,99143.09428839982,7.152779170412536e-5
0.03442,99142.84644166098,7.152281898312662e-5
0.03443,99142.59859554196,7.151779093538244e-5
0.03444,99142.35075004274,7.15127182015577e-5
0.03445,99142.10290516334,7.150761825439124e-5
0.03446,99141.85506090375,7.150251539869583e-5
0.03447,99141.60721726397,7.149744077135824e-5
0.03448,99141.359374244,7.149243234133917e-5
0.03449,99141.11153184384,7.148753287347255e-5
0.0345,99140.86369006347,7.14827130751052e-5
0.03451,99140.61584890292,7.147791918830592e-5
0.03452,99140.36800836216,7.147312054154617e-5
0.03453,99140.12016844121,7.14682932940676e-5
0.03454,99139.87232914005,7.146342043588202e-5
0.03455,99139.6244904587,7.14584917877715e-5
0.03456,99139.37665239713,7.145350400128821e-5
0.03457,99139.12881495536,7.144846055875457e-5
0.03458,99138.88097813338,7.144337177326315e-5
0.03459,99138.63314193119,7.14382547886767e-5
0.0346,99138.38530634879,7.143313357962821e-5
0.03461,99138.13747138619,7.14280389515208e-5
0.03462,99137.88963704336,7.142300854052778e-5
0.03463,99137.64180332032,7.141808559680016e-5
0.03464,99137.39397021706,7.141324582475331e-5
0.03465,99137.1461377336,7.140843361196154e-5
0.03466,99136.8983058699,7.140361796251048e-5
0.03467,99136.65047462597,7.139877470994925e-5
0.03468,99136.40264400184,7.139388651729038e-5
0.03469,99136.15481399748,7.138894287700985e-5
0.0347,99135.90698461288,7.138394011104713e-5
0.03471,99135.65915584807,7.137888137080511e-5
0.03472,99135.41132770301,7.13737766371501e-5
0.03473,99135.16350017775,7.13686427204119e-5
0.03474,99134.91567327223,7.136350326038374e-5
0.03475,99134.66784698649,7.13583887263223e-5
0.03476,99134.4200213205,7.135333641694769e-5
0.03477,99134.17219627429,7.134838985162941e-5
0.03478,99133.92437184784,7.134353002348113e-5
0.03479,99133.67654804114,7.133869944192327e-5
0.0348,99133.42872485421,7.133386678201102e-5
0.03481,99133.18090228703,7.132900754695413e-5
0.03482,99132.9330803396,7.132410406811689e-5
0.03483,99132.68525901192,7.131914550501818e-5
0.03484,99132.43743830401,7.131412784533141e-5
0.03485,99132.18961821584,7.130905390488459e-5
0.03486,99131.94179874742,7.130393332766024e-5
0.03487,99131.69397989874,7.12987825857955e-5
0.03488,99131.44616166982,7.129362497958203e-5
0.03489,99131.19834406064,7.128849063746605e-5
0.0349,99130.9505270712,7.128341651604838e-5
0.03491,99130.7027107015,7.127844618956432e-5
0.03492,99130.45489495154,7.127356621835755e-5
0.03493,99130.20707982132,7.126871722145057e-5
0.03494,99129.95926531084,7.12638675402138e-5
0.03495,99129.7114514201,7.125899234286217e-5
0.03496,99129.46363814907,7.125407362445505e-5
0.03497,99129.2158254978,7.124910020689632e-5
0.03498,99128.96801346623,7.124406773893433e-5
0.03499,99128.72020205442,7.123897869616191e-5
0.035,99128.47239126232,7.123384238101637e-5
0.03501,99128.22458108995,7.122867492277952e-5
0.03502,99127.9767715373,7.122349927757763e-5
0.03503,99127.72896260438,7.121834522838145e-5
0.03504,99127.48115429118,7.121324938500621e-5
0.03505,99127.23334659768,7.120825516476333e-5
0.03506,99126.98553952391,7.120335495885864e-5
0.03507,99126.73773306987,7.119848749605616e-5
0.03508,99126.48992723554,7.119362077938712e-5
0.03509,99126.24212202092,7.118872963741553e-5
0.0351,99125.99431742601,7.118379572423818e-5
0.03511,99125.74651345081,7.117880751948467e-5
0.03512,99125.49871009531,7.11737603283174e-5
0.03513,99125.25090735953,7.116865628143155e-5
0.03514,99125.00310524346,7.116350433505509e-5
0.03515,99124.75530374708,7.11583202709488e-5
0.03516,99124.50750287042,7.115312669640624e-5
0.03517,99124.25970261345,7.114795304425379e-5
0.03518,99124.01190297617,7.114283557285059e-5
0.03519,99123.7641039586,7.113781736608861e-5
0.0352,99123.51630556073,7.113289679717502e-5
0.03521,99123.26850778254,7.112801081385902e-5
0.03522,99123.02071062406,7.112312704429714e-5
0.03523,99122.77291408526,7.111821997274682e-5
0.03524,99122.52511816614,7.111327090768438e-5
0.03525,99122.27732286674,7.110826798180501e-5
0.03526,99122.029528187,7.110320615202274e-5
0.03527,99121.78173412695,7.109808719947053e-5
0.03528,99121.5339406866,7.10929197295002e-5
0.03529,99121.28614786592,7.108771917168242e-5
0.0353,99121.03835566492,7.108250777980676e-5
0.03531,99120.7905640836,7.107731463188166e-5
0.03532,99120.54277312195,7.107217563013443e-5
0.03533,99120.29498277999,7.106713350101129e-5
0.03534,99120.0471930577,7.106219228768364e-5
0.03535,99119.79940395508,7.105728772506038e-5
0.03536,99119.55161547214,7.105238688171838e-5
0.03537,99119.30382760886,7.104746389294401e-5
0.03538,99119.05604036526,7.104249971692733e-5
0.03539,99118.80825374133,7.103748213476208e-5
0.0354,99118.56046773704,7.103240575044571e-5
0.03541,99118.31268235244,7.102727199087936e-5
0.03542,99118.0648975875,7.102208910586782e-5
0.03543,99117.8171134422,7.101687216811965e-5
0.03544,99117.56932991657,7.101164307324707e-5
0.03545,99117.3215470106,7.100643053976594e-5
0.03546,99117.07376472428,7.10012701090959e-5
0.03547,99116.82598305763,7.099620414556025e-5
0.03548,99116.57820201061,7.099124198724056e-5
0.03549,99116.33042158326,7.098631878224259e-5
0.0355,99116.08264177556,7.098140084073196e-5
0.03551,99115.8348625875,7.09764619443414e-5
0.03552,99115.58708401909,7.097148269629325e-5
0.03553,99115.33930607032,7.096645052139952e-5
0.03554,99115.09152874119,7.096135966606184e-5
0.03555,99114.84375203171,7.095621119827151e-5
0.03556,99114.59597594188,7.095101300760939e-5
0.03557,99114.34820047168,7.094577980524606e-5
0.03558,99114.10042562112,7.09405331239417e-5
0.03559,99113.85265139017,7.093530131804613e-5
0.0356,99113.60487777888,7.093011956349878e-5
0.03561,99113.35710478722,7.092502985782878e-5
0.03562,99113.1093324152,7.092004645486474e-5
0.03563,99112.8615606628,7.091510453993538e-5
0.03564,99112.61378953003,7.091016947215366e-5
0.03565,99112.36601901689,7.090521467481445e-5
0.03566,99112.11824912336,7.090022039148908e-5
0.03567,99111.87047984947,7.089517368602535e-5
0.03568,99111.62271119519,7.089006844254759e-5
0.03569,99111.37494316054,7.088490536545656e-5
0.0357,99111.1271757455,7.087969197942955e-5
0.03571,99110.87940895009,7.08744426294203e-5
0.03572,99110.63164277429,7.0869178480659e-5
0.03573,99110.38387721809,7.086392751865242e-5
0.03574,99110.13611228151,7.08587245491837e-5
0.03575,99109.88834796456,7.085361119831255e-5
0.03576,99109.6405842672,7.08486062529431e-5
0.03577,99109.39282118945,7.084364555588751e-5
0.03578,99109.14505873132,7.083869332982116e-5
0.03579,99108.89729689278,7.083372263503724e-5
0.0358,99108.64953567385,7.082871335078928e-5
0.03581,99108.40177507451,7.082365217529108e-5
0.03582,99108.15401509478,7.081853262571676e-5
0.03583,99107.90625573466,7.081335503820077e-5
0.03584,99107.65849699412,7.080812656783785e-5
0.03585,99107.41073887318,7.080286118868303e-5
0.03586,99107.16298137185,7.079757969375167e-5
0.03587,99106.91522449009,7.079230969501941e-5
0.03588,99106.66746822793,7.078708562342224e-5
0.03589,99106.41971258535,7.07819487288564e-5
0.0359,99106.17195756237,7.07769219461304e-5
0.03591,99105.92420315898,7.077194239006485e-5
0.03592,99105.67644937517,7.076697296979128e-5
0.03593,99105.42869621093,7.076198637793053e-5
0.03594,99105.18094366629,7.075696212474513e-5
0.03595,99104.93319174122,7.075188653813935e-5
0.03596,99104.68544043573,7.074675276365918e-5
0.03597,99104.43768974982,7.074156076449227e-5
0.03598,99104.18993968348,7.073631732146807e-5
0.03599,99103.94219023672,7.073103603305767e-5
0.036,99103.69444140953,7.072573731537389e-5
0.03601,99103.44669320191,7.07204484021713e-5
0.03602,99103.19894561385,7.071520334484613e-5
0.03603,99102.95119864537,7.07100430124364e-5
0.03604,99102.70345229647,7.070499410104294e-5
0.03605,99102.45570656711,7.069999560419504e-5
0.03606,99102.20796145733,7.069500894970468e-5
0.03607,99101.9602169671,7.069000645784899e-5
0.03608,99101.71247309643,7.068496726522555e-5
0.03609,99101.46472984532,7.067987732475242e-5
0.0361,99101.21698721377,7.067472940566809e-5
0.03611,99100.96924520178,7.066952309353157e-5
0.03612,99100.72150380934,7.066426479022231e-5
0.03613,99100.47376303644,7.065896771394022e-5
0.03614,99100.2260228831,7.065365189920568e-5
0.03615,99099.97828334931,7.064834419685955e-5
0.03616,99099.73054443508,7.064307827406316e-5
0.03617,99099.48280614038,7.063789461429827e-5
0.03618,99099.23506846522,7.063282328770272e-5
0.03619,99098.98733140962,7.062780576334832e-5
0.0362,99098.73959497355,7.062280183047299e-5
0.03621,99098.49185915702,7.061778343233198e-5
0.03622,99098.24412396003,7.061272932717753e-5
0.03623,99097.99638938258,7.060762508825898e-5
0.03624,99097.74865542466,7.060246310382272e-5
0.03625,99097.50092208627,7.05972425771122e-5
0.03626,99097.25318936742,7.05919695263679e-5
0.03627,99097.0054572681,7.058665678482739e-5
0.03628,99096.75772578831,7.058132400072528e-5
0.03629,99096.50999492804,7.057599763729325e-5
0.0363,99096.2622646873,7.057071097276003e-5
0.03631,99096.01453506609,7.05655041003514e-5
0.03632,99095.76680606439,7.056041007758025e-5
0.03633,99095.51907768223,7.055537343385314e-5
0.03634,99095.27134991958,7.055035217414767e-5
0.03635,99095.02362277644,7.054531785999776e-5
0.03636,99094.77589625283,7.054024886661174e-5
0.03637,99094.52817034873,7.053513038287243e-5
0.03638,99094.28044506414,7.052995441133703e-5
0.03639,99094.03272039906,7.052471976823727e-5
0.0364,99093.7849963535,7.051943208347926e-5
0.03641,99093.53727292744,7.051410380064357e-5
0.03642,99093.28955012088,7.050875417698525e-5
0.03643,99093.04182793385,7.050340928343376e-5
0.03644,99092.7941063663,7.0498102004593e-5
0.03645,99092.54638541827,7.049287203874138e-5
0.03646,99092.29866508974,7.048775504557559e-5
0.03647,99092.0509453807,7.048269918528746e-5
0.03648,99091.80322629116,7.047766054578803e-5
0.03649,99091.55550782112,7.047261030219994e-5
0.0365,99091.30778997057,7.046752644199652e-5
0.03651,99091.06007273952,7.046239376500163e-5
0.03652,99090.81235612795,7.045720388338982e-5
0.03653,99090.56464013588,7.04519552216862e-5
0.03654,99090.3169247633,7.044665301676651e-5
0.03655,99090.0692100102,7.044130931785715e-5
0.03656,99089.8214958766,7.04359429865351e-5
0.03657,99089.57378236247,7.043057969672796e-5
0.03658,99089.32606946783,7.042525193471395e-5
0.03659,99089.07835719267,7.041999899912193e-5
0.0366,99088.83064553697,7.041485876921116e-5
0.03661,99088.58293450078,7.040978358973126e-5
0.03662,99088.33522408405,7.04047275128576e-5
0.03663,99088.08751428679,7.03996613226124e-5
0.03664,99087.83980510902,7.039456261404281e-5
0.03665,99087.59209655071,7.038941579322097e-5
0.03666,99087.34438861186,7.038421207724399e-5
0.03667,99087.09668129249,7.03789494942339e-5
0.03668,99086.84897459259,7.037363288333771e-5
0.03669,99086.60126851215,7.036827389472742e-5
0.0367,99086.35356305118,7.036289098959993e-5
0.03671,99086.10585820967,7.035750944017718e-5
0.03672,99085.85815398762,7.035216132970602e-5
0.03673,99085.61045038504,7.034688555245823e-5
0.03674,99085.3627474019,7.034172182839295e-5
0.03675,99085.11504503821,7.03366272215216e-5
0.03676,99084.867343294,7.033155364500334e-5
0.03677,99084.61964216923,7.032647148705142e-5
0.03678,99084.3719416639,7.032135794557897e-5
0.03679,99084.12424177804,7.031619702819904e-5
0.0368,99083.87654251161,7.031097955222462e-5
0.03681,99083.62884386464,7.03057031446686e-5
0.03682,99083.38114583712,7.030037224224381e-5
0.03683,99083.13344842904,7.029499809136298e-5
0.03684,99082.8857516404,7.028959874813877e-5
0.03685,99082.6380554712,7.028419907838374e-5
0.03686,99082.39035992144,7.02788307576104e-5
0.03687,99082.14266499112,7.027353227103115e-5
0.03688,99081.89497068022,7.026834480540732e-5
0.03689,99081.64727698878,7.026323065714277e-5
0.0369,99081.39958391676,7.025813951378065e-5
0.03691,99081.15189146416,7.025304136301493e-5
0.03692,99080.90419963101,7.024791300091494e-5
0.03693,99080.65650841728,7.024273803192534e-5
0.03694,99080.40881782297,7.02375068688661e-5
0.03695,99080.1611278481,7.023221673293256e-5
0.03696,99079.91343849264,7.022687165369534e-5
0.03697,99079.6657497566,7.02214824691004e-5
0.03698,99079.41806164,7.021606682546909e-5
0.03699,99079.1703741428,7.021064917749802e-5
0.037,99078.92268726503,7.020526078825916e-5
0.03701,99078.67500100668,7.019993972919981e-5
0.03702,99078.42731536772,7.019472828607763e-5
0.03703,99078.1796303482,7.018959447649704e-5
0.03704,99077.93194594808,7.018448569399903e-5
0.03705,99077.68426216736,7.017937152106137e-5
0.03706,99077.43657900605,7.017422834721047e-5
0.03707,99077.18889646415,7.016903936902137e-5
0.03708,99076.94121454167,7.016379459011782e-5
0.03709,99076.69353323858,7.015849082117213e-5
0.0371,99076.4458525549,7.015313167990532e-5
0.03711,99076.1981724906,7.0147727591087e-5
0.03712,99075.95049304572,7.014229578653545e-5
0.03713,99075.70281422023,7.013686030511758e-5
0.03714,99075.45513601413,7.0131451992749e-5
0.03715,99075.20745842744,7.012610850239385e-5
0.03716,99074.95978146013,7.012087285841829e-5
0.03717,99074.71210511221,7.011571926150179e-5
0.03718,99074.46442938369,7.011059276235372e-5
0.03719,99074.21675427454,7.01054625335404e-5
0.0372,99073.9690797848,7.010030455334742e-5
0.03721,99073.72140591443,7.009510160577956e-5
0.03722,99073.47373266345,7.008984328056084e-5
0.03723,99073.22606003186,7.008452597313451e-5
0.03724,99072.97838801963,7.007915288466304e-5
0.03725,99072.73071662679,7.00737340220281e-5
0.03726,99072.48304585333,7.006828619783062e-5
0.03727,99072.23537569924,7.006283303039073e-5
0.03728,99071.98770616452,7.005740494374782e-5
0.03729,99071.74003724917,7.005203916766046e-5
0.0373,99071.4923689532,7.004677911344406e-5
0.03731,99071.24470127659,7.004160559695095e-5
0.03732,99070.99703421936,7.00364612983127e-5
0.03733,99070.7493677815,7.00313149754807e-5
0.03734,99070.50170196299,7.002614219079414e-5
0.03735,99070.25403676384,7.00209253109801e-5
0.03736,99070.00637218407,7.001565350715349e-5
0.03737,99069.75870822366,7.001032275481704e-5
0.03738,99069.51104488259,7.000493583386136e-5
0.03739,99069.26338216089,6.999950232856484e-5
0.0374,99069.01572005854,6.999403862759377e-5
0.03741,99068.76805857556,6.998856792400223e-5
0.03742,99068.52039771191,6.998312021523218e-5
0.03743,99068.27273746762,6.997773230311338e-5
0.03744,99068.02507784267,6.997244764437192e-5
0.03745,99067.77741883708,6.996725406961764e-5
0.03746,99067.52976045084,6.996209188313972e-5
0.03747,99067.28210268394,6.995692942355897e-5
0.03748,99067.03444553638,6.995174183255209e-5
0.03749,99066.78678900817,6.994651105485171e-5
0.0375,99066.53913309929,6.994122583824636e-5
0.03751,99066.29147780975,6.993588173358045e-5
0.03752,99066.04382313955,6.993048109475433e-5
0.03753,99065.79616908867,6.992503307872423e-5
0.03754,99065.54851565715,6.991955364550228e-5
0.03755,99065.30086284495,6.991406555815655e-5
0.03756,99065.05321065208,6.9908598382811e-5
0.03757,99064.80555907854,6.990318848864549e-5
0.03758,99064.55790812433,6.989787904789577e-5
0.03759,99064.31025778943,6.989266526947028e-5
0.0376,99064.06260807387,6.988748510111332e-5
0.03761,99063.81495897763,6.988230645726802e-5
0.03762,99063.56731050072,6.987710405423269e-5
0.03763,99063.31966264312,6.987185941002846e-5
0.03764,99063.07201540485,6.98665608443993e-5
0.03765,99062.82436878588,6.986120347881193e-5
0.03766,99062.57672278624,6.985578923645595e-5
0.03767,99062.3290774059,6.985032684224372e-5
0.03768,99062.08143264487,6.984483182281044e-5
0.03769,99061.83378850317,6.983932650651412e-5
0.0377,99061.58614498077,6.983384002343557e-5
0.03771,99061.33850207768,6.982840830537842e-5
0.03772,99061.09085979388,6.982307408586914e-5
0.03773,99060.8432181294,6.981783978886072e-5
0.03774,99060.59557708421,6.981264153874894e-5
0.03775,99060.34793665833,6.980744665822129e-5
0.03776,99060.10029685176,6.980222943347299e-5
0.03777,99059.85265766448,6.979697095108873e-5
0.03778,99059.60501909649,6.97916590980428e-5
0.03779,99059.3573811478,6.978628856169899e-5
0.0378,99059.10974381841,6.978086082981062e-5
0.03781,99058.8621071083,6.977538419052059e-5
0.03782,99058.6144710175,6.976987373236127e-5
0.03783,99058.36683554597,6.976435134425465e-5
0.03784,99058.11920069373,6.975884571551218e-5
0.03785,99057.87156646077,6.975339233583489e-5
0.03786,99057.62393284711,6.974803349531332e-5
0.03787,99057.37629985272,6.974277822279461e-5
0.03788,99057.12866747762,6.973756178497798e-5
0.03789,99056.8810357218,6.973235061020159e-5
0.0379,99056.63340458526,6.972711854984123e-5
0.03791,99056.38577406798,6.972184625432698e-5
0.03792,99056.13814416999,6.971652117314313e-5
0.03793,99055.89051489127,6.971113755482822e-5
0.03794,99055.64288623183,6.970569644697507e-5
0.03795,99055.39525819165,6.97002056962307e-5
0.03796,99055.14763077073,6.969467994829641e-5
0.03797,99054.9000039691,6.968914064792776e-5
0.03798,99054.65237778673,6.96836160389345e-5
0.03799,99054.4047522236,6.967814116418067e-5
0.038,99054.15712727976,6.967275786558457e-5
0.03801,99053.90950295517,6.96674811695775e-5
0.03802,99053.66187924985,6.966224643195402e-5
0.03803,99053.41425616377,6.965701890014528e-5
0.03804,99053.16663369696,6.965177198598474e-5
0.03805,99052.9190118494,6.964648589902326e-5
0.03806,99052.6713906211,6.964114764652918e-5
0.03807,99052.42377001204,6.963575103348827e-5
0.03808,99052.17615002223,6.963029666260375e-5
0.03809,99051.92853065168,6.962479193429627e-5
0.0381,99051.68091190037,6.961925104670393e-5
0.03811,99051.4332937683,6.96136949956823e-5
0.03812,99051.1856762555,6.960815157480435e-5
0.03813,99050.93805936191,6.960265537536054e-5
0.03814,99050.69044308757,6.959724778635872e-5
0.03815,99050.44282743249,6.959194922908964e-5
0.03816,99050.19521239663,6.958669607316464e-5
0.03817,99049.94759798,6.958145211613882e-5
0.03818,99049.69998418262,6.957619032556896e-5
0.03819,99049.45237100446,6.957089046539248e-5
0.0382,99049.20475844554,6.956553909592743e-5
0.03821,99048.95714650585,6.956012957387254e-5
0.03822,99048.70953518538,6.955466205230715e-5
0.03823,99048.46192448415,6.954914348069126e-5
0.03824,99048.21431440214,6.954358760486552e-5
0.03825,99047.96670493935,6.953801496705125e-5
0.03826,99047.71909609578,6.953245290585038e-5
0.03827,99047.47148787144,6.95269355562455e-5
0.03828,99047.22388026632,6.952150384959983e-5
0.03829,99046.97627328041,6.951618300510588e-5
0.0383,99046.72866691371,6.951091130580992e-5
0.03831,99046.48106116624,6.950565084974264e-5
0.03832,99046.23345603797,6.950037415546091e-5
0.03833,99045.98585152892,6.949506053656315e-5
0.03834,99045.73824763908,6.948969610168932e-5
0.03835,99045.49064436844,6.948427375452083e-5
0.03836,99045.24304171703,6.947879319378066e-5
0.03837,99044.9954396848,6.947326091323326e-5
0.03838,99044.74783827178,6.946769020168459e-5
0.03839,99044.50023747796,6.946210114298213e-5
0.0384,99044.25263730335,6.945652061601486e-5
0.03841,99044.00503774793,6.945098229471332e-5
0.03842,99043.75743881172,6.944552664804948e-5
0.03843,99043.5098404947,6.944018310363119e-5
0.03844,99043.26224279687,6.943489272919397e-5
0.03845,99043.01464571824,6.942961569456592e-5
0.03846,99042.7670492588,6.942432406456218e-5
0.03847,99042.51945341854,6.941899669770044e-5
0.03848,99042.27185819748,6.941361924620087e-5
0.03849,99042.0242635956,6.940818415598625e-5
0.0385,99041.77666961291,6.94026906666818e-5
0.03851,99041.5290762494,6.939714481161532e-5
0.03852,99041.28148350507,6.939155941781715e-5
0.03853,99041.03389137992,6.938595410602013e-5
0.03854,99040.78629987396,6.938035529065963e-5
0.03855,99040.53870898717,6.937479617987361e-5
0.03856,99040.29111871954,6.936931677550246e-5
0.03857,99040.0435290711,6.936395013318423e-5
0.03858,99039.79594004183,6.935864094486276e-5
0.03859,99039.54835163173,6.935334724618778e-5
0.0386,99039.30076384082,6.934804064348883e-5
0.03861,99039.05317666905,6.934269953545911e-5
0.03862,99038.80559011646,6.933730911315542e-5
0.03863,99038.55800418304,6.933186135999817e-5
0.03864,99038.31041886877,6.93263550517714e-5
0.03865,99038.06283417367,6.932079575662274e-5
0.03866,99037.81525009773,6.931519583506351e-5
0.03867,99037.56766664096,6.930957443996856e-5
0.03868,99037.32008380332,6.930395751657643e-5
0.03869,99037.07250158486,6.929837780248923e-5
0.0387,99036.82491998555,6.929287482767272e-5
0.03871,99036.57733900538,6.928748470599565e-5
0.03872,99036.32975864437,6.928215655793387e-5
0.03873,99036.0821789025,6.92768461035931e-5
0.03874,99035.8345997798,6.927152448607632e-5
0.03875,99035.58702127624,6.926616963951023e-5
0.03876,99035.33944339181,6.926076628904528e-5
0.03877,99035.09186612653,6.925530595085567e-5
0.03878,99034.8442894804,6.924978693213935e-5
0.03879,99034.5967134534,6.9244214331118e-5
0.0388,99034.34913804554,6.923860003703707e-5
0.03881,99034.10156325683,6.923296273016572e-5
0.03882,99033.85398908723,6.92273278817969e-5
0.03883,99033.6064155368,6.922172775424727e-5
0.03884,99033.35884260548,6.921620140085726e-5
0.03885,99033.11127029329,6.921078743634753e-5
0.03886,99032.86369860022,6.920544017530395e-5
0.03887,99032.6161275263,6.920011286730123e-5
0.03888,99032.36855707149,6.919477618748382e-5
0.03889,99032.12098723582,6.91894076006774e-5
0.0389,99031.87341801926,6.918399136138893e-5
0.03891,99031.62584942183,6.917851851380655e-5
0.03892,99031.37828144351,6.917298689179972e-5
0.03893,99031.13071408433,6.916740111891911e-5
0.03894,99030.88314734424,6.916177260839662e-5
0.03895,99030.63558122328,6.915611956314545e-5
0.03896,99030.38801572143,6.915046697575998e-5
0.03897,99030.14045083869,6.914484662851587e-5
0.03898,99029.89288657508,6.913929709337004e-5
0.03899,99029.64532293055,6.913385894255122e-5
0.039,99029.39775990514,6.912849240780892e-5
0.03901,99029.15019749885,6.912314814165943e-5
0.03902,99028.90263571165,6.911779634656104e-5
0.03903,99028.65507454355,6.9112414013307e-5
0.03904,99028.40751399456,6.910698492102547e-5
0.03905,99028.15995406467,6.910149963717957e-5
0.03906,99027.91239475388,6.909595551756735e-5
0.03907,99027.66483606218,6.909035670632175e-5
0.03908,99027.41727798959,6.908471413591073e-5
0.03909,99027.16972053607,6.907904552713712e-5
0.0391,99026.92216370166,6.907337538913871e-5
0.03911,99026.67460748633,6.906773501938822e-5
0.03912,99026.4270518901,6.90621625036933e-5
0.03913,99026.17949691296,6.905669984446676e-5
0.03914,99025.93194255489,6.905131386759217e-5
0.03915,99025.68438881592,6.904595253220331e-5
0.03916,99025.43683569602,6.904058556331258e-5
0.03917,99025.18928319521,6.903518947292168e-5
0.03918,99024.94173131348,6.902974756002174e-5
0.03919,99024.69418005082,6.902424991059323e-5
0.0392,99024.44662940725,6.901869339760598e-5
0.03921,99024.19907938274,6.901308168101923e-5
0.03922,99023.95152997732,6.900742520778153e-5
0.03923,99023.70398119096,6.900174121183083e-5
0.03924,99023.45643302368,6.899605371409445e-5
0.03925,99023.20888547545,6.899039352248908e-5
0.03926,99022.96133854632,6.898479823192076e-5
0.03927,99022.71379223623,6.89793107654744e-5
0.03928,99022.46624654521,6.897390517004968e-5
0.03929,99022.21870147325,6.89685266473806e-5
0.0393,99021.97115702035,6.89631444402822e-5
0.03931,99021.72361318652,6.895773457721244e-5
0.03932,99021.47606997174,6.895227987227217e-5
0.03933,99021.22852737604,6.894676992520515e-5
0.03934,99020.98098539936,6.894120112139801e-5
0.03935,99020.73344404175,6.893557663188028e-5
0.03936,99020.4859033032,6.892990641332443e-5
0.03937,99020.23836318369,6.892420720804576e-5
0.03938,99019.99082368323,6.891850254400251e-5
0.03939,99019.74328480182,6.891282273479581e-5
0.0394,99019.49574653945,6.890720487966969e-5
0.03941,99019.24820889613,6.890169233254769e-5
0.03942,99019.00067187185,6.889626693402957e-5
0.03943,99018.75313546661,6.889087109895058e-5
0.03944,99018.50559968041,6.888547358317917e-5
0.03945,99018.25806451325,6.888004992687854e-5
0.03946,99018.01052996513,6.887458245450652e-5
0.03947,99017.76299603605,6.886906027481569e-5
0.03948,99017.51546272599,6.886347928085328e-5
0.03949,99017.26793003497,6.885784214996125e-5
0.0395,99017.02039796297,6.885215834377623e-5
0.03951,99016.77286651001,6.884644410822955e-5
0.03952,99016.52533567608,6.884072247354723e-5
0.03953,99016.27780546117,6.883502325425e-5
0.03954,99016.03027586528,6.882938304915327e-5
0.03955,99015.78274688842,6.882384517489138e-5
0.03956,99015.53521853057,6.881839978035548e-5
0.03957,99015.28769079175,6.881298650047777e-5
0.03958,99015.04016367195,6.880757359940926e-5
0.03959,99014.79263717117,6.880213612424852e-5
0.0396,99014.54511128938,6.879665590504165e-5
0.03961,99014.29758602663,6.879112155478228e-5
0.03962,99014.05006138288,6.878552846941161e-5
0.03963,99013.80253735813,6.877987882781834e-5
0.03964,99013.55501395241,6.877418159183872e-5
0.03965,99013.30749116569,6.876845250625655e-5
0.03966,99013.05996899797,6.876271409880315e-5
0.03967,99012.81244744927,6.875699568015739e-5
0.03968,99012.56492651955,6.875133334394566e-5
0.03969,99012.31740620884,6.87457699667419e-5
0.0397,99012.06988651713,6.874030433299387e-5
0.03971,99011.82236744442,6.873487346835572e-5
0.03972,99011.57484899071,6.872944509886739e-5
0.03973,99011.32733115599,6.872399377380202e-5
0.03974,99011.07981394026,6.871850082403222e-5
0.03975,99010.83229734353,6.871295436203004e-5
0.03976,99010.58478136577,6.870734928186702e-5
0.03977,99010.33726600702,6.870168725921412e-5
0.03978,99010.08975126725,6.869597675134179e-5
0.03979,99009.84223714647,6.869023299711991e-5
0.0398,99009.59472364467,6.868447801701785e-5
0.03981,99009.34721076184,6.867874061310442e-5
0.03982,99009.09969849802,6.867305636904788e-5
0.03983,99008.85218685315,6.866746765011598e-5
0.03984,99008.60467582727,6.866198121945543e-5
0.03985,99008.35716542037,6.86565326223769e-5
0.03986,99008.10965563245,6.865108869469837e-5
0.03987,99007.86214646349,6.864562348310922e-5
0.03988,99007.6146379135,6.864011781454831e-5
0.03989,99007.3671299825,6.863455929620393e-5
0.0399,99007.11962267043,6.862894231551389e-5
0.03991,99006.87211597736,6.862326804016543e-5
0.03992,99006.62460990324,6.861754441809529e-5
0.03993,99006.3771044481,6.861178617748967e-5
0.03994,99006.12959961192,6.860601482678424e-5
0.03995,99005.88209539469,6.860025865466418e-5
0.03996,99005.63459179642,6.859455273006406e-5
0.03997,99005.38708881711,6.858893890216801e-5
0.03998,99005.13958645675,6.858343106929661e-5
0.03999,99004.89208471535,6.857796458415302e-5
0.04,99004.6445835929,6.857250500169649e-5
0.04001,99004.39708308941,6.856702586126404e-5
0.04002,99004.14958320487,6.856150748109165e-5
0.04003,99003.90208393928,6.85559369583142e-5
0.04004,99003.65458529262,6.85503081689655e-5
0.04005,99003.40708726492,6.854462176797828e-5
0.04006,99003.15958985615,6.853888518918419e-5
0.04007,99002.91209306633,6.853311264531376e-5
0.04008,99002.66459689545,6.852732512799652e-5
0.04009,99002.41710134351,6.852155040776084e-5
0.0401,99002.16960641052,6.851582303403406e-5
0.04011,99001.92211209645,6.851018433514241e-5
0.04012,99001.67461840132,6.850465451566415e-5
0.04013,99001.42712532512,6.849916997865627e-5
0.04014,99001.17963286785,6.84936946377647e-5
0.04015,99000.93214102951,6.848820152020699e-5
0.04016,99000.68464981011,6.848267043074776e-5
0.04017,99000.43715920963,6.84770879516987e-5
0.04018,99000.18966922807,6.847144744291862e-5
0.04019,98999.94217986544,6.84657490418134e-5
0.0402,98999.69469112172,6.845999966333601e-5
0.04021,98999.44720299693,6.845421299998654e-5
0.04022,98999.19971549106,6.844840952181212e-5
0.04023,98998.9522286041,6.844261647640701e-5
0.04024,98998.70474233606,6.843686788891253e-5
0.04025,98998.45725668695,6.843120456201713e-5
0.04026,98998.20977165674,6.84256521944394e-5
0.04027,98997.96228724543,6.842014943338164e-5
0.04028,98997.71480345304,6.841465822315289e-5
0.04029,98997.46732027957,6.840915107407475e-5
0.0403,98997.21983772499,6.840360727266378e-5
0.04031,98996.97235578932,6.839801288163165e-5
0.04032,98996.72487447255,6.8392360739885e-5
0.04033,98996.47739377468,6.838665046252556e-5
0.04034,98996.22991369572,6.838088844085006e-5
0.04035,98995.98243423564,6.837508784235026e-5
0.04036,98995.73495539448,6.836926861071297e-5
0.04037,98995.48747717221,6.836345746582005e-5
0.04038,98995.23999956883,6.835768790374836e-5
0.04039,98994.99252258433,6.835200019676983e-5
0.0404,98994.74504621874,6.834642474456591e-5
0.04041,98994.49757047204,6.834090357859241e-5
0.04042,98994.25009534422,6.833539638057049e-5
0.04043,98994.0026208353,6.832987513915909e-5
0.04044,98993.75514694524,6.832431861785799e-5
0.04045,98993.50767367407,6.831871235500786e-5
0.04046,98993.2602010218,6.83130486637902e-5
0.04047,98993.0127289884,6.830732663222735e-5
0.04048,98992.76525757388,6.830155212318252e-5
0.04049,98992.51778677823,6.829573777435979e-5
0.0405,98992.27031660145,6.828990299830404e-5
0.04051,98992.02284704357,6.828407398240107e-5
0.04052,98991.77537810453,6.827828368887746e-5
0.04053,98991.52790978439,6.82725718548007e-5
0.04054,98991.28044208311,6.826697280869756e-5
0.04055,98991.0329750007,6.826143304807311e-5
0.04056,98990.78550853714,6.825590973604301e-5
0.04057,98990.53804269245,6.825037433484945e-5
0.04058,98990.29057746664,6.824480508021681e-5
0.04059,98990.04311285968,6.823918698135168e-5
0.0406,98989.79564887159,6.823351182094277e-5
0.04061,98989.54818550234,6.822777815516103e-5
0.04062,98989.30072275196,6.822199131365953e-5
0.04063,98989.05326062044,6.821616339957357e-5
0.04064,98988.80579910775,6.821031328952061e-5
0.04065,98988.55833821393,6.820446663360028e-5
0.04066,98988.31087793896,6.81986558553944e-5
0.04067,98988.06341828284,6.819292015196696e-5
0.04068,98987.81595924556,6.818729703205769e-5
0.04069,98987.56850082714,6.818173847800987e-5
0.0407,98987.32104302756,6.817619891792465e-5
0.04071,98987.07358584683,6.817064928284448e-5
0.04072,98986.82612928492,6.816506727593491e-5
0.04073,98986.57867334186,6.81594373724846e-5
0.04074,98986.33121801764,6.815375081990535e-5
0.04075,98986.08376331226,6.814800563773202e-5
0.04076,98985.83630922572,6.814220661762263e-5
0.04077,98985.588855758,6.813636532335827e-5
0.04078,98985.34140290912,6.813050009084321e-5
0.04079,98985.09395067907,6.812463602810476e-5
0.0408,98984.84649906785,6.811880501529339e-5
0.04081,98984.59904807546,6.811304570468268e-5
0.04082,98984.3515977019,6.810739806248754e-5
0.04083,98984.10414794715,6.810182050687405e-5
0.04084,98983.85669881123,6.809626455655191e-5
0.04085,98983.60925029413,6.809070060655763e-5
0.04086,98983.36180239586,6.808510582269452e-5
0.04087,98983.1143551164,6.807946414153273e-5
0.04088,98982.86690845575,6.807376627040922e-5
0.04089,98982.61946241393,6.806800968742782e-5
0.0409,98982.3720169909,6.806219864145914e-5
0.04091,98982.12457218672,6.805634415214065e-5
0.04092,98981.87712800132,6.805046400987662e-5
0.04093,98981.62968443474,6.804458277583818e-5
0.04094,98981.38224148696,6.803873178196325e-5
0.04095,98981.134799158,6.80329491309566e-5
0.04096,98980.88735744782,6.802727655193205e-5
0.04097,98980.63991635646,6.802167977694718e-5
0.04098,98980.3924758839,6.801610728569025e-5
0.04099,98980.14503603014,6.801052893240597e-5
0.041,98979.89759679518,6.800492134074878e-5
0.04101,98979.650158179,6.799926790378295e-5
0.04102,98979.40272018165,6.799355878398248e-5
0.04103,98979.15528280307,6.798779091323115e-5
0.04104,98978.90784604328,6.798196799282255e-5
0.04105,98978.66040990228,6.797610049346e-5
0.04106,98978.41297438009,6.797020565525662e-5
0.04107,98978.16553947667,6.79643074877353e-5
0.04108,98977.91810519203,6.79584367698287e-5
0.04109,98977.67067152618,6.795263104987924e-5
0.0411,98977.42323847912,6.794693315594258e-5
0.04111,98977.17580605084,6.794131693392608e-5
0.04112,98976.92837424134,6.793572774233667e-5
0.04113,98976.68094305061,6.793013488985461e-5
0.04114,98976.43351247866,6.792451445320967e-5
0.04115,98976.18608252548,6.79188492771812e-5
0.04116,98975.93865319109,6.791312897459806e-5
0.04117,98975.69122447545,6.790734992633872e-5
0.04118,98975.4437963786,6.790151528133114e-5
0.04119,98975.1963689005,6.789563495655283e-5
0.0412,98974.94894204118,6.788972563703089e-5
0.04121,98974.70151580063,6.788381077584195e-5
0.04122,98974.45409017884,6.787792059411215e-5
0.04123,98974.2066651758,6.787209208101721e-5
0.04124,98973.95924079155,6.78663685328315e-5
0.04125,98973.71181702604,6.786073262601117e-5
0.04126,98973.46439387929,6.785512656580518e-5
0.04127,98973.21697135128,6.784951911054691e-5
0.04128,98972.96954944204,6.784388578525704e-5
0.04129,98972.72212815157,6.783820888164355e-5
0.0413,98972.47470747984,6.78324774581017e-5
0.04131,98972.22728742685,6.782668733971409e-5
0.04132,98971.97986799262,6.782084111825055e-5
0.04133,98971.73244917713,6.78149481521683e-5
0.04134,98971.48503098037,6.780902456661174e-5
0.04135,98971.23761340238,6.780309325341267e-5
0.04136,98970.99019644312,6.779718387109011e-5
0.04137,98970.7427801026,6.779133284485044e-5
0.04138,98970.49536438084,6.77855833443106e-5
0.04139,98970.24794927781,6.777992750452948e-5
0.0414,98970.00053479351,6.777430439827797e-5
0.04141,98969.75312092794,6.776868222875022e-5
0.04142,98969.5057076811,6.776303596446458e-5
0.04143,98969.258295053,6.775734733926345e-5
0.04144,98969.01088304364,6.775160485231344e-5
0.04145,98968.76347165299,6.774580376810524e-5
0.04146,98968.51606088107,6.773994611645369e-5
0.04147,98968.26865072788,6.773404069249779e-5
0.04148,98968.02124119342,6.772810305670066e-5
0.04149,98967.77383227767,6.772215553484955e-5
0.0415,98967.52642398066,6.771622721805585e-5
0.04151,98967.27901630235,6.771035396275509e-5
0.04152,98967.03160924277,6.770457839070693e-5
0.04153,98966.7842028019,6.769890222397118e-5
0.04154,98966.53679697974,6.769326188480603e-5
0.04155,98966.2893917763,6.768762488131102e-5
0.04156,98966.04198719157,6.768196562070792e-5
0.04157,98965.79458322555,6.767626527417835e-5
0.04158,98965.54717987824,6.767051177686375e-5
0.04159,98965.29977714963,6.766469982786536e-5
0.0416,98965.05237503974,6.76588308902443e-5
0.04161,98964.80497354854,6.765291319102147e-5
0.04162,98964.55757267604,6.764696172117763e-5
0.04163,98964.31017242225,6.764099823565334e-5
0.04164,98964.06277278716,6.763505125334903e-5
0.04165,98963.81537377076,6.762915605712492e-5
0.04166,98963.56797537307,6.762335469380109e-5
0.04167,98963.32057759407,6.761765744232977e-5
0.04168,98963.07318043376,6.761199967369415e-5
0.04169,98962.82578389214,6.760634770808108e-5
0.0417,98962.5783879692,6.760067538662186e-5
0.04171,98962.33099266497,6.759496331304173e-5
0.04172,98962.0835979794,6.758919885365977e-5
0.04173,98961.83620391255,6.758337613738904e-5
0.04174,98961.58881046435,6.757749605573643e-5
0.04175,98961.34141763486,6.75715662628028e-5
0.04176,98961.09402542403,6.756560117528286e-5
0.04177,98960.84663383188,6.755962197246525e-5
0.04178,98960.59924285843,6.755365659623254e-5
0.04179,98960.35185250363,6.754773975106113e-5
0.0418,98960.10446276751,6.754191290402139e-5
0.04181,98959.85707365007,6.75361938206082e-5
0.04182,98959.6096851513,6.753051841600537e-5
0.04183,98959.36229727119,6.7524851351452e-5
0.04184,98959.11491000977,6.751916589718586e-5
0.04185,98958.867523367,6.751344208467215e-5
0.04186,98958.62013734289,6.75076667066036e-5
0.04187,98958.37275193745,6.750183331690032e-5
0.04188,98958.12536715069,6.749594223070998e-5
0.04189,98957.87798298257,6.74900005244076e-5
0.0419,98957.6305994331,6.748402203559577e-5
0.04191,98957.38321650232,6.747802736310446e-5
0.04192,98957.13583419017,6.747204386699117e-5
0.04193,98956.88845249669,6.746610566854082e-5
0.04194,98956.64107142185,6.74602536502658e-5
0.04195,98956.39369096566,6.745451202313047e-5
0.04196,98956.14631112813,6.744881876581748e-5
0.04197,98955.89893190925,6.744313645652644e-5
0.04198,98955.65155330901,6.743743778979755e-5
0.04199,98955.4041753274,6.743170222003132e-5
0.042,98955.15679796446,6.742591596148851e-5
0.04201,98954.90942122015,6.742007198829018e-5
0.04202,98954.66204509449,6.741417003441765e-5
0.04203,98954.41466958745,6.740821659371249e-5
0.04204,98954.16729469906,6.740222491987659e-5
0.04205,98953.91992042931,6.739621502647211e-5
0.04206,98953.67254677818,6.739021368692143e-5
0.04207,98953.4251737457,6.73842544345073e-5
0.04208,98953.17780133184,6.737837756237263e-5
0.04209,98952.9304295366,6.737261271787785e-5
0.0421,98952.68305836,6.736690138063154e-5
0.04211,98952.43568780203,6.736120367161132e-5
0.04212,98952.18831786267,6.735549170484663e-5
0.04213,98951.94094854195,6.734974435286017e-5
0.04214,98951.69357983985,6.734394724666801e-5
0.04215,98951.44621175637,6.733809277577949e-5
0.04216,98951.1988442915,6.733218008819726e-5
0.04217,98950.95147744525,6.732621509041732e-5
0.04218,98950.70411121762,6.732021044742896e-5
0.04219,98950.45674560861,6.731418558271476e-5
0.0422,98950.2093806182,6.730816667825067e-5
0.04221,98949.9620162464,6.73021866745059e-5
0.04222,98949.71465249322,6.729628527044298e-5
0.04223,98949.46728935864,6.729049657569975e-5
0.04224,98949.21992684268,6.728476692048907e-5
0.04225,98948.9725649453,6.72790536472623e-5
0.04226,98948.72520366654,6.727332828471387e-5
0.04227,98948.47784300639,6.726756911866607e-5
0.04228,98948.23048296482,6.726176119206917e-5
0.04229,98947.98312354187,6.725589630500124e-5
0.0423,98947.7357647375,6.724997301466836e-5
0.04231,98947.48840655173,6.72439966354044e-5
0.04232,98947.24104898455,6.723797923867124e-5
0.04233,98946.99369203598,6.723193965305859e-5
0.04234,98946.74633570599,6.722590346428408e-5
0.04235,98946.49897999458,6.721990301519327e-5
0.04236,98946.25162490176,6.721397740575955e-5
0.04237,98946.00427042754,6.720816427152684e-5
0.04238,98945.7569165719,6.720241604918024e-5
0.04239,98945.50956333484,6.719668703739406e-5
0.0424,98945.26221071636,6.719094817472432e-5
0.04241,98945.01485871647,6.718517715548747e-5
0.04242,98944.76750733514,6.717935842976039e-5
0.04243,98944.5201565724,6.717348320338033e-5
0.04244,98944.27280642824,6.716754943794501e-5
0.04245,98944.02545690264,6.716156185081253e-5
0.04246,98943.77810799562,6.71555319151014e-5
0.04247,98943.53075970718,6.714947785969061e-5
0.04248,98943.2834120373,6.714342466921947e-5
0.04249,98943.03606498598,6.713740408408778e-5
0.0425,98942.78871855323,6.713145460045574e-5
0.04251,98942.54137273904,6.712561648413e-5
0.04252,98942.29402754342,6.71198494341083e-5
0.04253,98942.04668296636,6.711410449931568e-5
0.04254,98941.79933900788,6.710835202337923e-5
0.04255,98941.55199566793,6.710256910431465e-5
0.04256,98941.30465294655,6.709673959452612e-5
0.04257,98941.05731084372,6.709085410080639e-5
0.04258,98940.80996935946,6.708490998433675e-5
0.04259,98940.56262849373,6.707891136068701e-5
0.0426,98940.31528824657,6.707286909981556e-5
0.04261,98940.06794861794,6.706680082606932e-5
0.04262,98939.82060960786,6.70607309181837e-5
0.04263,98939.57327121634,6.705469050928273e-5
0.04264,98939.32593344335,6.704871748687894e-5
0.04265,98939.07859628892,6.70428538952987e-5
0.04266,98938.83125975303,6.703706774542852e-5
0.04267,98938.58392383567,6.703130669290504e-5
0.04268,98938.33658853685,6.702554048161732e-5
0.04269,98938.08925385657,6.701974560846928e-5
0.0427,98937.84191979482,6.701390532337965e-5
0.04271,98937.59458635161,6.700800962928197e-5
0.04272,98937.34725352692,6.700205528212463e-5
0.04273,98937.09992132077,6.699604579087084e-5
0.04274,98936.85258973316,6.698999141749865e-5
0.04275,98936.60525876406,6.698390917700092e-5
0.04276,98936.35792841349,6.697782283738535e-5
0.04277,98936.11059868145,6.697176291967446e-5
0.04278,98935.86326956793,6.69657666979056e-5
0.04279,98935.61594107292,6.695987719023662e-5
0.0428,98935.36861319644,6.695407165635125e-5
0.04281,98935.12128593848,6.69482942807484e-5
0.04282,98934.87395929903,6.694251420275885e-5
0.04283,98934.62663327811,6.693670731335404e-5
0.04284,98934.37930787569,6.693085625514612e-5
0.04285,98934.13198309178,6.692495042238786e-5
0.04286,98933.88465892638,6.691898596097268e-5
0.04287,98933.6373353795,6.691296576843475e-5
0.04288,98933.39001245113,6.690689949394881e-5
0.04289,98933.14269014125,6.690080353833032e-5
0.0429,98932.89536844988,6.68947010540354e-5
0.04291,98932.64804737702,6.688862194516083e-5
0.04292,98932.40072692266,6.688260286744405e-5
0.04293,98932.1534070868,6.687668705840328e-5
0.04294,98931.90608786943,6.687086184406647e-5
0.04295,98931.65876927057,6.686506792913026e-5
0.04296,98931.41145129019,6.685927384353703e-5
0.04297,98931.16413392831,6.685345486749616e-5
0.04298,98930.91681718492,6.684759303148411e-5
0.04299,98930.66950106002,6.684167711624436e-5
0.043,98930.42218555362,6.683570265278747e-5
0.04301,98930.1748706657,6.682967192239101e-5
0.04302,98929.92755639626,6.682359395659964e-5
0.04303,98929.68024274531,6.681748453722503e-5
0.04304,98929.43292971283,6.681136619634593e-5
0.04305,98929.18561729885,6.680526821630813e-5
0.04306,98928.93830550334,6.679922662972445e-5
0.04307,98928.6909943263,6.679328421947477e-5
0.04308,98928.44368376776,6.678743898864224e-5
0.04309,98928.19637382768,6.67816283068458e-5
0.0431,98927.94906450607,6.677582006285424e-5
0.04311,98927.70175580295,6.676998892128297e-5
0.04312,98927.45444771828,6.676411629564144e-5
0.04313,98927.20714025208,6.675819034833304e-5
0.04314,98926.95983340435,6.675220599065527e-5
0.04315,98926.7125271751,6.674616488279955e-5
0.04316,98926.4652215643,6.674007543385136e-5
0.04317,98926.21791657196,6.673395280179016e-5
0.04318,98925.97061219809,6.672781889348946e-5
0.04319,98925.72330844267,6.672170236471675e-5
0.0432,98925.47600530571,6.671563862013351e-5
0.04321,98925.22870278722,6.670966981329531e-5
0.04322,98924.98140088718,6.670380377456092e-5
0.04323,98924.73409960559,6.669797608676785e-5
0.04324,98924.48679894244,6.669215352331035e-5
0.04325,98924.23949889776,6.668631012839722e-5
0.04326,98923.99219947151,6.668042669375519e-5
0.04327,98923.74490066372,6.667449075862884e-5
0.04328,98923.49760247437,6.666849660978065e-5
0.04329,98923.25030490347,6.6662445281491e-5
0.0433,98923.003007951,6.665634455555811e-5
0.04331,98922.75571161698,6.665020896129814e-5
0.04332,98922.5084159014,6.664405977554513e-5
0.04333,98922.26112080425,6.663792502265097e-5
0.04334,98922.01382632555,6.663183947448548e-5
0.04335,98921.76653246528,6.662584465043634e-5
0.04336,98921.51923922343,6.661995688967537e-5
0.04337,98921.27194660003,6.66141119449526e-5
0.04338,98921.02465459505,6.660827489056209e-5
0.04339,98920.7773632085,6.66024191454773e-5
0.0434,98920.53007244038,6.659652487481262e-5
0.04341,98920.28278229068,6.659057898982331e-5
0.04342,98920.0354927594,6.658457514790555e-5
0.04343,98919.78820384655,6.657851375259645e-5
0.04344,98919.54091555212,6.657240195357402e-5
0.04345,98919.2936278761,6.656625364665716e-5
0.04346,98919.04634081852,6.65600894738057e-5
0.04347,98918.79905437934,6.655393682312037e-5
0.04348,98918.55176855858,6.65478298288428e-5
0.04349,98918.30448335623,6.654180937135557e-5
0.0435,98918.05719877228,6.653589902461727e-5
0.04351,98917.80991480676,6.653003655982875e-5
0.04352,98917.56263145963,6.652418483227251e-5
0.04353,98917.31534873092,6.651831663084611e-5
0.04354,98917.06806662062,6.651241148921181e-5
0.04355,98916.82078512872,6.650645568579662e-5
0.04356,98916.57350425521,6.650044224379233e-5
0.04357,98916.3262240001,6.649437093115541e-5
0.04358,98916.07894436341,6.648824826060713e-5
0.04359,98915.8316653451,6.648208748963348e-5
0.0436,98915.5843869452,6.647590862048516e-5
0.04361,98915.33710916368,6.646973840017765e-5
0.04362,98915.08983200057,6.646361032049117e-5
0.04363,98914.84255545583,6.645756461797067e-5
0.04364,98914.59527952949,6.645163087489108e-5
0.04365,98914.34800422154,6.644575061437207e-5
0.04366,98914.10072953197,6.643988402027021e-5
0.04367,98913.8534554608,6.643400324657733e-5
0.04368,98913.606182008,6.642808719067243e-5
0.04369,98913.35890917359,6.642212149332165e-5
0.0437,98913.11163695756,6.641609853867834e-5
0.04371,98912.86436535991,6.641001745428297e-5
0.04372,98912.61709438064,6.64038841110632e-5
0.04373,98912.36982401973,6.639771112333385e-5
0.04374,98912.1225542772,6.63915178487969e-5
0.04375,98911.87528515306,6.63853303885415e-5
0.04376,98911.62801664727,6.637918158704395e-5
0.04377,98911.38074875987,6.637311103216774e-5
0.04378,98911.13348149082,6.63671531392406e-5
0.04379,98910.88621484015,6.636125479446909e-5
0.0438,98910.63894880784,6.635537312900962e-5
0.04381,98910.39168339389,6.634947965711855e-5
0.04382,98910.14441859831,6.634355263506016e-5
0.04383,98909.89715442108,6.63375770611066e-5
0.04384,98909.64989086222,6.633154467553795e-5
0.04385,98909.4026279217,6.632545396064215e-5
0.04386,98909.15536559955,6.631931014071506e-5
0.04387,98908.90810389575,6.631312518206045e-5
0.04388,98908.6608428103,6.630691779298998e-5
0.04389,98908.41358234322,6.630071342382316e-5
0.0439,98908.16632249446,6.629454426688747e-5
0.04391,98907.91906326407,6.628844925651826e-5
0.04392,98907.67180465203,6.62824665205815e-5
0.04393,98907.42454665832,6.62765497898839e-5
0.04394,98907.17728928296,6.627065283654234e-5
0.04395,98906.93003252594,6.626474653024062e-5
0.04396,98906.68277638726,6.62588084812902e-5
0.04397,98906.43552086691,6.625282304063025e-5
0.04398,98906.18826596491,6.62467812998276e-5
0.04399,98905.94101168125,6.624068109107678e-5
0.044,98905.69375801591,6.623452698719999e-5
0.04401,98905.44650496892,6.622833030164712e-5
0.04402,98905.19925254025,6.622210908849575e-5
0.04403,98904.9520007299,6.621588814245116e-5
0.04404,98904.7047495379,6.620969899884627e-5
0.04405,98904.45749896421,6.620357993364175e-5
0.04406,98904.21024900886,6.619757172521672e-5
0.04407,98903.96299967181,6.619163629335982e-5
0.04408,98903.7157509531,6.618572382351365e-5
0.04409,98903.4685028527,6.61798045359511e-5
0.0441,98903.22125537063,6.617385539019156e-5
0.04411,98902.97400850688,6.616786008500089e-5
0.04412,98902.72676226143,6.616180905839147e-5
0.04413,98902.4795166343,6.615569948762209e-5
0.04414,98902.23227162549,6.614953528919809e-5
0.04415,98901.98502723499,6.614332711887128e-5
0.04416,98901.73778346278,6.613709237163994e-5
0.04417,98901.49054030889,6.613085518174881e-5
0.04418,98901.24329777331,6.612464642268919e-5
0.04419,98900.99605585604,6.611850370719876e-5
0.0442,98900.74881455707,6.61124694642857e-5
0.04421,98900.5015738764,6.610651500218919e-5
0.04422,98900.25433381402,6.610058677480761e-5
0.04423,98900.00709436995,6.609465434816736e-5
0.04424,98899.75985554418,6.60886940261583e-5
0.04425,98899.5126173367,6.608268885053377e-5
0.04426,98899.26537974752,6.607662860091056e-5
0.04427,98899.01814277662,6.607050979476895e-5
0.04428,98898.77090642402,6.606433568745267e-5
0.04429,98898.52367068971,6.605811627216893e-5
0.0443,98898.27643557369,6.605186827998842e-5
0.04431,98898.02920107594,6.604561517984528e-5
0.04432,98897.78196719648,6.603938717853712e-5
0.04433,98897.53473393532,6.603322122072504e-5
0.04434,98897.28750129243,6.602716045221199e-5
0.04435,98897.04026926782,6.602118661653445e-5
0.04436,98896.79303786148,6.601524237781024e-5
0.04437,98896.54580707343,6.600929664298253e-5
0.04438,98896.29857690366,6.60033250554731e-5
0.04439,98896.05134735216,6.599730999518244e-5
0.0444,98895.80411841892,6.59912405784896e-5
0.04441,98895.55689010395,6.598511265825236e-5
0.04442,98895.30966240726,6.597892882380708e-5
0.04443,98895.06243532884,6.597269840096878e-5
0.04444,98894.81520886869,6.596643745203117e-5
0.04445,98894.56798302679,6.596016877576654e-5
0.04446,98894.32075780316,6.595392190742586e-5
0.04447,98894.07353319779,6.594773311873873e-5
0.04448,98893.8263092107,6.594164540839177e-5
0.04449,98893.57908584183,6.593565184125325e-5
0.0445,98893.33186309124,6.592969132432221e-5
0.04451,98893.08464095891,6.592373210061438e-5
0.04452,98892.83741944483,6.591774914823823e-5
0.04453,98892.59019854899,6.591172418039485e-5
0.04454,98892.34297827141,6.590564564537801e-5
0.04455,98892.09575861208,6.589950872657416e-5
0.04456,98891.848539571,6.589331534246239e-5
0.04457,98891.60132114816,6.58870741466145e-5
0.04458,98891.35410334356,6.588080052769489e-5
0.04459,98891.10688615721,6.587451660946071e-5
0.0446,98890.8596695891,6.586825125076169e-5
0.04461,98890.61245363923,6.586204004554032e-5
0.04462,98890.36523830761,6.585592532283166e-5
0.04463,98890.11802359422,6.584991138391479e-5
0.04464,98889.87080949906,6.584393430844742e-5
0.04465,98889.62359602214,6.583796140323368e-5
0.04466,98889.37638316344,6.583196697621187e-5
0.04467,98889.12917092298,6.582593206902754e-5
0.04468,98888.88195930075,6.581984445703349e-5
0.04469,98888.63474829674,6.581369864928976e-5
0.0447,98888.38753791097,6.580749588856367e-5
0.04471,98888.1403281434,6.580124415132972e-5
0.04472,98887.89311899408,6.579495814776973e-5
0.04473,98887.64591046296,6.578865932177274e-5
0.04474,98887.39870255007,6.578237585093503e-5
0.04475,98887.1514952554,6.577614264656013e-5
0.04476,98886.90428857894,6.577000135365885e-5
0.04477,98886.6570825207,6.576396595719459e-5
0.04478,98886.40987708067,6.575797202901751e-5
0.04479,98886.16267225886,6.575198523731018e-5
0.0448,98885.91546805526,6.574597921499421e-5
0.04481,98885.66826446986,6.57399343273114e-5
0.04482,98885.42106150267,6.57338376718238e-5
0.04483,98885.17385915369,6.572768307841366e-5
0.04484,98884.92665742291,6.572147110928346e-5
0.04485,98884.67945631033,6.571520905895594e-5
0.04486,98884.43225581596,6.570891095427402e-5
0.04487,98884.18505593979,6.570259755440087e-5
0.04488,98883.93785668182,6.569629635081988e-5
0.04489,98883.69065804203,6.569004156733465e-5
0.0449,98883.44346002045,6.568387416006901e-5
0.04491,98883.19626261706,6.567781627724843e-5
0.04492,98882.94906583185,6.567180518801814e-5
0.04493,98882.70186966484,6.566580429219566e-5
0.04494,98882.45467411603,6.565978654282992e-5
0.04495,98882.2074791854,6.565373162390263e-5
0.04496,98881.96028487296,6.564762595032829e-5
0.04497,98881.7130911787,6.56414626679542e-5
0.04498,98881.46589810262,6.563524165356047e-5
0.04499,98881.21870564471,6.562896951485998e-5
0.045,98880.971513805,6.562265959049843e-5
0.04501,98880.72432258345,6.561633195005428e-5
0.04502,98880.4771319801,6.561001339403884e-5
0.04503,98880.2299419949,6.560373745389614e-5
0.04504,98879.98275262788,6.559754439200308e-5
0.04505,98879.73556387905,6.559146306434163e-5
0.04506,98879.48837574838,6.558543449110927e-5
0.04507,98879.24118823587,6.557941926047007e-5
0.04508,98878.99400134153,6.557338964075262e-5
0.04509,98878.74681506536,6.556732462982894e-5
0.0451,98878.49962940736,6.556120995511437e-5
0.04511,98878.2524443675,6.555503807356771e-5
0.04512,98878.00525994583,6.554880817169107e-5
0.04513,98877.7580761423,6.554252616552995e-5
0.04514,98877.51089295694,6.553620470067323e-5
0.04515,98877.26371038973,6.552986315225319e-5
0.04516,98877.01652844068,6.552352762494545e-5
0.04517,98876.76934710977,6.551723095296903e-5
0.04518,98876.52216639703,6.551101270008635e-5
0.04519,98876.27498630244,6.550490704351976e-5
0.0452,98876.02780682598,6.549886064844615e-5
0.04521,98875.78062796767,6.549283083893774e-5
0.04522,98875.53344972752,6.54867891937481e-5
0.04523,98875.28627210551,6.548071401978342e-5
0.04524,98875.03909510163,6.547459035210259e-5
0.04525,98874.79191871591,6.546840995391716e-5
0.04526,98874.54474294832,6.54621713165913e-5
0.04527,98874.29756779886,6.545587965964191e-5
0.04528,98874.05039326755,6.54495469307385e-5
0.04529,98873.80321935436,6.544319180570327e-5
0.0453,98873.55604605931,6.543683968851107e-5
0.04531,98873.3088733824,6.543052271128944e-5
0.04532,98873.06170132362,6.542427973431856e-5
0.04533,98872.81452988296,6.541814894298631e-5
0.04534,98872.56735906043,6.541208437287696e-5
0.04535,98872.32018885603,6.540603972669205e-5
0.04536,98872.07301926974,6.539998588874292e-5
0.04537,98871.82585030158,6.539390047010331e-5
0.04538,98871.57868195155,6.538776780860937e-5
0.04539,98871.33151421962,6.53815789688596e-5
0.0454,98871.08434710583,6.537533174221493e-5
0.04541,98870.83718061013,6.536903064679867e-5
0.04542,98870.59001473257,6.53626869274965e-5
0.04543,98870.34284947312,6.535631855595649e-5
0.04544,98870.09568483177,6.534995023058913e-5
0.04545,98869.84852080853,6.534361337656729e-5
0.04546,98869.6013574034,6.53373461458262e-5
0.04547,98869.35419461639,6.533118949644093e-5
0.04548,98869.10703244747,6.532510638237685e-5
0.04549,98868.85987089666,6.531904662752171e-5
0.0455,98868.61270996396,6.531298041688879e-5
0.04551,98868.36554964934,6.530688466086175e-5
0.04552,98868.11838995284,6.530074299519474e-5
0.04553,98867.87123087443,6.529454578101226e-5
0.04554,98867.62407241412,6.528829010480932e-5
0.04555,98867.3769145719,6.528197977845126e-5
0.04556,98867.12975734778,6.527562533917388e-5
0.04557,98866.88260074174,6.526924404958343e-5
0.04558,98866.63544475379,6.526285989765654e-5
0.04559,98866.38828938393,6.525650359674028e-5
0.0456,98866.14113463217,6.525021258555215e-5
0.04561,98865.89398049848,6.524402944148897e-5
0.04562,98865.64682698288,6.523792739843861e-5
0.04563,98865.39967408536,6.523185224841068e-5
0.04564,98865.15252180593,6.522577347225441e-5
0.04565,98864.90537014457,6.521966727479704e-5
0.04566,98864.65821910129,6.521351658484379e-5
0.04567,98864.41106867608,6.520731105517787e-5
0.04568,98864.16391886896,6.520104706256046e-5
0.04569,98863.9167696799,6.519472770773074e-5
0.0457,98863.66962110891,6.518836281540588e-5
0.04571,98863.422473156,6.518196893428102e-5
0.04572,98863.17532582115,6.517556933702929e-5
0.04573,98862.92817910436,6.516919402030179e-5
0.04574,98862.68103300565,6.516287970472765e-5
0.04575,98862.433887525,6.515666952029612e-5
0.04576,98862.18674266241,6.515054814668234e-5
0.04577,98861.93959841787,6.514445730003384e-5
0.04578,98861.69245479141,6.51383657521698e-5
0.04579,98861.445311783,6.513224899749416e-5
0.0458,98861.19816939264,6.512608925299571e-5
0.04581,98860.95102762034,6.51198754582481e-5
0.04582,98860.70388646609,6.511360327540976e-5
0.04583,98860.45674592989,6.510727508922395e-5
0.04584,98860.20960601175,6.510090000701882e-5
0.04585,98859.96246671164,6.509449385870725e-5
0.04586,98859.71532802959,6.508807919678702e-5
0.04587,98859.46818996558,6.508168529634071e-5
0.04588,98859.22105251961,6.507534815503572e-5
0.04589,98858.97391569169,6.50691104931243e-5
0.0459,98858.72677948182,6.506296935727672e-5
0.04591,98858.47964388998,6.505686249722819e-5
0.04592,98858.23250891617,6.505075795774114e-5
0.04593,98857.9853745604,6.504463051793032e-5
0.04594,98857.73824082267,6.503846167810084e-5
0.04595,98857.49110770297,6.503223965974833e-5
0.04596,98857.24397520129,6.502595940555874e-5
0.04597,98856.99684331765,6.501962257940851e-5
0.04598,98856.74971205204,6.50132375663645e-5
0.04599,98856.50258140445,6.500681947268396e-5
0.046,98856.25545137489,6.500039012581461e-5
0.04601,98856.00832196335,6.499397807439454e-5
0.04602,98855.76119316983,6.498761858825231e-5
0.04603,98855.51406499434,6.49813536584069e-5
0.04604,98855.26693743687,6.497519176442165e-5
0.04605,98855.01981049741,6.496906855847774e-5
0.04606,98854.77268417596,6.496295079337198e-5
0.04607,98854.52555847254,6.495681252805453e-5
0.04608,98854.27843338711,6.495063454127157e-5
0.04609,98854.03130891972,6.49444043315653e-5
0.0461,98853.78418507031,6.49381161172739e-5
0.04611,98853.53706183893,6.493177083653155e-5
0.04612,98853.28993922555,6.492537614726841e-5
0.04613,98853.04281723016,6.491894642721071e-5
0.04614,98852.7956958528,6.491250277388058e-5
0.04615,98852.54857509342,6.490607300459626e-5
0.04616,98852.30145495204,6.489969165647189e-5
0.04617,98852.05433542868,6.489339998641766e-5
0.04618,98851.8072165233,6.488721610671646e-5
0.04619,98851.56009823593,6.48810762061824e-5
0.0462,98851.31298056654,6.487494496688935e-5
0.04621,98851.06586351515,6.486879572275645e-5
0.04622,98850.81874708175,6.486260852610275e-5
0.04623,98850.57163126634,6.48563701476471e-5
0.04624,98850.32451606891,6.485007407650828e-5
0.04625,98850.07740148947,6.484372052020488e-5
0.04626,98849.83028752802,6.483731640465534e-5
0.04627,98849.58317418456,6.4830875374178e-5
0.04628,98849.33606145906,6.482441779149101e-5
0.04629,98849.08894935156,6.48179707377124e-5
0.0463,98848.84183786203,6.481156801236005e-5
0.04631,98848.59472699049,6.480525013335171e-5
0.04632,98848.34761673691,6.479904312789564e-5
0.04633,98848.1005071013,6.479288616755595e-5
0.04634,98847.85339808367,6.478674119062301e-5
0.04635,98847.60628968402,6.478058080111244e-5
0.04636,98847.35918190233,6.477438432004244e-5
0.04637,98847.1120747386,6.476813778543367e-5
0.04638,98846.86496819285,6.476183395230939e-5
0.04639,98846.61786226506,6.475547229269535e-5
0.0464,98846.37075695524,6.474905899561987e-5
0.04641,98846.12365226337,6.474260696711376e-5
0.04642,98845.87654818947,6.473613583021041e-5
0.04643,98845.62944473352,6.472967192494573e-5
0.04644,98845.38234189553,6.472324830835815e-5
0.04645,98845.1352396755,6.471690475448865e-5
0.04646,98844.88813807341,6.471067357512892e-5
0.04647,98844.64103708928,6.470449917275132e-5
0.04648,98844.3939367231,6.46983401794086e-5
0.04649,98844.14683697488,6.469216846432811e-5
0.0465,98843.89973784461,6.468596261234294e-5
0.04651,98843.65263933227,6.467970792389204e-5
0.04652,98843.40554143788,6.467339641502015e-5
0.04653,98843.15844416144,6.466702681737781e-5
0.04654,98842.91134750293,6.466060457822138e-5
0.04655,98842.66425146237,6.465414186041305e-5
0.04656,98842.41715603975,6.464765754242075e-5
0.04657,98842.17006123505,6.464117721831829e-5
0.04658,98841.9229670483,6.463473319778525e-5
0.04659,98841.67587347949,6.462836450610703e-5
0.0466,98841.4287805286,6.462210820142634e-5
0.04661,98841.18168819565,6.461591595733834e-5
0.04662,98840.93459648063,6.460974265301691e-5
0.04663,98840.68750538352,6.460355941802708e-5
0.04664,98840.44041490435,6.459734409614145e-5
0.04665,98840.1933250431,6.45910812453402e-5
0.04666,98839.94623579978,6.458476213781105e-5
0.04667,98839.69914717438,6.457838475994936e-5
0.04668,98839.4520591669,6.457195381235801e-5
0.04669,98839.20497177733,6.456548070984751e-5
0.0467,98838.95788500569,6.455898358143593e-5
0.04671,98838.71079885196,6.455248727034888e-5
0.04672,98838.46371331613,6.454602333401961e-5
0.04673,98838.21662839822,6.453963004408891e-5
0.04674,98837.96954409823,6.45333477640474e-5
0.04675,98837.72246041615,6.452713726069356e-5
0.04676,98837.47537735196,6.452094933462825e-5
0.04677,98837.2282949057,6.45147543708801e-5
0.04678,98836.98121307732,6.450852946728532e-5
0.04679,98836.73413186686,6.450225843448787e-5
0.0468,98836.4870512743,6.44959317959393e-5
0.04681,98836.23997129963,6.448954678789889e-5
0.04682,98835.99289194286,6.448310735943354e-5
0.04683,98835.745813204,6.447662417241785e-5
0.04684,98835.49873508302,6.447011460153403e-5
0.04685,98835.25165757995,6.446360273427203e-5
0.04686,98835.00458069476,6.445711937092941e-5
0.04687,98834.75750442746,6.445070202461141e-5
0.04688,98834.51042877806,6.444439302545925e-5
0.04689,98834.26335374653,6.443816382699443e-5
0.0469,98834.0162793329,6.443196095183325e-5
0.04691,98833.76920553714,6.442575403558599e-5
0.04692,98833.52213235929,6.441951942526987e-5
0.04693,98833.2750597993,6.441324017930901e-5
0.04694,98833.02798785719,6.440690606753446e-5
0.04695,98832.78091653297,6.440051357118414e-5
0.04696,98832.53384582662,6.439406588290287e-5
0.04697,98832.28677573813,6.438757290674242e-5
0.04698,98832.03970626753,6.438105125816144e-5
0.04699,98831.79263741481,6.437452426402549e-5
0.047,98831.54556917994,6.436802196260702e-5
0.04701,98831.29850156295,6.436158110358539e-5
0.04702,98831.05143456382,6.43552447526063e-5
0.04703,98830.80436818257,6.434899640437393e-5
0.04704,98830.55730241918,6.434277823567842e-5
0.04705,98830.31023727365,6.433655912782838e-5
0.04706,98830.06317274598,6.433031467213785e-5
0.04707,98829.81610883617,6.43240271699262e-5
0.04708,98829.56904554422,6.431768563251816e-5
0.04709,98829.32198287013,6.431128578124383e-5
0.0471,98829.07492081389,6.43048300474387e-5
0.04711,98828.8278593755,6.429832757244359e-5
0.04712,98828.58079855496,6.42917942076047e-5
0.04713,98828.33373835229,6.428525251427361e-5
0.04714,98828.08667876745,6.427873176380722e-5
0.04715,98827.83961980046,6.427226793756787e-5
0.04716,98827.59256145133,6.426590372692318e-5
0.04717,98827.34550372003,6.425963574649279e-5
0.04718,98827.09844660659,6.425340192229061e-5
0.04719,98826.85139011097,6.424717036789558e-5
0.0472,98826.6043342332,6.424091591404422e-5
0.04721,98826.35727897326,6.4234620100074e-5
0.04722,98826.11022433116,6.422827117392348e-5
0.04723,98825.8631703069,6.422186409213216e-5
0.04724,98825.61611690046,6.421540051984062e-5
0.04725,98825.36906411187,6.420888883079039e-5
0.04726,98825.1220119411,6.420234410732406e-5
0.04727,98824.87496038816,6.41957881403852e-5
0.04728,98824.62790945305,6.418924942951839e-5
0.04729,98824.38085913577,6.418276318286924e-5
0.0473,98824.1338094363,6.417637131718439e-5
0.04731,98823.88676035467,6.417008261123002e-5
0.04732,98823.63971189085,6.416383275160934e-5
0.04733,98823.39266404485,6.415758847953365e-5
0.04734,98823.14561681668,6.415132386027848e-5
0.04735,98822.89857020631,6.414501966631465e-5
0.04736,98822.65152421375,6.413866337730806e-5
0.04737,98822.40447883903,6.413224918011979e-5
0.04738,98822.1574340821,6.412577796880613e-5
0.04739,98821.91038994299,6.411925734461848e-5
0.0474,98821.66334642169,6.411270161600345e-5
0.04741,98821.41630351818,6.410613179860279e-5
0.04742,98821.1692612325,6.409957561525344e-5
0.04743,98820.9222195646,6.409306749598749e-5
0.04744,98820.67517851452,6.408664857803218e-5
0.04745,98820.42813808224,6.40803377613443e-5
0.04746,98820.18109826776,6.407407146798147e-5
0.04747,98819.93405907108,6.406781419044039e-5
0.04748,98819.68702049219,6.40615392236428e-5
0.04749,98819.43998253108,6.405522656829957e-5
0.0475,98819.19294518778,6.40488629309107e-5
0.04751,98818.94590846228,6.404244172376525e-5
0.04752,98818.69887235455,6.403596306494145e-5
0.04753,98818.45183686462,6.402943377830663e-5
0.04754,98818.20480199247,6.402286739351723e-5
0.04755,98817.95776773812,6.40162841460188e-5
0.04756,98817.71073410154,6.4009710977046e-5
0.04757,98817.46370108274,6.400318153362261e-5
0.04758,98817.21666868174,6.399673616856152e-5
0.04759,98816.96963689852,6.399040196458285e-5
0.0476,98816.72260573306,6.398411882023578e-5
0.04761,98816.47557518538,6.397784823229353e-5
0.04762,98816.22854525548,6.39715627204296e-5
0.04763,98815.98151594335,6.396524150870036e-5
0.04764,98815.73448724899,6.395887052554492e-5
0.04765,98815.4874591724,6.395244240378525e-5
0.04766,98815.24043171358,6.394595648062605e-5
0.04767,98814.99340487253,6.393941879765485e-5
0.04768,98814.74637864924,6.393284210084198e-5
0.04769,98814.49935304372,6.392624584054055e-5
0.0477,98814.25232805595,6.391965617148647e-5
0.04771,98814.00530368595,6.391310595279845e-5
0.04772,98813.75827993371,6.390663474797798e-5
0.04773,98813.51125679923,6.390027599407508e-5
0.04774,98813.2642342825,6.389397556212035e-5
0.04775,98813.01721238354,6.388769134122918e-5
0.04776,98812.77019110232,6.388139507093229e-5
0.04777,98812.52317043884,6.387506519373625e-5
0.04778,98812.27615039313,6.386868685512358e-5
0.04779,98812.02913096517,6.386225190355271e-5
0.0478,98811.78211215494,6.385575889045795e-5
0.04781,98811.53509396246,6.384921307024956e-5
0.04782,98811.28807638773,6.384262640031366e-5
0.04783,98811.04105943073,6.383601754101232e-5
0.04784,98810.79404309149,6.382941185568348e-5
0.04785,98810.54702736998,6.382284141064104e-5
0.04786,98810.3000122662,6.381634497517476e-5
0.04787,98810.05299778018,6.380996062791174e-5
0.04788,98809.80598391188,6.380364245186479e-5
0.04789,98809.55897066131,6.37973442574231e-5
0.0479,98809.31195802847,6.379103699906973e-5
0.04791,98809.06494601336,6.378469833285735e-5
0.04792,98808.81793461599,6.377831261640838e-5
0.04793,98808.57092383633,6.377187090891501e-5
0.04794,98808.32391367441,6.376537097113906e-5
0.04795,98808.0769041302,6.375881726541212e-5
0.04796,98807.82989520371,6.37522209556355e-5
0.04797,98807.58288689496,6.374559990728019e-5
0.04798,98807.33587920392,6.373897868738692e-5
0.04799,98807.0888721306,6.373238856456612e-5
0.048,98806.84186567499,6.372586750899796e-5
0.04801,98806.59485983709,6.371945664953172e-5
0.04802,98806.3478546169,6.371312025249895e-5
0.04803,98806.10085001444,6.370680772528579e-5
0.04804,98805.85384602968,6.370048923243197e-5
0.04805,98805.60684266263,6.369414163863974e-5
0.04806,98805.35983991329,6.368774850877397e-5
0.04807,98805.11283778165,6.368130010786204e-5
0.04808,98804.86583626772,6.367479340109396e-5
0.04809,98804.61883537148,6.366823205382229e-5
0.0481,98804.37183509296,6.366162643156213e-5
0.04811,98804.12483543213,6.365499359999121e-5
0.04812,98803.87783638899,6.364835732494978e-5
0.04813,98803.63083796354,6.364174807244071e-5
0.04814,98803.3838401558,6.363520300862938e-5
0.04815,98803.13684296575,6.362876484842259e-5
0.04816,98802.88984639339,6.362240973267573e-5
0.04817,98802.64285043871,6.361608249442455e-5
0.04818,98802.39585510174,6.360975250337333e-5
0.04819,98802.14886038244,6.360339582798002e-5
0.0482,98801.90186628082,6.359699523545615e-5
0.04821,98801.6548727969,6.359054019176683e-5
0.04822,98801.40787993066,6.35840268616308e-5
0.04823,98801.1608876821,6.357745810852042e-5
0.04824,98800.9138960512,6.357084349466163e-5
0.04825,98800.666905038,6.356419928103394e-5
0.04826,98800.41991464247,6.355754842737054e-5
0.04827,98800.17292486462,6.355092059215815e-5
0.04828,98799.92593570442,6.354435213263715e-5
0.04829,98799.67894716191,6.353788601882729e-5
0.0483,98799.43195923707,6.353151166523569e-5
0.04831,98799.18497192989,6.352516931811598e-5
0.04832,98798.93798524038,6.35188275474435e-5
0.04833,98798.69099916854,6.351246162053661e-5
0.04834,98798.44401371435,6.350605350205654e-5
0.04835,98798.19702887784,6.349959185400756e-5
0.04836,98797.95004465898,6.349307203573687e-5
0.04837,98797.70306105778,6.34864961039346e-5
0.04838,98797.45607807425,6.347987281263386e-5
0.04839,98797.20909570836,6.347321761321072e-5
0.0484,98796.96211396012,6.34665526543842e-5
0.04841,98796.71513282954,6.345990678221628e-5
0.04842,98796.46815231662,6.34533155401119e-5
0.04843,98796.22117242134,6.344682116881893e-5
0.04844,98795.97419314372,6.344042682909055e-5
0.04845,98795.72721448373,6.343406895523921e-5
0.04846,98795.48023644139,6.342771510530716e-5
0.04847,98795.23325901669,6.342133974057985e-5
0.04848,98794.98628220965,6.341492401827265e-5
0.04849,98794.73930602023,6.340845579153094e-5
0.0485,98794.49233044845,6.340192960943007e-5
0.04851,98794.24535549432,6.339534671697536e-5
0.04852,98793.99838115781,6.338871505510212e-5
0.04853,98793.75140743895,6.33820492606756e-5
0.04854,98793.50443433771,6.337537066649105e-5
0.04855,98793.25746185411,6.336870730127371e-5
0.04856,98793.01048998814,6.336209388967875e-5
0.04857,98792.7635187398,6.335557185229134e-5
0.04858,98792.51654810908,6.334915600763188e-5
0.04859,98792.26957809598,6.334278216864004e-5
0.0486,98792.02260870051,6.333641592113827e-5
0.04861,98791.77563992266,6.333003091547534e-5
0.04862,98791.52867176243,6.33236074965163e-5
0.04863,98791.28170421981,6.331713270364242e-5
0.04864,98791.03473729483,6.331060027075127e-5
0.04865,98790.78777098746,6.330401062625667e-5
0.04866,98790.54080529769,6.32973708930887e-5
0.04867,98790.29384022554,6.32906948886937e-5
0.04868,98790.046875771,6.328400312503426e-5
0.04869,98789.79991193407,6.327732280858925e-5
0.0487,98789.55294871474,6.327068784035379e-5
0.04871,98789.30598611303,6.326413881583927e-5
0.04872,98789.05902412893,6.325769999025323e-5
0.04873,98788.81206276242,6.325130972666598e-5
0.04874,98788.56510201351,6.324493074411041e-5
0.04875,98788.3181418822,6.323853587708521e-5
0.04876,98788.0711823685,6.32321046531921e-5
0.04877,98787.82422347239,6.322562329313575e-5
0.04878,98787.57726519388,6.321908471072386e-5
0.04879,98787.33030753296,6.321248851286713e-5
0.0488,98787.08335048963,6.320584099957924e-5
0.04881,98786.8363940639,6.319915516397693e-5
0.04882,98786.58943825575,6.319245069227984e-5
0.04883,98786.3424830652,6.318575396381074e-5
0.04884,98786.09552849221,6.317909805099526e-5
0.04885,98785.84857453682,6.317252271936215e-5
0.04886,98785.60162119902,6.316605957135673e-5
0.04887,98785.3546684788,6.315965240207396e-5
0.04888,98785.10771637615,6.315326032723145e-5
0.04889,98784.86076489108,6.314685536056227e-5
0.0489,98784.6138140236,6.31404162074898e-5
0.04891,98784.36686377368,6.313392826512772e-5
0.04892,98784.11991414135,6.312738362228005e-5
0.04893,98783.87296512659,6.312078105944111e-5
0.04894,98783.6260167294,6.311412604879551e-5
0.04895,98783.37906894977,6.310743075421821e-5
0.04896,98783.13212178771,6.310071403127446e-5
0.04897,98782.88517524321,6.30940014272198e-5
0.04898,98782.63822931629,6.308732518100013e-5
0.04899,98782.39128400692,6.308072422325165e-5
0.049,98782.14433931513,6.307423555196202e-5
0.04901,98781.89739524089,6.306781097373268e-5
0.04902,98781.6504517842,6.306140542907655e-5
0.04903,98781.40350894508,6.305499010605714e-5
0.04904,98781.1565667235,6.304854288301394e-5
0.04905,98780.90962511949,6.304204832856245e-5
0.04906,98780.66268413301,6.303549770159423e-5
0.04907,98780.41574376411,6.302888895127679e-5
0.04908,98780.16880401273,6.302222671705372e-5
0.04909,98779.92186487892,6.301552232864458e-5
0.0491,98779.67492636266,6.300879380604496e-5
0.04911,98779.42798846393,6.300206585952648e-5
0.04912,98779.18105118275,6.299536988963676e-5
0.04913,98778.9341145191,6.298874398719944e-5
0.04914,98778.68717847299,6.298222873835579e-5
0.04915,98778.44024304443,6.297578622525721e-5
0.04916,98778.1933082334,6.296936681251173e-5
0.04917,98777.94637403991,6.296294085759913e-5
0.04918,98777.69944046396,6.295648540686057e-5
0.04919,98777.45250750553,6.29499841954987e-5
0.0492,98777.20557516464,6.29434276475776e-5
0.04921,98776.95864344128,6.293681287602281e-5
0.04922,98776.71171233544,6.29301436826213e-5
0.04923,98776.46478184713,6.292343055802152e-5
0.04924,98776.21785197634,6.291669068173336e-5
0.04925,98775.97092272308,6.290994792212811e-5
0.04926,98775.72399408733,6.290323283643858e-5
0.04927,98775.47706606911,6.2896582670759e-5
0.04928,98775.23013866841,6.289003994282581e-5
0.04929,98774.98321188522,6.288357894568102e-5
0.0493,98774.73628571954,6.287714524523813e-5
0.04931,98774.48936017138,6.287070836347832e-5
0.04932,98774.24243524074,6.286424450982924e-5
0.04933,98773.9955109276,6.285773658116506e-5
0.04934,98773.74858723198,6.285117416180642e-5
0.04935,98773.50166415387,6.284455352352045e-5
0.04936,98773.25474169325,6.283787762552073e-5
0.04937,98773.00781985014,6.283115611446739e-5
0.04938,98772.76089862453,6.2824405324467e-5
0.04939,98772.51397801643,6.281764827707264e-5
0.0494,98772.26705802583,6.281091468128387e-5
0.04941,98772.02013865272,6.28042409335467e-5
0.04942,98771.77321989712,6.279766998408904e-5
0.04943,98771.526301759,6.279118992991651e-5
0.04944,98771.27938423838,6.27847415002657e-5
0.04945,98771.03246733526,6.277829337671551e-5
0.04946,98770.78555104962,6.277182092687411e-5
0.04947,98770.53863538147,6.276530620437896e-5
0.04948,98770.2917203308,6.275873794889683e-5
0.04949,98770.04480589763,6.275211158612375e-5
0.0495,98769.79789208194,6.274542922778505e-5
0.04951,98769.55097888374,6.273869967163535e-5
0.04952,98769.30406630301,6.273193840145854e-5
0.04953,98769.05715433977,6.272516758706783e-5
0.04954,98768.81024299399,6.271841608430567e-5
0.04955,98768.56333226571,6.271171943504386e-5
0.04956,98768.31642215488,6.270511986718343e-5
0.04957,98768.06951266153,6.269861997861669e-5
0.04958,98767.82260378567,6.269215635583789e-5
0.04959,98767.57569552727,6.268569665507598e-5
0.0496,98767.32878788633,6.267921539721463e-5
0.04961,98767.08188086287,6.267269378774703e-5
0.04962,98766.83497445687,6.266611971677587e-5
0.04963,98766.58806866834,6.265948775901333e-5
0.04964,98766.34116349727,6.265279917378113e-5
0.04965,98766.09425894366,6.264606190501048e-5
0.04966,98765.8473550075,6.263929058124213e-5
0.04967,98765.60045168882,6.26325065156263e-5
0.04968,98765.35354898758,6.262573770592272e-5
0.04969,98765.1066469038,6.261901883450067e-5
0.0497,98764.85974543747,6.261239126833891e-5
0.04971,98764.6128445886,6.260586989799672e-5
0.04972,98764.36594435717,6.259939059521936e-5
0.04973,98764.1190447432,6.259291896084107e-5
0.04974,98763.87214574666,6.258642866410667e-5
0.04975,98763.62524736758,6.257990005744947e-5
0.04976,98763.37834960595,6.257332017649137e-5
0.04977,98763.13145246175,6.256668274004282e-5
0.04978,98762.884555935,6.255998815010277e-5
0.04979,98762.63766002568,6.255324349185876e-5
0.0498,98762.3907647338,6.254646253368687e-5
0.04981,98762.14387005936,6.253966572715171e-5
0.04982,98761.89697600236,6.253288020700646e-5
0.04983,98761.65008256279,6.252613979119281e-5
0.04984,98761.40318974065,6.251948498084105e-5
0.04985,98761.15629753593,6.251294050027294e-5
0.04986,98760.90940594865,6.250644500709492e-5
0.04987,98760.6625149788,6.249996106114908e-5
0.04988,98760.41562462637,6.249346147511706e-5
0.04989,98760.16873489137,6.248692574344829e-5
0.0499,98759.92184577379,6.248034004235992e-5
0.04991,98759.67495727363,6.24736972298369e-5
0.04992,98759.42806939088,6.246699684563189e-5
0.04993,98759.18118212557,6.246024511126529e-5
0.04994,98758.93429547767,6.24534549300253e-5
0.04995,98758.68740944717,6.244664588696786e-5
0.04996,98758.44052403409,6.243984424891664e-5
0.04997,98758.19363923842,6.243308296446308e-5
0.04998,98757.94675506017,6.242640166396637e-5
0.04999,98757.69987149932,6.241983260381577e-5
0.05,98757.45298855589,6.241332038571239e-5
0.05001,98757.20610622986,6.240682372812823e-5
0.05002,98756.95922452123,6.240031458224712e-5
0.05003,98756.71234343,6.239377157960136e-5
0.05004,98756.46546295617,6.238718003207167e-5
0.05005,98756.21858309975,6.238053193188726e-5
0.05006,98755.97170386072,6.237382595162576e-5
0.05007,98755.72482523909,6.236706744421323e-5
0.05008,98755.47794723485,6.23602684429242e-5
0.05009,98755.231069848,6.235344766138164e-5
0.0501,98754.98419307855,6.234663049355694e-5
0.05011,98754.73731692649,6.233984901376999e-5
0.05012,98754.49044139181,6.233314197668906e-5
0.05013,98754.24356647453,6.232654703330188e-5
0.05014,98753.99669217462,6.232001753097923e-5
0.05015,98753.74981849211,6.231350773890753e-5
0.05016,98753.50294542698,6.230698874184568e-5
0.05017,98753.25607297923,6.230043830348178e-5
0.05018,98753.00920114885,6.229384086643308e-5
0.05019,98752.76232993585,6.228718755224605e-5
0.0502,98752.51545934024,6.228047616139632e-5
0.05021,98752.268589362,6.227371117328868e-5
0.05022,98752.02172000112,6.226690374625714e-5
0.05023,98751.77485125762,6.226007171756486e-5
0.05024,98751.52798313148,6.225323960340416e-5
0.05025,98751.28111562273,6.224643859889661e-5
0.05026,98751.03424873133,6.22397065780929e-5
0.05027,98750.7873824573,6.223308462043403e-5
0.05028,98750.54051680064,6.222653724928186e-5
0.05029,98750.29365176133,6.222001387653098e-5
0.0503,98750.0467873394,6.221348471559998e-5
0.05031,98749.79992353481,6.220692665741526e-5
0.05032,98749.55306034758,6.220032327041111e-5
0.05033,98749.30619777771,6.21936648005297e-5
0.05034,98749.05933582521,6.218694817122108e-5
0.05035,98748.81247449004,6.21801769834432e-5
0.05036,98748.56561377224,6.217336151566186e-5
0.05037,98748.31875367177,6.216651872385074e-5
0.05038,98748.07189418866,6.215967224149138e-5
0.05039,98747.8250353229,6.215285237957327e-5
0.0504,98747.57817707448,6.214609612659366e-5
0.05041,98747.3313194434,6.213944620300629e-5
0.05042,98747.08446242967,6.213288035249076e-5
0.05043,98746.83760603328,6.212634292896504e-5
0.05044,98746.59075025424,6.211980326959272e-5
0.05045,98746.34389509252,6.211323738762166e-5
0.05046,98746.09704054813,6.21066279723841e-5
0.05047,98745.8501866211,6.20999643892966e-5
0.05048,98745.60333331139,6.209324267986004e-5
0.05049,98745.35648061901,6.208646556165967e-5
0.0505,98745.10962854396,6.207964242836505e-5
0.05051,98744.86277708624,6.20727893497301e-5
0.05052,98744.61592624585,6.206592907159304e-5
0.05053,98744.36907602278,6.205909101587646e-5
0.05054,98744.12222641704,6.205231128058727e-5
0.05055,98743.87537742862,6.204563262585371e-5
0.05056,98743.62852905752,6.20390476589305e-5
0.05057,98743.38168130374,6.203249569004624e-5
0.05058,98743.13483416727,6.2025945175196e-5
0.05059,98742.88798764814,6.201937124503312e-5
0.0506,98742.6411417463,6.201275570486925e-5
0.05061,98742.39429646177,6.200608703467422e-5
0.05062,98742.14745179458,6.199936038907613e-5
0.05063,98741.90060774467,6.199257759736134e-5
0.05064,98741.65376431208,6.198574716347445e-5
0.05065,98741.40692149679,6.197888426601833e-5
0.05066,98741.16007929882,6.197201075825405e-5
0.05067,98740.91323771814,6.196515516810098e-5
0.05068,98740.66639675478,6.19583526981367e-5
0.05069,98740.4195564087,6.19516452255971e-5
0.0507,98740.17271667992,6.194503999295666e-5
0.05071,98739.92587756846,6.193847295905735e-5
0.05072,98739.67903907427,6.19319112086784e-5
0.05073,98739.43220119739,6.192532898495339e-5
0.05074,98739.1853639378,6.191870720424684e-5
0.05075,98738.9385272955,6.191203345615439e-5
0.05076,98738.69169127049,6.19053020035027e-5
0.05077,98738.44485586276,6.189851378234949e-5
0.05078,98738.19802107233,6.189167640198349e-5
0.05079,98737.95118689918,6.188480414492452e-5
0.0508,98737.70435334332,6.187791796692343e-5
0.05081,98737.45752040473,6.187104549696208e-5
0.05082,98737.21068808343,6.186422103725343e-5
0.05083,98736.96385637941,6.185748556324148e-5
0.05084,98736.71702529266,6.185085818541836e-5
0.05085,98736.4701948232,6.184427554117715e-5
0.05086,98736.223364971,6.183770215163786e-5
0.05087,98735.97653573607,6.183111136746973e-5
0.05088,98735.72970711841,6.182448321114759e-5
0.05089,98735.48287911803,6.181780437695179e-5
0.0509,98735.23605173493,6.18110682309682e-5
0.05091,98734.98922496907,6.180427481108831e-5
0.05092,98734.7423988205,6.179743082700907e-5
0.05093,98734.49557328918,6.179054966023305e-5
0.05094,98734.24874837512,6.17836513640683e-5
0.05095,98734.00192407833,6.177676266362847e-5
0.05096,98733.75510039879,6.176991695583274e-5
0.05097,98733.50827733651,6.17631543094058e-5
0.05098,98733.26145489149,6.175650307349871e-5
0.05099,98733.0146330637,6.174990424716949e-5
0.051,98732.76781185319,6.174331879050344e-5
0.05101,98732.52099125992,6.173671915676686e-5
0.05102,98732.27417128392,6.173008446960666e-5
0.05103,98732.02735192515,6.172340052305043e-5
0.05104,98731.78053318363,6.171665978150634e-5
0.05105,98731.53371505936,6.170986137976324e-5
0.05106,98731.28689755232,6.170301112299055e-5
0.05107,98731.04008066253,6.169612148673837e-5
0.05108,98730.79326438998,6.168921161693738e-5
0.05109,98730.54644873468,6.168230732989895e-5
0.0511,98730.2996336966,6.167544111231503e-5
0.05111,98730.05281927576,6.166865212125822e-5
0.05112,98729.80600547216,6.166197550238547e-5
0.05113,98729.55919228579,6.165535989524288e-5
0.05114,98729.31237971665,6.164876191854974e-5
0.05115,98729.06556776474,6.164215312324308e-5
0.05116,98728.81875643006,6.163551172921391e-5
0.05117,98728.57194571261,6.162882262530717e-5
0.05118,98728.32513561238,6.162207736932175e-5
0.05119,98728.07832612937,6.161527418801044e-5
0.0512,98727.83151726359,6.160841797708e-5
0.05121,98727.58470901502,6.160152030119112e-5
0.05122,98727.33790138368,6.159459939395842e-5
0.05123,98727.09109436955,6.158768015795046e-5
0.05124,98726.84428797265,6.158079416468976e-5
0.05125,98726.59748219294,6.157397965465273e-5
0.05126,98726.35067703045,6.156727632313953e-5
0.05127,98726.10387248518,6.156064330880312e-5
0.05128,98725.85706855712,6.15540323336398e-5
0.05129,98725.61026524627,6.154741404133031e-5
0.0513,98725.36346255262,6.154076574308104e-5
0.05131,98725.11666047617,6.153407141762387e-5
0.05132,98724.86985901694,6.152732171121635e-5
0.05133,98724.6230581749,6.152051393764156e-5
0.05134,98724.37625795006,6.151365207820817e-5
0.05135,98724.12945834242,6.150674678175047e-5
0.05136,98723.88265935198,6.14998153646283e-5
0.05137,98723.63586097873,6.14928818107271e-5
0.05138,98723.38906322267,6.148597677145786e-5
0.05139,98723.14226608381,6.147913756575723e-5
0.0514,98722.89546956215,6.147240639484937e-5
0.05141,98722.64867365766,6.146575531869421e-5
0.05142,98722.40187837038,6.145913084046464e-5
0.05143,98722.15508370027,6.145250269166037e-5
0.05144,98721.90828964736,6.144584726987605e-5
0.05145,98721.66149621161,6.143914763880135e-5
0.05146,98721.41470339306,6.143239352822093e-5
0.05147,98721.16791119169,6.142558133401442e-5
0.05148,98720.92111960749,6.141871411815644e-5
0.05149,98720.67432864047,6.141180160871665e-5
0.0515,98720.42753829063,6.140486019985964e-5
0.05151,98720.18074855796,6.139791295184502e-5
0.05152,98719.93395944247,6.139098959102739e-5
0.05153,98719.68717094413,6.138412650985634e-5
0.05154,98719.44038306297,6.137736658308914e-5
0.05155,98719.19359579899,6.137069676153724e-5
0.05156,98718.94680915217,6.136405824885305e-5
0.05157,98718.70002312251,6.135741985941834e-5
0.05158,98718.45323771003,6.13507570722787e-5
0.05159,98718.20645291469,6.134405203114372e-5
0.0516,98717.95966873651,6.133729354438678e-5
0.05161,98717.71288517551,6.133047708504523e-5
0.05162,98717.46610223166,6.132360479082028e-5
0.05163,98717.21931990495,6.131668546407704e-5
0.05164,98716.9725381954,6.130973457184452e-5
0.05165,98716.725757103,6.130277424581562e-5
0.05166,98716.47897662777,6.129583328234712e-5
0.05167,98716.23219676968,6.128894714245972e-5
0.05168,98715.98541752873,6.1282157951838e-5
0.05169,98715.73863890492,6.127546848142532e-5
0.0517,98715.49186089827,6.126881537542588e-5
0.05171,98715.24508350877,6.126216633588712e-5
0.05172,98714.9983067364,6.125549591836854e-5
0.05173,98714.75153058117,6.12487853416617e-5
0.05174,98714.50475504308,6.124202248779007e-5
0.05175,98714.25798012213,6.123520190200913e-5
0.05176,98714.0112058183,6.122832479280634e-5
0.05177,98713.76443213162,6.122139903190115e-5
0.05178,98713.51765906207,6.121443915424497e-5
0.05179,98713.27088660965,6.120746635802121e-5
0.0518,98713.02411477437,6.120050850464525e-5
0.05181,98712.7773435562,6.119360011876445e-5
0.05182,98712.53057295516,6.118678238825816e-5
0.05183,98712.28380297124,6.11800713292082e-5
0.05184,98712.03703360446,6.117340304291334e-5
0.05185,98711.79026485479,6.116674291784809e-5
0.05186,98711.54349672225,6.11600645811388e-5
0.05187,98711.29672920682,6.115334832171246e-5
0.05188,98711.0499623085,6.114658109029674e-5
0.05189,98710.80319602731,6.113975649942e-5
0.0519,98710.55643036323,6.113287482341125e-5
0.05191,98710.30966531626,6.112594299840016e-5
0.05192,98710.0629008864,6.111897462231709e-5
0.05193,98709.81613707365,6.111198995489304e-5
0.05194,98709.56937387801,6.11050159176597e-5
0.05195,98709.32261129947,6.109808609394942e-5
0.05196,98709.07584933804,6.109124072889523e-5
0.05197,98708.82908799371,6.108450616296613e-5
0.05198,98708.58232726649,6.107782208055777e-5
0.05199,98708.33556715636,6.10711504078817e-5
0.052,98708.08880766333,6.106446383868268e-5
0.05201,98707.8420487874,6.105774172707543e-5
0.05202,98707.59529052857,6.105097008754452e-5
0.05203,98707.34853288683,6.104414159494446e-5
0.05204,98707.10177586217,6.103725558449964e-5
0.05205,98706.85501945461,6.103031805180438e-5
0.05206,98706.60826366415,6.102334165282286e-5
0.05207,98706.36150849077,6.101634570388921e-5
0.05208,98706.11475393447,6.100935618170741e-5
0.05209,98705.86799999526,6.10024057233514e-5
0.0521,98705.62124667314,6.099553362626499e-5
0.05211,98705.37449396809,6.0988773848508385e-5
0.05212,98705.12774188012,6.098207332463519e-5
0.05213,98704.88099040923,6.0975389614893094e-5
0.05214,98704.63423955542,6.0968694474706654e-5
0.05215,98704.38748931869,6.09619663184383e-5
0.05216,98704.14073969903,6.0955190219388447e-5
0.05217,98703.89399069644,6.094835790979538e-5
0.05218,98703.64724231092,6.094146778083534e-5
0.05219,98703.40049454247,6.093452488262247e-5
0.0522,98703.15374739109,6.092754092420884e-5
0.05221,98702.90700085677,6.092053427358445e-5
0.05222,98702.66025493952,6.091352995767722e-5
0.05223,98702.41350963933,6.090655966235298e-5
0.05224,98702.1667649562,6.0899661732415494e-5
0.05225,98701.92002089013,6.089287525926748e-5
0.05226,98701.67327744112,6.08861576183896e-5
0.05227,98701.42653460917,6.0879461354123786e-5
0.05228,98701.17979239426,6.087275727863622e-5
0.05229,98700.93305079643,6.086602286159754e-5
0.0523,98700.68630981563,6.0859242230182847e-5
0.05231,98700.43956945189,6.0852406169071696e-5
0.05232,98700.1928297052,6.08455121204481e-5
0.05233,98699.94609057555,6.083856418400052e-5
0.05234,98699.69935206296,6.083157311692189e-5
0.05235,98699.45261416741,6.0824556333909576e-5
0.05236,98699.2058768889,6.081753790716543e-5
0.05237,98698.95914022744,6.0810548566395734e-5
0.05238,98698.71240418301,6.080362569881125e-5
0.05239,98698.46566875563,6.079681127619854e-5
0.0524,98698.21893394526,6.079007581188286e-5
0.05241,98697.97219975195,6.078336644696965e-5
0.05242,98697.72546617566,6.077665304541889e-5
0.05243,98697.47873321641,6.076991212726143e-5
0.05244,98697.2320008742,6.076312686859893e-5
0.05245,98696.985269149,6.0756287101603856e-5
0.05246,98696.73853804082,6.0749389314519516e-5
0.05247,98696.4918075497,6.0742436651660056e-5
0.05248,98696.24507767557,6.073543891341043e-5
0.05249,98695.99834841848,6.072841255622641e-5
0.0525,98695.75161977841,6.072138069263462e-5
0.05251,98695.50489175536,6.071437309123247e-5
0.05252,98695.25816434933,6.0707426176688246e-5
0.05253,98695.0114375603,6.070058278831066e-5
0.05254,98694.7647113883,6.069382876247342e-5
0.05255,98694.51798583331,6.0687105721346096e-5
0.05256,98694.27126089534,6.068038257574391e-5
0.05257,98694.02453657438,6.0673634891117645e-5
0.05258,98693.77781287042,6.066684488755364e-5
0.05259,98693.53108978347,6.0660001439773836e-5
0.0526,98693.28436731354,6.0653100077135716e-5
0.05261,98693.0376454606,6.064614298363234e-5
0.05262,98692.79092422465,6.0639138997892345e-5
0.05263,98692.54420360572,6.0632103613179924e-5
0.05264,98692.29748360379,6.062505897739485e-5
0.05265,98692.05076421886,6.0618033893072466e-5
0.05266,98691.80404545092,6.061106381738368e-5
0.05267,98691.55732729998,6.0604190862134966e-5
0.05268,98691.31060976602,6.0597417335601484e-5
0.05269,98691.06389284907,6.0590680012606616e-5
0.0527,98690.8171765491,6.058394667709322e-5
0.05271,98690.57046086612,6.057719193499344e-5
0.05272,98690.32374580012,6.057039704543763e-5
0.05273,98690.07703135112,6.056354992075431e-5
0.05274,98689.8303175191,6.055664512647016e-5
0.05275,98689.58360430406,6.054968388131009e-5
0.05276,98689.336891706,6.054267405719712e-5
0.05277,98689.09017972492,6.05356301792525e-5
0.05278,98688.84346836082,6.052857342579564e-5
0.05279,98688.5967576137,6.052153162834412e-5
0.0528,98688.35004748356,6.0514539271613716e-5
0.05281,98688.10333797037,6.0507637493518364e-5
0.05282,98687.85662907417,6.0500842403565565e-5
0.05283,98687.60992079494,6.049409016226914e-5
0.05284,98687.36321313269,6.0487346162487095e-5
0.05285,98687.11650608739,6.0480584045675284e-5
0.05286,98686.86979965905,6.047378410505127e-5
0.05287,98686.6230938477,6.046693328559429e-5
0.05288,98686.37638865328,6.046002518404529e-5
0.05289,98686.12968407584,6.045306004890693e-5
0.0529,98685.88298011536,6.0446044780443524e-5
0.05291,98685.63627677184,6.043899293068112e-5
0.05292,98685.38957404527,6.043192470340741e-5
0.05293,98685.14287193566,6.042486695417184e-5
0.05294,98684.896170443,6.0417853190285505e-5
0.05295,98684.64946956729,6.0410923570821227e-5
0.05296,98684.40276930852,6.0404104846826086e-5
0.05297,98684.15606966671,6.03973370192159e-5
0.05298,98683.90937064185,6.039058185150109e-5
0.05299,98683.66267223394,6.038381201570199e-5
0.053,98683.41597444296,6.0377006834165044e-5
0.05301,98683.16927726894,6.0370152279562786e-5
0.05302,98682.92258071185,6.03632409748939e-5
0.05303,98682.6758847717,6.035627219348313e-5
0.05304,98682.42918944849,6.034925185898136e-5
0.05305,98682.18249474223,6.0342192545365576e-5
0.05306,98681.93580065288,6.0335113476938875e-5
0.05307,98681.68910718049,6.032804052833046e-5
0.05308,98681.442414325,6.032100622449564e-5
0.05309,98681.19572208646,6.031404974071583e-5
0.0531,98680.94903046485,6.0307205554259686e-5
0.05311,98680.70233946016,6.030042143997038e-5
0.05312,98680.4556490724,6.029365457054839e-5
0.05313,98680.20895930157,6.0286876643638315e-5
0.05314,98679.96227014765,6.028006600577298e-5
0.05315,98679.71558161065,6.02732076523735e-5
0.05316,98679.46889369059,6.026629322774925e-5
0.05317,98679.22220638742,6.0259321025097856e-5
0.05318,98678.97551970118,6.025229598650522e-5
0.05319,98678.72883363186,6.024522970294552e-5
0.0532,98678.48214817945,6.023814041428117e-5
0.05321,98678.23546334395,6.023105300926286e-5
0.05322,98677.98877912536,6.0223999025529555e-5
0.05323,98677.74209552367,6.021701664960849e-5
0.05324,98677.49541253892,6.021014542337529e-5
0.05325,98677.24873017105,6.020334428901326e-5
0.05326,98677.00204842008,6.019656515332981e-5
0.05327,98676.75536728602,6.018977873466557e-5
0.05328,98676.50868676887,6.018296239880739e-5
0.05329,98676.2620068686,6.01761001589884e-5
0.0533,98676.01532758524,6.0169182675887925e-5
0.05331,98675.76864891878,6.0162207257631546e-5
0.05332,98675.5219708692,6.015517785979109e-5
0.05333,98675.27529343653,6.0148105085384615e-5
0.05334,98675.02861662074,6.014100618487641e-5
0.05335,98674.78194042183,6.0133905056177e-5
0.05336,98674.53526483983,6.0126832244643155e-5
0.05337,98674.2885898747,6.011982494307789e-5
0.05338,98674.04191552647,6.011292535963695e-5
0.05339,98673.79524179512,6.010610643807678e-5
0.0534,98673.54856868065,6.0099314440196206e-5
0.05341,98673.30189618307,6.00925191000747e-5
0.05342,98673.05522430236,6.008569679779602e-5
0.05343,98672.80855303853,6.007883055944828e-5
0.05344,98672.56188239157,6.007191005712387e-5
0.05345,98672.31521236149,6.0064931608919524e-5
0.05346,98672.06854294828,6.005789817893625e-5
0.05347,98671.82187415195,6.0050819377279435e-5
0.05348,98671.57520597249,6.00437114600587e-5
0.05349,98671.32853840989,6.0036597329388046e-5
0.0535,98671.08187146416,6.0029506533385756e-5
0.05351,98670.8352051353,6.002247526617443e-5
0.05352,98670.5885394233,6.001554627674912e-5
0.05353,98670.34187432817,6.0008708766241836e-5
0.05354,98670.09520984988,6.000190327797342e-5
0.05355,98669.84854598847,5.99950985567905e-5
0.05356,98669.60188274391,5.998826999210426e-5
0.05357,98669.35522011621,5.9981399617890374e-5
0.05358,98669.10855810536,5.9974476112689013e-5
0.05359,98668.86189671137,5.99674947996049e-5
0.0536,98668.61523593422,5.996045764630721e-5
0.05361,98668.36857577393,5.995337326502969e-5
0.05362,98668.12191623049,5.9946256912570555e-5
0.05363,98667.8752573039,5.9939130490292545e-5
0.05364,98667.62859899414,5.993202254412292e-5
0.05365,98667.38194130124,5.992496826455343e-5
0.05366,98667.13528422517,5.9918009486640367e-5
0.05367,98666.88862776595,5.9911152161951045e-5
0.05368,98666.64197192356,5.990433252201573e-5
0.05369,98666.395316698,5.989751792937838e-5
0.0537,98666.1486620893,5.989068277782547e-5
0.05371,98665.90200809742,5.988380810426702e-5
0.05372,98665.65535472237,5.9876881588736576e-5
0.05373,98665.40870196416,5.986989755439125e-5
0.05374,98665.16204982279,5.986285696751166e-5
0.05375,98664.91539829822,5.985576743750201e-5
0.05376,98664.6687473905,5.9848643216889995e-5
0.05377,98664.4220970996,5.98415052013269e-5
0.05378,98664.17544742553,5.9834380929587505e-5
0.05379,98663.92879836827,5.9827304583570166e-5
0.0538,98663.68214992783,5.982031698829675e-5
0.05381,98663.43550210423,5.9813437521844985e-5
0.05382,98663.18885489742,5.980660303514195e-5
0.05383,98662.94220830745,5.979977804915798e-5
0.05384,98662.69556233428,5.979293595711233e-5
0.05385,98662.44891697793,5.978605679390401e-5
0.05386,98662.20227223838,5.977912723611184e-5
0.05387,98661.95562811565,5.977214060199437e-5
0.05388,98661.70898460972,5.976509685148994e-5
0.05389,98661.46234172062,5.975800258621663e-5
0.0539,98661.2156994483,5.9750871049472306e-5
0.05391,98660.9690577928,5.974372212623461e-5
0.05392,98660.72241675408,5.9736582343160935e-5
0.05393,98660.47577633218,5.972948486858845e-5
0.05394,98660.22913652708,5.972246951253408e-5
0.05395,98659.98249733877,5.971556575125812e-5
0.05396,98659.73585876726,5.970871568817569e-5
0.05397,98659.48922081254,5.970187975481278e-5
0.05398,98659.24258347462,5.9695030338861865e-5
0.05399,98658.9959467535,5.96881464682512e-5
0.054,98658.74931064915,5.968121381114475e-5
0.05401,98658.5026751616,5.967422467594221e-5
0.05402,98658.25604029083,5.9667178011279026e-5
0.05403,98658.00940603684,5.966007940602636e-5
0.05404,98657.76277239964,5.965294108929112e-5
0.05405,98657.51613937924,5.964578193041593e-5
0.05406,98657.2695069756,5.9638627438979184e-5
0.05407,98657.02287518873,5.963150976479496e-5
0.05408,98656.77624401866,5.9624467697913096e-5
0.05409,98656.52961346536,5.9617537763554616e-5
0.0541,98656.28298352884,5.961067135904994e-5
0.05411,98656.03635420908,5.960382389124502e-5
0.05412,98655.7897255061,5.9596966737342105e-5
0.05413,98655.54309741988,5.9590077913335516e-5
0.05414,98655.29646995044,5.958314207401163e-5
0.05415,98655.04984309776,5.9576150512948906e-5
0.05416,98654.80321686185,5.9569101162517855e-5
0.05417,98654.5565912427,5.956199859388109e-5
0.05418,98654.30996624031,5.955485401699327e-5
0.05419,98654.06334185468,5.954768528060113e-5
0.0542,98653.81671808581,5.954051687224348e-5
0.05421,98653.5700949337,5.953337991825119e-5
0.05422,98653.32347239835,5.952631218374721e-5
0.05423,98653.07685047975,5.951935448267021e-5
0.05424,98652.8302291779,5.951247093551084e-5
0.05425,98652.5836084928,5.9505611312335334e-5
0.05426,98652.33698842446,5.949874597491354e-5
0.05427,98652.09036897286,5.9491851922360554e-5
0.05428,98651.84375013801,5.9484912791136745e-5
0.05429,98651.59713191992,5.947791885504777e-5
0.0543,98651.35051431855,5.9470867025244526e-5
0.05431,98651.10389733393,5.946376085022322e-5
0.05432,98650.85728096605,5.9456610515825294e-5
0.05433,98650.61066521492,5.944943284523748e-5
0.05434,98650.3640500805,5.944225129899179e-5
0.05435,98650.11743556285,5.9435095974965486e-5
0.05436,98649.87082166191,5.9428003608381125e-5
0.05437,98649.62420837772,5.9421016841074914e-5
0.05438,98649.37759571025,5.94141153130674e-5
0.05439,98649.1309836595,5.940724287906559e-5
0.0544,98648.8843722255,5.940036888044414e-5
0.05441,98648.63776140822,5.939346929447605e-5
0.05442,98648.39115120766,5.938652673433265e-5
0.05443,98648.14454162383,5.9379530449083646e-5
0.05444,98647.8979326567,5.937247632369705e-5
0.05445,98647.65132430632,5.936536687903926e-5
0.05446,98647.40471657265,5.935821127187498e-5
0.05447,98647.15810945569,5.935102529486727e-5
0.05448,98646.91150295545,5.9343831376577544e-5
0.05449,98646.66489707193,5.9336658581465556e-5
0.0545,98646.41829180511,5.9329542609889394e-5
0.05451,98646.17168715502,5.93225257981055e-5
0.05452,98645.92508312162,5.9315605395692877e-5
0.05453,98645.67847970493,5.9308719459999364e-5
0.05454,98645.43187690496,5.930183628952751e-5
0.05455,98645.18527472169,5.9294930834733835e-5
0.05456,98644.93867315512,5.9287984680527935e-5
0.05457,98644.69207220525,5.92809860462725e-5
0.05458,98644.44547187208,5.927392978578333e-5
0.05459,98644.19887215563,5.926681738732928e-5
0.0546,98643.95227305585,5.925965697363232e-5
0.05461,98643.70567457278,5.92524633018675e-5
0.05462,98643.45907670641,5.924525776366296e-5
0.05463,98643.21247945672,5.923806838509993e-5
0.05464,98642.96588282372,5.9230929826712723e-5
0.05465,98642.71928680742,5.922388338348876e-5
0.05466,98642.47269140779,5.921694209700858e-5
0.05467,98642.22609662487,5.921004193246918e-5
0.05468,98641.97950245862,5.9203149045621225e-5
0.05469,98641.73290890906,5.9196237355138684e-5
0.0547,98641.48631597619,5.9189287412703384e-5
0.05471,98641.23972365998,5.9182286403004926e-5
0.05472,98640.99313196047,5.917522814374079e-5
0.05473,98640.74654087762,5.916811308561624e-5
0.05474,98640.49995041145,5.91609483123444e-5
0.05475,98640.25336056195,5.9153747540646186e-5
0.05476,98640.00677132914,5.914653112025037e-5
0.05477,98639.76018271298,5.9139326033893545e-5
0.05478,98639.51359471351,5.913216589732011e-5
0.05479,98639.2670073307,5.912509095928231e-5
0.0548,98639.02042056456,5.911812633995195e-5
0.05481,98638.77383441507,5.911121118230273e-5
0.05482,98638.52724888225,5.910430799986439e-5
0.05483,98638.2806639661,5.909738967457148e-5
0.05484,98638.03407966661,5.909043571991945e-5
0.05485,98637.78749598378,5.9083432280964717e-5
0.05486,98637.5409129176,5.907637213432459e-5
0.05487,98637.29433046808,5.906925468817733e-5
0.05488,98637.0477486352,5.90620859822621e-5
0.05489,98636.80116741899,5.905487868787902e-5
0.0549,98636.55458681943,5.904765210788913e-5
0.05491,98636.30800683651,5.904043217671439e-5
0.05492,98636.06142747025,5.9033251460337696e-5
0.05493,98635.81484872063,5.902614915630286e-5
0.05494,98635.56827058765,5.901915905702988e-5
0.05495,98635.32169307132,5.901222810411726e-5
0.05496,98635.07511617163,5.9005314011441444e-5
0.05497,98634.82853988858,5.8998388619232436e-5
0.05498,98634.58196422218,5.899143039783378e-5
0.05499,98634.3353891724,5.898442444770254e-5
0.055,98634.08881473925,5.8977362499409296e-5
0.05501,98633.84224092275,5.8970242913638145e-5
0.05502,98633.59566772288,5.8963070681186745e-5
0.05503,98633.34909513965,5.895585742296622e-5
0.05504,98633.10252317303,5.894862139000127e-5
0.05505,98632.85595182306,5.894138746343008e-5
0.05506,98632.6093810897,5.893418715450438e-5
0.05507,98632.36281097296,5.8927058604589416e-5
0.05508,98632.11624147286,5.892004118999794e-5
0.05509,98631.86967258937,5.891309360085149e-5
0.0551,98631.6231043225,5.890616794695659e-5
0.05511,98631.37653667227,5.8899235021871945e-5
0.05512,98631.12996963863,5.889227224782213e-5
0.05513,98630.88340322161,5.888526367569758e-5
0.05514,98630.63683742122,5.887819998505455e-5
0.05515,98630.39027223743,5.8871078484115195e-5
0.05516,98630.14370767026,5.886390310976748e-5
0.05517,98629.89714371969,5.885668442756525e-5
0.05518,98629.65058038573,5.884943963172818e-5
0.05519,98629.40401766838,5.8842192545141815e-5
0.0552,98629.15745556763,5.883497361935755e-5
0.05521,98628.91089408348,5.882781993459262e-5
0.05522,98628.66433321594,5.882077369154788e-5
0.05523,98628.41777296501,5.881380858555442e-5
0.05524,98628.17121333067,5.880687068226021e-5
0.05525,98627.92465431291,5.8799929723597274e-5
0.05526,98627.67809591178,5.879296207871372e-5
0.05527,98627.43153812722,5.878595074397364e-5
0.05528,98627.18498095925,5.877888534295717e-5
0.05529,98626.93842440788,5.877176212646044e-5
0.0553,98626.69186847309,5.876458397249561e-5
0.05531,98626.4453131549,5.875736038629088e-5
0.05532,98626.19875845329,5.8750107500290426e-5
0.05533,98625.95220436827,5.874284807415449e-5
0.05534,98625.70565089982,5.873561149475929e-5
0.05535,98625.45909804797,5.872843377619709e-5
0.05536,98625.21254581268,5.872135752413496e-5
0.05537,98624.96599419398,5.871437398015308e-5
0.05538,98624.71944319186,5.870742310124643e-5
0.05539,98624.47289280631,5.870047357276415e-5
0.0554,98624.22634303734,5.869350070581962e-5
0.05541,98623.97979388494,5.868648643729039e-5
0.05542,98623.73324534911,5.8679419329818215e-5
0.05543,98623.48669742985,5.867229457180904e-5
0.05544,98623.24015012715,5.866511397743302e-5
0.05545,98622.99360344103,5.8657885986624524e-5
0.05546,98622.74705737147,5.865062566508208e-5
0.05547,98622.50051191846,5.8643354704268454e-5
0.05548,98622.25396708203,5.863610142141057e-5
0.05549,98622.00742286215,5.862890075949959e-5
0.0555,98621.76087925884,5.8621794287290854e-5
0.05551,98621.51433627207,5.861479071662844e-5
0.05552,98621.26779390188,5.860782609702996e-5
0.05553,98621.02125214822,5.860086742612849e-5
0.05554,98620.77471101112,5.8593888952036744e-5
0.05555,98620.52817049058,5.858687154717896e-5
0.05556,98620.28163058657,5.857980270829094e-5
0.05557,98620.03509129913,5.857267655642003e-5
0.05558,98619.78855262822,5.856549383692514e-5
0.05559,98619.54201457386,5.8558261919476705e-5
0.0556,98619.29547713604,5.855099479805674e-5
0.05561,98619.04894031477,5.85437130909588e-5
0.05562,98618.80240411003,5.853644404078797e-5
0.05563,98618.55586852184,5.852922151446092e-5
0.05564,98618.30933355018,5.852208600320586e-5
0.05565,98618.06279919506,5.8515059736373405e-5
0.05566,98617.81626545647,5.850808057118691e-5
0.05567,98617.5697323344,5.850111214798653e-5
0.05568,98617.32319982888,5.84941276469159e-5
0.05569,98617.07666793988,5.848710687097715e-5
0.0557,98616.83013666741,5.848003624603092e-5
0.05571,98616.58360601147,5.847290882079631e-5
0.05572,98616.33707597206,5.8465724266850924e-5
0.05573,98616.09054654915,5.8458488878630844e-5
0.05574,98615.84401774278,5.8451215573430654e-5
0.05575,98615.59748955294,5.8443923891403414e-5
0.05576,98615.3509619796,5.843663999556069e-5
0.05577,98615.10443502277,5.842939667177251e-5
0.05578,98614.85790868248,5.842223332876742e-5
0.05579,98614.61138295868,5.841518199191341e-5
0.0558,98614.36485785141,5.840818743557055e-5
0.05581,98614.11833336065,5.840120861203813e-5
0.05582,98613.87180948639,5.8394217628523415e-5
0.05583,98613.62528622865,5.838719321363829e-5
0.05584,98613.3787635874,5.8380120717399205e-5
0.05585,98613.13224156266,5.837299211122726e-5
0.05586,98612.88572015443,5.83658059879481e-5
0.05587,98612.6391993627,5.835856756179202e-5
0.05588,98612.39267918747,5.835128866839386e-5
0.05589,98612.14615962873,5.8343987764793096e-5
0.0559,98611.89964068649,5.833668992943379e-5
0.05591,98611.65312236075,5.8329426862164603e-5
0.05592,98611.4066046515,5.8322236884238795e-5
0.05593,98611.16008755876,5.831515844550423e-5
0.05594,98610.91357108249,5.83081476108316e-5
0.05595,98610.66705522272,5.830115769991084e-5
0.05596,98610.42053997943,5.829415974203317e-5
0.05597,98610.17402535262,5.8287131386441534e-5
0.05598,98609.9275113423,5.82800569023306e-5
0.05599,98609.68099794847,5.827292717884679e-5
0.056,98609.43448517112,5.826573972508821e-5
0.05601,98609.18797301025,5.825849867010475e-5
0.05602,98608.94146146586,5.825121476289798e-5
0.05603,98608.69495053793,5.824390537242123e-5
0.05604,98608.4484402265,5.8236594487579555e-5
0.05605,98608.20193053152,5.822931271722972e-5
0.05606,98607.95542145304,5.822209729018025e-5
0.05607,98607.70891299102,5.8214990070790484e-5
0.05608,98607.46240514546,5.820796202806714e-5
0.05609,98607.21589791637,5.820096030270154e-5
0.0561,98606.96939130375,5.819395484109729e-5
0.05611,98606.7228853076,5.8186922208156446e-5
0.05612,98606.47637992789,5.817984558727954e-5
0.05613,98606.22987516466,5.817271478036555e-5
0.05614,98605.9833710179,5.816552620781191e-5
0.05615,98605.73686748758,5.8158282908514535e-5
0.05616,98605.49036457372,5.815099453986776e-5
0.05617,98605.24386227631,5.814367737776442e-5
0.05618,98604.99736059537,5.813635431659577e-5
0.05619,98604.75085953086,5.812905486925156e-5
0.0562,98604.50435908283,5.812181516711998e-5
0.05621,98604.25785925123,5.811467785259008e-5
0.05622,98604.01136003608,5.810763162863411e-5
0.05623,98603.76486143738,5.810061732085781e-5
0.05624,98603.51836345512,5.80936037878157e-5
0.05625,98603.2718660893,5.808656650510551e-5
0.05626,98603.02536933993,5.807948756536821e-5
0.05627,98602.77887320699,5.807235567828799e-5
0.05628,98602.5323776905,5.806516617059231e-5
0.05629,98602.28588279044,5.805792098605181e-5
0.0563,98602.03938850682,5.805062868548039e-5
0.05631,98601.79289483963,5.8043304446735196e-5
0.05632,98601.54640178887,5.8035970064716566e-5
0.05633,98601.29990935454,5.802865395136811e-5
0.05634,98601.05341753665,5.802139113567662e-5
0.05635,98600.80692633518,5.801422326367218e-5
0.05636,98600.56043575013,5.800715736442371e-5
0.05637,98600.31394578151,5.800012966450982e-5
0.05638,98600.06745642931,5.7993107453147974e-5
0.05639,98599.82096769354,5.7986065111660384e-5
0.0564,98599.57447957419,5.797898363695651e-5
0.05641,98599.32799207125,5.797185064153304e-5
0.05642,98599.08150518473,5.7964660353473925e-5
0.05643,98598.83501891463,5.795741361645032e-5
0.05644,98598.58853326093,5.795011788972066e-5
0.05645,98598.34204822365,5.794278724813059e-5
0.05646,98598.09556380278,5.7935442382113004e-5
0.05647,98597.84907999833,5.792811059768804e-5
0.05648,98597.60259681028,5.792082581646307e-5
0.05649,98597.35611423863,5.791362857563272e-5
0.0565,98597.10963228338,5.7906540197532706e-5
0.05651,98596.86315094454,5.789949825301879e-5
0.05652,98596.61667022211,5.789246671635306e-5
0.05653,98596.37019011607,5.7885418869599175e-5
0.05654,98596.12371062643,5.787833460895314e-5
0.05655,98595.87723175318,5.7871200444743305e-5
0.05656,98595.63075349634,5.786400950143041e-5
0.05657,98595.38427585589,5.785676151760751e-5
0.05658,98595.13779883183,5.784946284600003e-5
0.05659,98594.89132242416,5.7842126453465774e-5
0.0566,98594.64484663287,5.783477192099487e-5
0.05661,98594.39837145798,5.782742544370982e-5
0.05662,98594.15189689946,5.782011983086547e-5
0.05663,98593.90542295734,5.781289450584903e-5
0.05664,98593.6589496316,5.780578110168841e-5
0.05665,98593.41247692224,5.779872401638018e-5
0.05666,98593.16600482925,5.779168246629936e-5
0.05667,98592.91953335266,5.7784628629276476e-5
0.05668,98592.67306249244,5.777754129581909e-5
0.05669,98592.42659224858,5.7770405869111795e-5
0.0567,98592.18012262111,5.776321436501622e-5
0.05671,98591.93365361,5.7755965412071044e-5
0.05672,98591.68718521527,5.7748664251491976e-5
0.05673,98591.4407174369,5.774132273717176e-5
0.05674,98591.1942502749,5.773395933568018e-5
0.05675,98590.94778372928,5.7726599126264065e-5
0.05676,98590.7013178,5.7719273800847264e-5
0.05677,98590.4548524871,5.771202166403068e-5
0.05678,98590.20838779055,5.770488106208435e-5
0.05679,98589.96192371038,5.769780789511045e-5
0.0568,98589.71546024655,5.769075560143419e-5
0.05681,98589.46899739909,5.768369524968896e-5
0.05682,98589.22253516797,5.7676604519727714e-5
0.05683,98588.9760735532,5.766946770262303e-5
0.05684,98588.7296125548,5.766227570066705e-5
0.05685,98588.48315217275,5.765502602737155e-5
0.05686,98588.23669240704,5.764772280746785e-5
0.05687,98587.99023325767,5.7640376776906885e-5
0.05688,98587.74377472466,5.763300528285919e-5
0.05689,98587.49731680799,5.762563228371488e-5
0.0569,98587.25085950767,5.761828834908367e-5
0.05691,98587.00440282367,5.7611010659794846e-5
0.05692,98586.75794675603,5.760384107559419e-5
0.05693,98586.51149130473,5.7596750840472664e-5
0.05694,98586.26503646975,5.758968703004507e-5
0.05695,98586.01858225111,5.758261959878404e-5
0.05696,98585.77212864881,5.757552511092218e-5
0.05697,98585.52567566284,5.756838674045204e-5
0.05698,98585.2792232932,5.756119427112615e-5
0.05699,98585.03277153989,5.7553944096456986e-5
0.057,98584.7863204029,5.754663921971699e-5
0.05701,98584.53986988224,5.753928925393857e-5
0.05702,98584.29341997791,5.753191042191408e-5
0.05703,98584.0469706899,5.752452555619587e-5
0.05704,98583.80052201821,5.751716409909621e-5
0.05705,98583.55407396283,5.750986210268736e-5
0.05706,98583.30762652379,5.750266215082685e-5
0.05707,98583.06117970105,5.749555381448769e-5
0.05708,98582.81473349463,5.74884776702641e-5
0.05709,98582.56828790452,5.748140255348393e-5
0.0571,98582.32184293073,5.7474303907776134e-5
0.05711,98582.07539857324,5.7467163785070735e-5
0.05712,98581.82895483206,5.745997084559884e-5
0.05713,98581.5825117072,5.745272035789262e-5
0.05714,98581.33606919863,5.7445414198785354e-5
0.05715,98581.08962730637,5.743806085341138e-5
0.05716,98580.84318603043,5.743067541520612e-5
0.05717,98580.59674537077,5.742327958590609e-5
0.05718,98580.3503053274,5.741590167554887e-5
0.05719,98580.10386590035,5.7408576602473114e-5
0.0572,98579.85742708959,5.740134589331858e-5
0.05721,98579.61098889513,5.73942177902135e-5
0.05722,98579.36455131696,5.738712845017684e-5
0.05723,98579.11811435508,5.738004499959627e-5
0.05724,98578.87167800948,5.7372941756510516e-5
0.05725,98578.62524228019,5.73657996458017e-5
0.05726,98578.37880716717,5.735860619919535e-5
0.05727,98578.13237267044,5.735135555526039e-5
0.05728,98577.88593879,5.7344048459409166e-5
0.05729,98577.63950552585,5.733669226389742e-5
0.0573,98577.39307287797,5.7329300927824305e-5
0.05731,98577.14664084636,5.732189501713236e-5
0.05732,98576.90020943104,5.7314501704607573e-5
0.05733,98576.653778632,5.73071547698793e-5
0.05734,98576.40734844923,5.729989459942031e-5
0.05735,98576.16091888273,5.729274375323149e-5
0.05736,98575.9144899325,5.7285640309370926e-5
0.05737,98575.66806159854,5.727854783336637e-5
0.05738,98575.42163388086,5.72714395126984e-5
0.05739,98575.17520677944,5.7264295140231325e-5
0.0574,98574.92878029429,5.7257101114213144e-5
0.05741,98574.6823544254,5.724985043827558e-5
0.05742,98574.43592917277,5.724254272143405e-5
0.05743,98574.1895045364,5.7235184178087674e-5
0.05744,98573.9430805163,5.7227787628019296e-5
0.05745,98573.69665711245,5.7220372496395455e-5
0.05746,98573.45023432486,5.72129648137664e-5
0.05747,98573.20381215353,5.720559721606609e-5
0.05748,98572.95739059844,5.719830894461217e-5
0.05749,98572.71096965962,5.719113270090221e-5
0.0575,98572.46454933703,5.718401419827683e-5
0.05751,98572.21812963071,5.717691196098326e-5
0.05752,98571.97171054062,5.716979804097743e-5
0.05753,98571.72529206678,5.716265109413707e-5
0.05754,98571.47887420919,5.715545638026167e-5
0.05755,98571.23245696783,5.714820576307252e-5
0.05756,98570.98604034273,5.714089771021265e-5
0.05757,98570.73962433386,5.713353729324689e-5
0.05758,98570.49320894122,5.712613618766186e-5
0.05759,98570.24679416482,5.711871267286591e-5
0.0576,98570.00038000467,5.7111291632189225e-5
0.05761,98569.75396646073,5.710390455288371e-5
0.05762,98569.50755353304,5.7096589526123105e-5
0.05763,98569.26114122158,5.708938564258755e-5
0.05764,98569.01472952635,5.708225107831572e-5
0.05765,98568.76831844733,5.707513829866076e-5
0.05766,98568.52190798454,5.7068018215076606e-5
0.05767,98568.27549813798,5.706086834147651e-5
0.05768,98568.02908890766,5.705367279423302e-5
0.05769,98567.78268029353,5.704642229217801e-5
0.0577,98567.53627229563,5.7039114156602635e-5
0.05771,98567.28986491395,5.7031752311257395e-5
0.05772,98567.04345814849,5.702434728235208e-5
0.05773,98566.79705199925,5.7016916198555795e-5
0.05774,98566.55064646622,5.700948279099695e-5
0.05775,98566.30424154938,5.700207739326327e-5
0.05776,98566.05783724878,5.69947369414018e-5
0.05777,98565.81143356438,5.698750360032078e-5
0.05778,98565.56503049617,5.6980351922509424e-5
0.05779,98565.31862804419,5.6973227773146215e-5
0.0578,98565.0722262084,5.696610091820392e-5
0.05781,98564.82582498882,5.69589477246518e-5
0.05782,98564.57942438543,5.695175116045571e-5
0.05783,98564.33302439825,5.694450079457804e-5
0.05784,98564.08662502727,5.6937192796977677e-5
0.05785,98563.84022627247,5.692982993861012e-5
0.05786,98563.59382813387,5.692242159142736e-5
0.05787,98563.34743061148,5.691498372837797e-5
0.05788,98563.10103370527,5.690753892340703e-5
0.05789,98562.85463741525,5.690011635145621e-5
0.0579,98562.60824174141,5.6892751788463666e-5
0.05791,98562.36184668378,5.688548760944352e-5
0.05792,98562.11545224232,5.687831771616416e-5
0.05793,98561.86905841704,5.687118132244972e-5
0.05794,98561.62266520795,5.686404704381215e-5
0.05795,98561.37627261505,5.685689009529677e-5
0.05796,98561.12988063831,5.684969229148237e-5
0.05797,98560.88348927775,5.6842442046481114e-5
0.05798,98560.63709853338,5.683513437393862e-5
0.05799,98560.39070840518,5.68277708870339e-5
0.058,98560.14431889314,5.682035979847938e-5
0.05801,98559.8979299973,5.681291592052094e-5
0.05802,98559.65154171761,5.680546066493782e-5
0.05803,98559.4051540541,5.679802204304274e-5
0.05804,98559.15876700674,5.6790634665681795e-5
0.05805,98558.91238057555,5.678333974323452e-5
0.05806,98558.66599476054,5.677614945658996e-5
0.05807,98558.41960956168,5.6768999895530776e-5
0.05808,98558.17322497898,5.676185749527469e-5
0.05809,98557.92684101244,5.6754696313961344e-5
0.0581,98557.68045766206,5.674749700780056e-5
0.05811,98557.43407492783,5.674024683107232e-5
0.05812,98557.18769280976,5.67329396361268e-5
0.05813,98556.94131130785,5.672557587338433e-5
0.05814,98556.69493042209,5.6718162591335437e-5
0.05815,98556.44855015248,5.6710713436540806e-5
0.05816,98556.202170499,5.670324865363131e-5
0.05817,98555.95579146169,5.6695795085307995e-5
0.05818,98555.70941304052,5.668838617234207e-5
0.05819,98555.46303523549,5.668106195357495e-5
0.0582,98555.2166580466,5.667384815406166e-5
0.05821,98554.97028147386,5.6666684453271196e-5
0.05822,98554.72390551725,5.665953318684816e-5
0.05823,98554.47753017678,5.6652367251044116e-5
0.05824,98554.23115545245,5.664516613871737e-5
0.05825,98553.98478134426,5.6637915939333006e-5
0.05826,98553.73840785219,5.6630609338962884e-5
0.05827,98553.49203497625,5.6623245620285595e-5
0.05828,98553.24566271645,5.661583066258653e-5
0.05829,98552.99929107277,5.6608376941757834e-5
0.0583,98552.75292004524,5.660090353029842e-5
0.05831,98552.5065496338,5.659343609731395e-5
0.05832,98552.26017983851,5.6586006908516893e-5
0.05833,98552.01381065934,5.657865482622643e-5
0.05834,98551.76744209629,5.6571414831561684e-5
0.05835,98551.52107414935,5.6564235968151556e-5
0.05836,98551.27470681854,5.655707504328996e-5
0.05837,98551.02834010383,5.654990378636554e-5
0.05838,98550.78197400525,5.654270052190894e-5
0.05839,98550.53560852278,5.653545016959285e-5
0.0584,98550.28924365641,5.6528144244231995e-5
0.05841,98550.04287940617,5.6520780855783124e-5
0.05842,98549.79651577203,5.651336470934501e-5
0.05843,98549.55015275399,5.6505907105158486e-5
0.05844,98549.30379035206,5.6498425938606393e-5
0.05845,98549.05742856623,5.649094570021361e-5
0.05846,98548.81106739651,5.648349747564705e-5
0.05847,98548.5647068429,5.647611894571565e-5
0.05848,98548.31834690536,5.646885052603992e-5
0.05849,98548.07198758394,5.646165542561367e-5
0.0585,98547.8256288786,5.645448400131136e-5
0.05851,98547.57927078939,5.6447306810686174e-5
0.05852,98547.33291331623,5.644010100496682e-5
0.05853,98547.0865564592,5.643285032905753e-5
0.05854,98546.84020021823,5.642554512153804e-5
0.05855,98546.59384459336,5.641818231466361e-5
0.05856,98546.34748958457,5.6410765434365024e-5
0.05857,98546.10113519187,5.640330460024857e-5
0.05858,98545.85478141526,5.639581652559607e-5
0.05859,98545.60842825472,5.638832451736486e-5
0.0586,98545.36207571028,5.638085847618779e-5
0.05861,98545.1157237819,5.637345489637321e-5
0.05862,98544.86937246962,5.6366156287330065e-5
0.05863,98544.6230217734,5.635894382287012e-5
0.05864,98544.37667169326,5.63517610083684e-5
0.05865,98544.13032222918,5.634457722454819e-5
0.05866,98543.88397338118,5.6337368444343265e-5
0.05867,98543.63762514925,5.6330117232897887e-5
0.05868,98543.39127753339,5.632281274756682e-5
0.05869,98543.1449305336,5.631545073791533e-5
0.0587,98542.89858414987,5.630803354571915e-5
0.05871,98542.6522383822,5.630057010496454e-5
0.05872,98542.4058932306,5.629307594184822e-5
0.05873,98542.15954869507,5.6285573174777444e-5
0.05874,98541.91320477558,5.627809051436991e-5
0.05875,98541.66686147216,5.6270663263453866e-5
0.05876,98541.42051878478,5.6263333317068e-5
0.05877,98541.17417671348,5.625610217035973e-5
0.05878,98540.92783525822,5.624890702393893e-5
0.05879,98540.68149441901,5.62417159392996e-5
0.0588,98540.43515419585,5.623450370609294e-5
0.05881,98540.18881458874,5.622725170471604e-5
0.05882,98539.94247559768,5.621994790631195e-5
0.05883,98539.69613722267,5.6212586872769596e-5
0.05884,98539.44979946369,5.6205169756723864e-5
0.05885,98539.20346232076,5.6197704301555564e-5
0.05886,98538.95712579387,5.619020484139139e-5
0.05887,98538.71078988301,5.6182692301104e-5
0.05888,98538.4644545882,5.617519419631195e-5
0.05889,98538.21811990942,5.616774463337972e-5
0.0589,98537.97178584668,5.616038430941773e-5
0.05891,98537.72545239996,5.615313149248673e-5
0.05892,98537.47911956928,5.614592302036395e-5
0.05893,98537.23278735463,5.613872387802283e-5
0.05894,98536.98645575602,5.613150766686284e-5
0.05895,98536.74012477342,5.61242545775621e-5
0.05896,98536.49379440685,5.611695139007743e-5
0.05897,98536.2474646563,5.61095914736443e-5
0.05898,98536.00113552179,5.610217478677687e-5
0.05899,98535.7548070033,5.609470787726795e-5
0.059,98535.50847910081,5.608720388218904e-5
0.05901,98535.26215181434,5.6079682527890315e-5
0.05902,98535.0158251439,5.607217013000061e-5
0.05903,98534.76949908945,5.606469959342745e-5
0.05904,98534.52317365103,5.6057310412357015e-5
0.05905,98534.27684882862,5.60500328271877e-5
0.05906,98534.03052462223,5.604280998250111e-5
0.05907,98533.78420103184,5.603560197535e-5
0.05908,98533.53787805745,5.6028381213905975e-5
0.05909,98533.29155569908,5.602112669415055e-5
0.0591,98533.0452339567,5.60138239998751e-5
0.05911,98532.79891283033,5.6006465302680926e-5
0.05912,98532.55259231996,5.59990493619792e-5
0.05913,98532.30627242559,5.599158152499099e-5
0.05914,98532.05995314721,5.598407372674725e-5
0.05915,98531.81363448483,5.597654449008883e-5
0.05916,98531.56731643845,5.5969018925666466e-5
0.05917,98531.32099900806,5.596152873194079e-5
0.05918,98531.07468219366,5.595411219518233e-5
0.05919,98530.82836599524,5.5946807225923525e-5
0.0592,98530.58205041282,5.5939568907538165e-5
0.05921,98530.3357354464,5.593235117708039e-5
0.05922,98530.08942109594,5.592512524451495e-5
0.05923,98529.84310736148,5.5917868906146815e-5
0.05924,98529.596794243,5.591056654462111e-5
0.05925,98529.35048174049,5.5903209128923146e-5
0.05926,98529.10416985398,5.5895794214378406e-5
0.05927,98528.85785858342,5.588832594265257e-5
0.05928,98528.61154792886,5.588081504175149e-5
0.05929,98528.36523789026,5.587327882602118e-5
0.0593,98528.11892846764,5.586574119614787e-5
0.05931,98527.872619661,5.585823263915793e-5
0.05932,98527.6263114703,5.585079022841794e-5
0.05933,98527.3800038956,5.5843455755504503e-5
0.05934,98527.13369693686,5.583620080694184e-5
0.05935,98526.88739059407,5.5828972442221374e-5
0.05936,98526.64108486725,5.582174066811308e-5
0.05937,98526.3947797564,5.581448207625761e-5
0.05938,98526.1484752615,5.58071798431663e-5
0.05939,98525.90217138258,5.57998237302212e-5
0.0594,98525.6558681196,5.579241008367502e-5
0.05941,98525.40956547258,5.57849418346512e-5
0.05942,98525.16326344151,5.577742849914383e-5
0.05943,98524.9169620264,5.576988617801772e-5
0.05944,98524.67066122724,5.576233755700835e-5
0.05945,98524.42436104403,5.5754811906721916e-5
0.05946,98524.17806147676,5.5747345082635285e-5
0.05947,98523.93176252545,5.5739979496565416e-5
0.05948,98523.68546419007,5.573270670473058e-5
0.05949,98523.43916647065,5.5725466741108964e-5
0.0595,98523.19286936717,5.5718228404282295e-5
0.05951,98522.94657287962,5.571096707623458e-5
0.05952,98522.70027700801,5.570366472235213e-5
0.05953,98522.45398175235,5.56963098914236e-5
0.05954,98522.20768711262,5.568889771563991e-5
0.05955,98521.96139308882,5.5681429910594304e-5
0.05956,98521.71509968095,5.567391477528234e-5
0.05957,98521.46880688902,5.566636719210188e-5
0.05958,98521.22251471301,5.5658808626853074e-5
0.05959,98520.97622315295,5.565126712873841e-5
0.0596,98520.7299322088,5.564377733036267e-5
0.05961,98520.48364188056,5.5636380447732936e-5
0.05962,98520.23735216826,5.5629087640557394e-5
0.05963,98519.9910630719,5.562183505857826e-5
0.05964,98519.74477459143,5.5614589385918874e-5
0.05965,98519.4984867269,5.560732478992438e-5
0.05966,98519.25219947827,5.560002201987297e-5
0.05967,98519.00591284558,5.559266840697585e-5
0.05968,98518.75962682877,5.558525786437726e-5
0.05969,98518.5133414279,5.5577790887154446e-5
0.0597,98518.26705664294,5.5570274552317673e-5
0.05971,98518.02077247389,5.556272251881026e-5
0.05972,98517.77448892074,5.5555155027508496e-5
0.05973,98517.5282059835,5.554759890122175e-5
0.05974,98517.28192366216,5.5540087544692355e-5
0.05975,98517.03564195673,5.553266094459572e-5
0.05976,98516.7893608672,5.552534466749592e-5
0.05977,98516.54308039357,5.551807839173906e-5
0.05978,98516.29680053584,5.551082455712375e-5
0.05979,98516.050521294,5.550355611136263e-5
0.0598,98515.80424266808,5.549625258263312e-5
0.05981,98515.55796465803,5.548890007957729e-5
0.05982,98515.31168726388,5.548149129130199e-5
0.05983,98515.06541048562,5.547402548737874e-5
0.05984,98514.81913432326,5.54665085178438e-5
0.05985,98514.57285877678,5.545895281319813e-5
0.05986,98514.32658384618,5.545137738440743e-5
0.05987,98514.08030953148,5.5443807822902095e-5
0.05988,98513.83403583265,5.543627630057725e-5
0.05989,98513.58776274971,5.542882156979273e-5
0.0599,98513.34149028265,5.542147885415059e-5
0.05991,98513.09521843147,5.541419775201264e-5
0.05992,98512.84894719617,5.5406934875059634e-5
0.05993,98512.60267657673,5.539966194638722e-5
0.05994,98512.35640657318,5.539235726808687e-5
0.05995,98512.1101371855,5.5385005721245905e-5
0.05996,98511.8638684137,5.537759876594752e-5
0.05997,98511.61760025776,5.53701344412707e-5
0.05998,98511.37133271768,5.5362617365290315e-5
0.05999,98511.12506579347,5.535505873507708e-5
0.06,98510.87879948513,5.5347476326697524e-5
0.06001,98510.63253379265,5.533989449521405e-5
0.06002,98510.38626871604,5.533234417468489e-5
0.06003,98510.14000425529,5.5324862878164124e-5
0.06004,98509.89374041039,5.5317491284538474e-5
0.06005,98509.64747718135,5.5310194165041464e-5
0.06006,98509.40121456818,5.530292130990677e-5
0.06007,98509.15495257084,5.529564321264855e-5
0.06008,98508.90869118937,5.528833694430436e-5
0.06009,98508.66243042375,5.528098615343528e-5
0.0601,98508.41617027398,5.5273581066125775e-5
0.06011,98508.16991074005,5.526611848598382e-5
0.06012,98507.92365182197,5.525860179414079e-5
0.06013,98507.67739351974,5.5251040949251555e-5
0.06014,98507.43113583335,5.524345248749442e-5
0.06015,98507.1848787628,5.5235859522571155e-5
0.06016,98506.9386223081,5.5228291745706966e-5
0.06017,98506.69236646923,5.522078542565052e-5
0.06018,98506.4461112462,5.521338305872694e-5
0.06019,98506.19985663901,5.5206068671410836e-5
0.0602,98505.95360264764,5.5198784845706135e-5
0.06021,98505.70734927211,5.519150084058414e-5
0.06022,98505.46109651242,5.5184192491063384e-5
0.06023,98505.21484436856,5.517684220820963e-5
0.06024,98504.96859284051,5.516943897913581e-5
0.06025,98504.72234192831,5.5161978367002135e-5
0.06026,98504.47609163192,5.515446251101599e-5
0.06027,98504.22984195135,5.514690012643199e-5
0.06028,98503.98359288661,5.513930650455197e-5
0.06029,98503.7373444377,5.5131703512724975e-5
0.0603,98503.4910966046,5.512411959434727e-5
0.06031,98503.24484938731,5.511658976886234e-5
0.06032,98502.99860278584,5.510915563176089e-5
0.06033,98502.75235680019,5.5101822325834196e-5
0.06034,98502.50611143034,5.509452647946721e-5
0.06035,98502.25986667632,5.508723577250918e-5
0.06036,98502.0136225381,5.507992479897496e-5
0.06037,98501.76737901568,5.507257472745007e-5
0.06038,98501.52113610908,5.5065173301090684e-5
0.06039,98501.27489381828,5.505771483762365e-5
0.0604,98501.02865214329,5.505020022934645e-5
0.06041,98500.78241108409,5.5042636943127255e-5
0.06042,98500.5361706407,5.5035039020404865e-5
0.06043,98500.2899308131,5.502742707718876e-5
0.06044,98500.04369160131,5.501982830405907e-5
0.06045,98499.7974530053,5.50122764661666e-5
0.06046,98499.5512150251,5.500481190323278e-5
0.06047,98499.3049776607,5.499745619867441e-5
0.06048,98499.05874091206,5.4990147222580664e-5
0.06049,98498.81250477923,5.4982848963861704e-5
0.0605,98498.56626926218,5.4975534770531664e-5
0.06051,98498.32003436094,5.496818456370037e-5
0.06052,98498.07380007545,5.496078483757338e-5
0.06053,98497.82756640577,5.495332865945197e-5
0.06054,98497.58133335186,5.494581566973315e-5
0.06055,98497.33510091373,5.493825208190963e-5
0.06056,98497.08886909139,5.493065068256986e-5
0.06057,98496.84263788481,5.492303083139802e-5
0.06058,98496.59640729401,5.491541846117399e-5
0.06059,98496.350177319,5.490784607777338e-5
0.0606,98496.10394795975,5.490035276016753e-5
0.06061,98495.85771921628,5.489297137618862e-5
0.06062,98495.61149108857,5.488564810104861e-5
0.06063,98495.36526357663,5.4878341383415276e-5
0.06064,98495.11903668045,5.4871023320301694e-5
0.06065,98494.87281040005,5.4863672580343666e-5
0.06066,98494.62658473541,5.485627440379974e-5
0.06067,98494.38035968653,5.484882060255117e-5
0.06068,98494.13413525341,5.484130956010195e-5
0.06069,98493.88791143605,5.4833746231578797e-5
0.0607,98493.64168823443,5.4826142143731166e-5
0.06071,98493.39546564859,5.4818515394931224e-5
0.06072,98493.14924367849,5.481089065517388e-5
0.06073,98492.90302232416,5.4803299166076776e-5
0.06074,98492.65680158556,5.479577874088025e-5
0.06075,98492.41058146273,5.478836896125322e-5
0.06076,98492.16436195563,5.4781030156236974e-5
0.06077,98491.91814306428,5.477371401403896e-5
0.06078,98491.67192478868,5.4766391375678655e-5
0.06079,98491.42570712882,5.475903965232583e-5
0.0608,98491.1794900847,5.475164282530055e-5
0.06081,98490.93327365634,5.474419144607316e-5
0.06082,98490.6870578437,5.473668263626433e-5
0.06083,98490.4408426468,5.4729120087644964e-5
0.06084,98490.19462806563,5.472151406213631e-5
0.06085,98489.9484141002,5.471388139180986e-5
0.06086,98489.7022007505,5.470624547888744e-5
0.06087,98489.45598801655,5.469863629574113e-5
0.06088,98489.2097758983,5.469109038489332e-5
0.06089,98488.9635643958,5.468365007351141e-5
0.0609,98488.71735350901,5.4676294445037115e-5
0.06091,98488.47114323796,5.4668967852893186e-5
0.06092,98488.22493358263,5.4661639877121575e-5
0.06093,98487.97872454302,5.4654286666441306e-5
0.06094,98487.73251611913,5.464689093824844e-5
0.06095,98487.48630831095,5.46394419786161e-5
0.06096,98487.2401011185,5.463193564229446e-5
0.06097,98486.99389454177,5.462437435271074e-5
0.06098,98486.74768858074,5.461676710196924e-5
0.06099,98486.50148323544,5.4609129450851275e-5
0.061,98486.25527850584,5.460148352881525e-5
0.06101,98486.00907439194,5.45938580339966e-5
0.06102,98485.76287089376,5.458628823320783e-5
0.06103,98485.51666801129,5.4578815961938483e-5
0.06104,98485.27046574451,5.457144204030124e-5
0.06105,98485.02426409344,5.456410391185136e-5
0.06106,98484.77806305808,5.4556769778561305e-5
0.06107,98484.53186263841,5.454941452172368e-5
0.06108,98484.28566283445,5.454201958983262e-5
0.06109,98484.03946364617,5.453457299858385e-5
0.0611,98483.7932650736,5.452706933087466e-5
0.06111,98483.54706711673,5.451950973680389e-5
0.06112,98483.30086977554,5.451190193367195e-5
0.06113,98483.05467305005,5.4504260205980804e-5
0.06114,98482.80847694025,5.4496605405434004e-5
0.06115,98482.56228144612,5.448896495093664e-5
0.06116,98482.31608656769,5.448137282859538e-5
0.06117,98482.06989230495,5.447386959171845e-5
0.06118,98481.82369865788,5.4466474031333e-5
0.06119,98481.57750562651,5.44591232180443e-5
0.0612,98481.3313132108,5.44517820480214e-5
0.06121,98481.08512141078,5.4444424130147584e-5
0.06122,98480.83893022644,5.4437029639031214e-5
0.06123,98480.59273965778,5.4429585315005675e-5
0.06124,98480.34654970479,5.442208446412942e-5
0.06125,98480.10036036746,5.441452695818596e-5
0.06126,98479.85417164581,5.440691923468383e-5
0.06127,98479.60798353983,5.439927429685665e-5
0.06128,98479.36179604952,5.4391611713663076e-5
0.06129,98479.11560917487,5.438395761978681e-5
0.0613,98478.8694229159,5.4376344715636626e-5
0.06131,98478.62323727258,5.436881226734632e-5
0.06132,98478.37705224492,5.436139152367468e-5
0.06133,98478.13086783294,5.4354026813515236e-5
0.06134,98477.88468403659,5.434667766715763e-5
0.06135,98477.63850085592,5.433931641608117e-5
0.06136,98477.39231829089,5.4331921956014684e-5
0.06137,98477.14613634153,5.432447974693643e-5
0.06138,98476.89995500782,5.431698181307418e-5
0.06139,98476.65377428975,5.430942674290515e-5
0.0614,98476.40759418733,5.430181968915606e-5
0.06141,98476.16141470056,5.429417236880309e-5
0.06142,98475.91523582944,5.428650306307187e-5
0.06143,98475.66905757396,5.427883661743757e-5
0.06144,98475.42287993414,5.427120444162475e-5
0.06145,98475.17670290994,5.426364450960753e-5
0.06146,98474.9305265014,5.425619564076038e-5
0.06147,98474.68435070848,5.424881575686633e-5
0.06148,98474.4381755312,5.424145763282149e-5
0.06149,98474.19200096956,5.423409231771455e-5
0.0615,98473.94582702356,5.4226697423407754e-5
0.06151,98473.6996536932,5.4219257124536795e-5
0.06152,98473.45348097845,5.4211762158510924e-5
0.06153,98473.20730887934,5.420420982551285e-5
0.06154,98472.96113739586,5.419660398849883e-5
0.06155,98472.714966528,5.4188955073198584e-5
0.06156,98472.46879627577,5.4181280068115375e-5
0.06157,98472.22262663917,5.4173602524525937e-5
0.06158,98471.97645761818,5.4165952556480526e-5
0.06159,98471.73028921282,5.415836684080292e-5
0.0616,98471.48412142307,5.415088752382798e-5
0.06161,98471.23795424894,5.414349112320705e-5
0.06162,98470.99178769042,5.413612295708062e-5
0.06163,98470.74562174753,5.412875278717004e-5
0.06164,98470.49945642024,5.4121356936492345e-5
0.06165,98470.25329170856,5.411391828936031e-5
0.06166,98470.0071276125,5.41064262913824e-5
0.06167,98469.76096413203,5.409887694946276e-5
0.06168,98469.51480126719,5.409127283180127e-5
0.06169,98469.26863901793,5.408362306789349e-5
0.0617,98469.0224773843,5.40759433485307e-5
0.06171,98468.77631636625,5.406825592579988e-5
0.06172,98468.53015596382,5.40605896130837e-5
0.06173,98468.28399617696,5.405297978506055e-5
0.06174,98468.03783700573,5.404546837770451e-5
0.06175,98467.79167845008,5.4038054004666116e-5
0.06176,98467.54552051003,5.403067466776008e-5
0.06177,98467.29936318556,5.402329879108177e-5
0.06178,98467.05320647669,5.401590140382525e-5
0.06179,98466.80705038342,5.400846409500065e-5
0.0618,98466.56089490572,5.4000975013434124e-5
0.06181,98466.31474004361,5.3993428867767894e-5
0.06182,98466.06858579708,5.3985826926460215e-5
0.06183,98465.82243216615,5.3978177017785396e-5
0.06184,98465.57627915079,5.397049352983381e-5
0.06185,98465.33012675101,5.396279741051185e-5
0.06186,98465.08397496682,5.3955116167541984e-5
0.06187,98464.8378237982,5.394748386846271e-5
0.06188,98464.59167324514,5.3939941140628585e-5
0.06189,98464.34552330768,5.3932505510477524e-5
0.0619,98464.09937398578,5.392511380848624e-5
0.06191,98463.85322527945,5.391773131062168e-5
0.06192,98463.6070771887,5.391033174726635e-5
0.06193,98463.36092971351,5.3902895407139215e-5
0.06194,98463.11478285388,5.3895409137295574e-5
0.06195,98462.86863660983,5.388786634312719e-5
0.06196,98462.62249098133,5.38802669883622e-5
0.06197,98462.3763459684,5.387261759506516e-5
0.06198,98462.13020157102,5.386493124363703e-5
0.06199,98461.88405778921,5.385722757281519e-5
0.062,98461.63791462296,5.3849532779673405e-5
0.06201,98461.39177207225,5.384187961962185e-5
0.06202,98461.1456301371,5.383430740640714e-5
0.06203,98460.89948881751,5.3826846767789095e-5
0.06204,98460.65334811347,5.381944143941047e-5
0.06205,98460.40720802498,5.381205134210742e-5
0.06206,98460.16106855203,5.3804648902459654e-5
0.06207,98459.91492969463,5.3797213103904084e-5
0.06208,98459.66879145277,5.378972948673484e-5
0.06209,98459.42265382646,5.378219014810328e-5
0.0621,98459.17651681569,5.3774593742017924e-5
0.06211,98458.93038042045,5.376694547934455e-5
0.06212,98458.68424464077,5.3759257127806126e-5
0.06213,98458.43810947661,5.375154701198284e-5
0.06214,98458.191974928,5.3743840013312066e-5
0.06215,98457.94584099491,5.373616757008843e-5
0.06216,98457.69970767737,5.372856767746372e-5
0.06217,98457.45357497534,5.372107892247588e-5
0.06218,98457.20744288886,5.371365863804556e-5
0.06219,98456.9613114179,5.370625989784011e-5
0.0622,98456.71518056246,5.3698853819653285e-5
0.06221,98456.46905032254,5.369141807665599e-5
0.06222,98456.22292069816,5.3683936897396335e-5
0.06223,98455.97679168929,5.367640106579957e-5
0.06224,98455.73066329595,5.366880792116816e-5
0.06225,98455.48453551812,5.3661161358181706e-5
0.06226,98455.23840835581,5.365347182689701e-5
0.06227,98454.99228180901,5.364575633274805e-5
0.06228,98454.74615587774,5.363803843654596e-5
0.06229,98454.50003056198,5.363034825447909e-5
0.0623,98454.25390586171,5.3622722458112895e-5
0.06231,98454.00778177696,5.361520313934616e-5
0.06232,98453.76165830773,5.360776649950341e-5
0.06233,98453.515535454,5.360035800640975e-5
0.06234,98453.26941321578,5.359294746408984e-5
0.06235,98453.02329159305,5.358551123046465e-5
0.06236,98452.77717058583,5.357803221735147e-5
0.06237,98452.5310501941,5.357049989046389e-5
0.06238,98452.28493041788,5.3562910269411855e-5
0.06239,98452.03881125715,5.3555265927701576e-5
0.0624,98451.79269271193,5.354757599273563e-5
0.06241,98451.54657478219,5.353985614581287e-5
0.06242,98451.30045746795,5.353212862212849e-5
0.06243,98451.05434076919,5.352442221077401e-5
0.06244,98450.80822468593,5.351677225473723e-5
0.06245,98450.56210921815,5.350922065090229e-5
0.06246,98450.31599436585,5.3501766136678094e-5
0.06247,98450.06988012906,5.3494346712810954e-5
0.06248,98449.82376650773,5.348693081606357e-5
0.06249,98449.5776535019,5.34794934841219e-5
0.0625,98449.33154111153,5.34720163070868e-5
0.06251,98449.08542933666,5.3464487427474056e-5
0.06252,98448.83931817726,5.345690154021441e-5
0.06253,98448.59320763333,5.344925989265352e-5
0.06254,98448.34709770487,5.344157028455199e-5
0.06255,98448.1009883919,5.343384706808533e-5
0.06256,98447.8548796944,5.342611114784398e-5
0.06257,98447.60877161234,5.3418389980833355e-5
0.06258,98447.36266414578,5.341071757647376e-5
0.06259,98447.11655729468,5.340313449660043e-5
0.0626,98446.87045105903,5.339565868131471e-5
0.06261,98446.62434543886,5.338822707951816e-5
0.06262,98446.37824043415,5.3380804871983685e-5
0.06263,98446.1321360449,5.3373365771176014e-5
0.06264,98445.8860322711,5.3365890040493104e-5
0.06265,98445.63992911275,5.3358364494266034e-5
0.06266,98445.39382656987,5.33507824977591e-5
0.06267,98445.14772464243,5.334314396716975e-5
0.06268,98444.90162333046,5.333545536962863e-5
0.06269,98444.65552263394,5.332772972319957e-5
0.0627,98444.40942255285,5.331998659687955e-5
0.06271,98444.16332308722,5.331225211059875e-5
0.06272,98443.91722423706,5.330455893522053e-5
0.06273,98443.67112600231,5.329694629254142e-5
0.06274,98443.42502838302,5.3289445283941864e-5
0.06275,98443.17893137917,5.328200018634767e-5
0.06276,98442.93283499076,5.3274570644172335e-5
0.06277,98442.68673921778,5.326712903968002e-5
0.06278,98442.44064406025,5.325965430458503e-5
0.06279,98442.19454951814,5.325213192005179e-5
0.0628,98441.94845559148,5.3244553916694854e-5
0.06281,98441.70236228025,5.3236918874578893e-5
0.06282,98441.45626958445,5.322923192321875e-5
0.06283,98441.21017750408,5.322150474157936e-5
0.06284,98440.96408603912,5.321375555807581e-5
0.06285,98440.71799518961,5.320600915057329e-5
0.06286,98440.47190495551,5.319829684638717e-5
0.06287,98440.22581533685,5.31906565222829e-5
0.06288,98439.9797263336,5.318312711531146e-5
0.06289,98439.73363794577,5.317566713199741e-5
0.0629,98439.48755017336,5.316822916249056e-5
0.06291,98439.24146301637,5.316078425387678e-5
0.06292,98438.99537647479,5.3153310001207434e-5
0.06293,98438.74929054861,5.314579054749947e-5
0.06294,98438.50320523787,5.3138216583735327e-5
0.06295,98438.25712054253,5.3130585348862955e-5
0.06296,98438.0110364626,5.312290062979587e-5
0.06297,98437.76495299808,5.3115172761413074e-5
0.06298,98437.51887014897,5.310741862655912e-5
0.06299,98437.27278791525,5.3099661656044056e-5
0.063,98437.02670629694,5.309193182864351e-5
0.06301,98436.78062529404,5.3084265671098566e-5
0.06302,98436.53454490654,5.307670536547489e-5
0.06303,98436.28846513442,5.306922903301839e-5
0.06304,98436.04238597772,5.306178147329332e-5
0.06305,98435.79630743641,5.305433239320692e-5
0.06306,98435.55022951048,5.304685804614925e-5
0.06307,98435.30415219995,5.3039341231993194e-5
0.06308,98435.05807550481,5.3031771297094465e-5
0.06309,98434.81199942507,5.302414413429159e-5
0.0631,98434.5659239607,5.301646218290592e-5
0.06311,98434.31984911174,5.3008734428741636e-5
0.06312,98434.07377487815,5.3000976404085745e-5
0.06313,98433.82770125994,5.2993210187708044e-5
0.06314,98433.58162825712,5.29854644048612e-5
0.06315,98433.33555586968,5.2977774227280687e-5
0.06316,98433.08948409761,5.2970181373184784e-5
0.06317,98432.84341294091,5.296268702542456e-5
0.06318,98432.5973423996,5.2955228640817356e-5
0.06319,98432.35127247366,5.2947774453392854e-5
0.0632,98432.10520316311,5.294029936989445e-5
0.06321,98431.85913446792,5.2932784842065376e-5
0.06322,98431.61306638809,5.292521886664862e-5
0.06323,98431.36699892364,5.291759598538699e-5
0.06324,98431.12093207454,5.2909917285023124e-5
0.06325,98430.87486584081,5.290219039729945e-5
0.06326,98430.62880022245,5.28944294989582e-5
0.06327,98430.38273521945,5.28866553117414e-5
0.06328,98430.13667083181,5.287889510239093e-5
0.06329,98429.89060705953,5.287118268264842e-5
0.0633,98429.6445439026,5.2863558409255344e-5
0.06331,98429.39848136103,5.285604226596156e-5
0.06332,98429.15241943482,5.2848571748678024e-5
0.06333,98428.90635812396,5.2841111448162234e-5
0.06334,98428.66029742845,5.283363491953605e-5
0.06335,98428.41423734829,5.282612226143598e-5
0.06336,98428.16817788348,5.281856011601325e-5
0.06337,98427.922119034,5.281094166893372e-5
0.06338,98427.67606079989,5.2803266649377914e-5
0.06339,98427.4300031811,5.279554133004106e-5
0.0634,98427.18394617767,5.278777852713304e-5
0.06341,98426.93788978957,5.2779997600378394e-5
0.06342,98426.6918340168,5.277222445301635e-5
0.06343,98426.44577885939,5.27644915318008e-5
0.06344,98426.1997243173,5.2756837827000324e-5
0.06345,98425.95367039055,5.2749295930588126e-5
0.06346,98425.70761707914,5.274181189826074e-5
0.06347,98425.46156438305,5.27343444076484e-5
0.06348,98425.21551230228,5.272686565726491e-5
0.06349,98424.96946083686,5.2719354387653596e-5
0.0635,98424.72340998675,5.27117958813873e-5
0.06351,98424.47735975197,5.270418196306834e-5
0.06352,98424.23131013251,5.269651099932856e-5
0.06353,98423.98526112837,5.268878789882928e-5
0.06354,98423.73921273956,5.268102411226136e-5
0.06355,98423.49316496607,5.267323763234513e-5
0.06356,98423.24711780788,5.266545299383043e-5
0.06357,98423.00107126503,5.265770127349664e-5
0.06358,98422.75502533748,5.2650020090152577e-5
0.06359,98422.50898002523,5.2642449216739384e-5
0.0636,98422.26293532831,5.26349502109226e-5
0.06361,98422.01689124669,5.262747438042151e-5
0.06362,98421.77084778038,5.26199925621635e-5
0.06363,98421.52480492939,5.26124821336191e-5
0.06364,98421.27876269369,5.260492701280193e-5
0.06365,98421.0327210733,5.259731765826871e-5
0.06366,98420.7866800682,5.258965106911929e-5
0.06367,98420.54063967841,5.25819307849966e-5
0.06368,98420.29459990391,5.257416688608669e-5
0.06369,98420.04856074472,5.256637599311872e-5
0.0637,98419.80252220081,5.255858126736493e-5
0.06371,98419.55648427221,5.255081241064071e-5
0.06372,98419.3104469589,5.254310566530452e-5
0.06373,98419.06441026088,5.253550334333374e-5
0.06374,98418.81837417814,5.2527987828068354e-5
0.06375,98418.5723387107,5.252050243370726e-5
0.06376,98418.32630385853,5.2513016630603074e-5
0.06377,98418.08026962166,5.2505506428165374e-5
0.06378,98417.83423600007,5.249795437486071e-5
0.06379,98417.58820299376,5.249034955821262e-5
0.0638,98417.34217060273,5.2482687604801564e-5
0.06381,98417.09613882698,5.2474970680264994e-5
0.06382,98416.8501076665,5.246720748929734e-5
0.06383,98416.6040771213,5.2459413275649976e-5
0.06384,98416.35804719137,5.2451609822131245e-5
0.06385,98416.11201787673,5.2443825450606453e-5
0.06386,98415.86598917734,5.24360950219979e-5
0.06387,98415.61996109324,5.242845993628482e-5
0.06388,98415.37393362439,5.242092591105034e-5
0.06389,98415.12790677081,5.241342965312524e-5
0.0639,98414.8818805325,5.240593887582937e-5
0.06391,98414.63585490946,5.2398428215519056e-5
0.06392,98414.38982990166,5.2390878846122516e-5
0.06393,98414.14380550914,5.2383278479139864e-5
0.06394,98413.89778173187,5.2375621363643073e-5
0.06395,98413.65175856986,5.2367908286276e-5
0.06396,98413.40573602311,5.236014657125443e-5
0.06397,98413.1597140916,5.235235008036597e-5
0.06398,98412.91369277536,5.234453921297016e-5
0.06399,98412.66767207436,5.233674090599837e-5
0.064,98412.42165198861,5.232898863395394e-5
0.06401,98412.1756325181,5.2321322408912016e-5
0.06402,98411.92961366285,5.231376564321546e-5
0.06403,98411.68359542284,5.2306257144785375e-5
0.06404,98411.43757779807,5.229876033004649e-5
0.06405,98411.19156078855,5.22912484573178e-5
0.06406,98410.94554439426,5.228370132100471e-5
0.06407,98410.69952861522,5.227610525159902e-5
0.06408,98410.45351345142,5.2268453115678884e-5
0.06409,98410.20749890283,5.226074431590883e-5
0.0641,98409.96148496949,5.2252984791039786e-5
0.06411,98409.71547165139,5.224518701590905e-5
0.06412,98409.46945894852,5.22373700014403e-5
0.06413,98409.22344686087,5.222955929464358e-5
0.06414,98408.97743538844,5.222178697861534e-5
0.06415,98408.73142453126,5.221409167253838e-5
0.06416,98408.48541428929,5.2206508229103375e-5
0.06417,98408.23940466254,5.2198986034483824e-5
0.06418,98407.99339565102,5.219148204368023e-5
0.06419,98407.74738725471,5.218396813198846e-5
0.0642,98407.50137947363,5.2176422709305184e-5
0.06421,98407.25537230777,5.216883072012791e-5
0.06422,98407.00936575711,5.2161183643555004e-5
0.06423,98406.76335982168,5.21534794932856e-5
0.06424,98406.51735450145,5.214572281761967e-5
0.06425,98406.27134979644,5.2137924699458056e-5
0.06426,98406.02534570664,5.213010275630237e-5
0.06427,98405.77934223204,5.212228114025508e-5
0.06428,98405.53333937265,5.211449053801944e-5
0.06429,98405.28733712847,5.21067681708996e-5
0.0643,98405.04133549948,5.2099154895842494e-5
0.06431,98404.7953344857,5.209161746906618e-5
0.06432,98404.54933408712,5.2084105086655955e-5
0.06433,98404.30333430374,5.207658823590672e-5
0.06434,98404.05733513556,5.206904393722743e-5
0.06435,98403.81133658257,5.2061455744141104e-5
0.06436,98403.56533864477,5.205381374328483e-5
0.06437,98403.31934132217,5.2046114554409743e-5
0.06438,98403.07334461476,5.203836133038101e-5
0.06439,98402.82734852254,5.203056375717792e-5
0.0644,98402.5813530455,5.2022738053893755e-5
0.06441,98402.33535818366,5.201490697273589e-5
0.06442,98402.08936393699,5.2007099799025725e-5
0.06443,98401.84337030552,5.199935235119876e-5
0.06444,98401.59737728922,5.1991706893481275e-5
0.06445,98401.35138488811,5.1984152616783234e-5
0.06446,98401.10539310217,5.1976630548814244e-5
0.06447,98400.8594019314,5.196910978389032e-5
0.06448,98400.61341137582,5.196156594795365e-5
0.06449,98400.36742143541,5.195398119857261e-5
0.0645,98400.12143211017,5.1946344224941825e-5
0.06451,98399.8754434001,5.1938650247882086e-5
0.06452,98399.6294553052,5.19309010198404e-5
0.06453,98399.38346782546,5.192310482488997e-5
0.06454,98399.13748096091,5.191527647873023e-5
0.06455,98398.89149471151,5.190743732868679e-5
0.06456,98398.64550907727,5.189961525371146e-5
0.06457,98398.39952405819,5.18918446643823e-5
0.06458,98398.15353965427,5.188416650290352e-5
0.06459,98397.90755586552,5.1876592667587095e-5
0.0646,98397.66157269193,5.186905954016598e-5
0.06461,98397.41559013347,5.186153380943209e-5
0.06462,98397.16960819019,5.1853989701872356e-5
0.06463,98396.92362686204,5.184640797411261e-5
0.06464,98396.67764614907,5.183877591291766e-5
0.06465,98396.43166605123,5.18310873351912e-5
0.06466,98396.18568656854,5.1823342587975886e-5
0.06467,98395.93970770099,5.181554854845328e-5
0.06468,98395.6937294486,5.1807718623943915e-5
0.06469,98395.44775181134,5.1799872751907226e-5
0.0647,98395.20177478924,5.179203739994157e-5
0.06471,98394.95579838226,5.178424556578425e-5
0.06472,98394.70982259042,5.1776536777311524e-5
0.06473,98394.46384741373,5.176893883399609e-5
0.06474,98394.21787285217,5.176139319164962e-5
0.06475,98393.97189890574,5.17538613653112e-5
0.06476,98393.72592557444,5.1746316177030855e-5
0.06477,98393.47995285828,5.1738736977509826e-5
0.06478,98393.23398075726,5.1731109646100586e-5
0.06479,98392.98800927134,5.172342659080685e-5
0.0648,98392.74203840057,5.171568674828354e-5
0.06481,98392.49606814492,5.17078955838368e-5
0.06482,98392.25009850437,5.170006509142403e-5
0.06483,98392.00412947897,5.169221379365382e-5
0.06484,98391.75816106868,5.168436674178601e-5
0.06485,98391.5121932735,5.167655551573165e-5
0.06486,98391.26622609344,5.166881822405304e-5
0.06487,98391.02025952852,5.1661192352314854e-5
0.06488,98390.7742935787,5.1653632656459035e-5
0.06489,98390.52832824398,5.16460935250177e-5
0.0649,98390.28236352438,5.1638546370631846e-5
0.06491,98390.03639941989,5.1630969133104095e-5
0.06492,98389.7904359305,5.162334627939872e-5
0.06493,98389.54447305623,5.1615668803641665e-5
0.06494,98389.29851079705,5.160793422712051e-5
0.06495,98389.05254915298,5.16001465982845e-5
0.06496,98388.80658812402,5.1592316492744484e-5
0.06497,98388.56062771015,5.158446101327304e-5
0.06498,98388.31466791139,5.1576603789804344e-5
0.06499,98388.0687087277,5.1568774979434214e-5
0.065,98387.82275015913,5.1561011266420166e-5
0.06501,98387.57679220564,5.155335448208872e-5
0.06502,98387.33083486726,5.154577910945167e-5
0.06503,98387.08487814396,5.153823138219395e-5
0.06504,98386.83892203575,5.1530681298564036e-5
0.06505,98386.59296654262,5.1523105382482486e-5
0.06506,98386.34701166459,5.151548668354193e-5
0.06507,98386.10105740164,5.1507814777007094e-5
0.06508,98385.85510375377,5.150008576381477e-5
0.06509,98385.60915072098,5.1492302270573833e-5
0.0651,98385.36319830328,5.148447344956522e-5
0.06511,98385.11724650065,5.147661497874199e-5
0.06512,98384.8712953131,5.1468749061729245e-5
0.06513,98384.62534474063,5.146090442782418e-5
0.06514,98384.37939478323,5.1453116331996055e-5
0.06515,98384.13344544091,5.1445426554886234e-5
0.06516,98383.88749671365,5.1437833748346644e-5
0.06517,98383.64154860146,5.1430276051695575e-5
0.06518,98383.39560110435,5.142272199629367e-5
0.06519,98383.14965422229,5.141514668519391e-5
0.0652,98382.9037079553,5.1407531745632224e-5
0.06521,98382.65776230338,5.1399865329027455e-5
0.06522,98382.41181726652,5.1392142110981415e-5
0.06523,98382.16587284471,5.1384363291278816e-5
0.06524,98381.91992903796,5.1376536593887295e-5
0.06525,98381.67398584628,5.136867626695745e-5
0.06526,98381.42804326965,5.136080308282279e-5
0.06527,98381.18210130808,5.1352944337999764e-5
0.06528,98380.93615996155,5.134513385318772e-5
0.06529,98380.69021923008,5.1337411973268996e-5
0.0653,98380.44427911364,5.1329797794637234e-5
0.06531,98380.19833961227,5.13222286705182e-5
0.06532,98379.95240072595,5.1314669519787454e-5
0.06533,98379.70646245465,5.130709401965201e-5
0.06534,98379.46052479841,5.129948237001197e-5
0.06535,98379.21458775722,5.129182129346048e-5
0.06536,98378.96865133106,5.128410403528384e-5
0.06537,98378.72271551994,5.127633036346135e-5
0.06538,98378.47678032385,5.126850656866544e-5
0.06539,98378.2308457428,5.1260645464261575e-5
0.0654,98377.98491177679,5.125276638630836e-5
0.06541,98377.7389784258,5.124489519355743e-5
0.06542,98377.49304568984,5.1237064267453505e-5
0.06543,98377.24711356893,5.12293125121344e-5
0.06544,98377.00118206305,5.12216724939793e-5
0.06545,98376.75525117217,5.121409039822977e-5
0.06546,98376.50932089634,5.1206524946015324e-5
0.06547,98376.26339123551,5.1198948383718034e-5
0.06548,98376.01746218972,5.119133947892263e-5
0.06549,98375.77153375893,5.118368352041654e-5
0.0655,98375.52560594318,5.11759723181899e-5
0.06551,98375.27967874244,5.1168204203435515e-5
0.06552,98375.03375215671,5.11603840285489e-5
0.06553,98374.787826186,5.115252316712825e-5
0.06554,98374.5419008303,5.1144639513974475e-5
0.06555,98374.29597608962,5.1136757485091145e-5
0.06556,98374.05005196393,5.112890801768455e-5
0.06557,98373.80412845327,5.112112857016365e-5
0.06558,98373.5582055576,5.111345911656559e-5
0.06559,98373.31228327694,5.110586241727241e-5
0.0656,98373.06636161129,5.109828937318519e-5
0.06561,98372.82044056062,5.109071079487995e-5
0.06562,98372.57452012498,5.108310401264493e-5
0.06563,98372.32860030432,5.1075452876480574e-5
0.06564,98372.08268109866,5.1067747756099536e-5
0.06565,98371.836762508,5.1059985540926734e-5
0.06566,98371.59084453233,5.105216964009926e-5
0.06567,98371.34492717165,5.104430998246645e-5
0.06568,98371.09901042597,5.103642301658986e-5
0.06569,98370.85309429526,5.102853171074326e-5
0.0657,98370.60717877957,5.102066555291264e-5
0.06571,98370.36126387883,5.10128605507962e-5
0.06572,98370.1153495931,5.100515895833217e-5
0.06573,98369.86943592234,5.099754593416762e-5
0.06574,98369.62352286658,5.098996392190629e-5
0.06575,98369.37761042578,5.0982382291346116e-5
0.06576,98369.13169859997,5.097477693050539e-5
0.06577,98368.88578738914,5.096713024562287e-5
0.06578,98368.63987679328,5.095943116115774e-5
0.06579,98368.3939668124,5.0951675119789656e-5
0.0658,98368.14805744648,5.0943864082418664e-5
0.06581,98367.90214869553,5.0936006528165264e-5
0.06582,98367.65624055956,5.092811745437037e-5
0.06583,98367.41033303856,5.092021837659538e-5
0.06584,98367.16442613251,5.091233732862208e-5
0.06585,98366.91851984145,5.090450886245269e-5
0.06586,98366.67261416533,5.0896774048309913e-5
0.06587,98366.42670910418,5.0889142179970996e-5
0.06588,98366.180804658,5.0881549735708537e-5
0.06589,98365.93490082677,5.087396393264946e-5
0.0659,98365.6889976105,5.0866359211568724e-5
0.06591,98365.44309500918,5.085871652996878e-5
0.06592,98365.19719302282,5.085102336207957e-5
0.06593,98364.9512916514,5.084327369885856e-5
0.06594,98364.70539089495,5.083546804799071e-5
0.06595,98364.45949075343,5.082761343388846e-5
0.06596,98364.21359122687,5.081972339769178e-5
0.06597,98363.96769231526,5.0811817997268145e-5
0.06598,98363.72179401858,5.080392380721251e-5
0.06599,98363.47589633687,5.079607391884735e-5
0.066,98363.22999927007,5.078830794022261e-5
0.06601,98362.98410281823,5.078065241055024e-5
0.06602,98362.73820698132,5.0773047981243155e-5
0.06603,98362.49231175936,5.0765456799783146e-5
0.06604,98362.24641715232,5.075785185472564e-5
0.06605,98362.00052316021,5.07502126498601e-5
0.06606,98361.75462978306,5.074252520421009e-5
0.06607,98361.50873702082,5.073478205203321e-5
0.06608,98361.2628448735,5.072698224282119e-5
0.06609,98361.01695334112,5.071913134129981e-5
0.0661,98360.77106242368,5.07112414274289e-5
0.06611,98360.52517212114,5.0703331096402417e-5
0.06612,98360.27928243355,5.0695425458648355e-5
0.06613,98360.03339336086,5.06875561398288e-5
0.06614,98359.7875049031,5.0679761280839895e-5
0.06615,98359.54161706024,5.067207790791105e-5
0.06616,98359.29572983232,5.066445984961463e-5
0.06617,98359.04984321931,5.065686199651434e-5
0.06618,98358.80395722121,5.064925587996808e-5
0.06619,98358.55807183802,5.064161954507426e-5
0.0662,98358.31218706975,5.063393755067175e-5
0.06621,98358.06630291638,5.062620096933992e-5
0.06622,98357.82041937794,5.061840738739865e-5
0.06623,98357.57453645438,5.06105609049083e-5
0.06624,98357.32865414573,5.0602672135669714e-5
0.06625,98357.08277245199,5.0594758207224216e-5
0.06626,98356.83689137315,5.058684276085366e-5
0.06627,98356.59101090922,5.057895595158035e-5
0.06628,98356.34513106018,5.0571134448167085e-5
0.06629,98356.09925182602,5.0563419980300276e-5
0.0663,98355.85337320677,5.0555786556431254e-5
0.06631,98355.60749520242,5.0548180649403935e-5
0.06632,98355.36161781296,5.054057232839813e-5
0.06633,98355.11574103839,5.053293817484094e-5
0.06634,98354.86986487871,5.052526128240669e-5
0.06635,98354.62398933392,5.051753125701696e-5
0.06636,98354.37811440401,5.050974421684061e-5
0.06637,98354.13224008899,5.050190279229374e-5
0.06638,98353.88636638885,5.049401612603968e-5
0.06639,98353.6404933036,5.048609987298905e-5
0.0664,98353.39462083322,5.047817620029971e-5
0.06641,98353.14874897772,5.047027378737678e-5
0.06642,98352.9028777371,5.0462427825872615e-5
0.06643,98352.65700711135,5.0454680019686864e-5
0.06644,98352.41113710048,5.044702934316185e-5
0.06645,98352.16526770449,5.043941390916609e-5
0.06646,98351.91939892336,5.0431802263568375e-5
0.06647,98351.6735307571,5.0424169519143084e-5
0.06648,98351.42766320572,5.0416497299419106e-5
0.06649,98351.18179626919,5.040877373867988e-5
0.0665,98350.93592994753,5.040099348196337e-5
0.06651,98350.69006424074,5.0393157685062114e-5
0.06652,98350.44419914881,5.038527401452316e-5
0.06653,98350.19833467173,5.0377356647648096e-5
0.06654,98349.95247080951,5.0369426272493064e-5
0.06655,98349.70660756216,5.0361510087868734e-5
0.06656,98349.46074492966,5.0353641803340315e-5
0.06657,98349.21488291201,5.0345861639227544e-5
0.06658,98348.96902150921,5.033818947715318e-5
0.06659,98348.72316072127,5.0330562950619776e-5
0.0666,98348.47730054817,5.032294677138018e-5
0.06661,98348.23144098993,5.031531457857999e-5
0.06662,98347.98558204653,5.0307646520626394e-5
0.06663,98347.73972371798,5.0299929255188186e-5
0.06664,98347.49386600427,5.029215594919576e-5
0.06665,98347.2480089054,5.028432627884115e-5
0.06666,98347.00215242137,5.027644642957796e-5
0.06667,98346.75629655218,5.0268529096121415e-5
0.06668,98346.51044129783,5.026059348244832e-5
0.06669,98346.2645866583,5.0252665301797146e-5
0.0667,98346.01873263362,5.024477677666792e-5
0.06671,98345.77287922378,5.0236966638822275e-5
0.06672,98345.52702642875,5.02292682533071e-5
0.06673,98345.28117424856,5.022162897443263e-5
0.06674,98345.0353226832,5.021400696186093e-5
0.06675,98344.78947173267,5.020637437614259e-5
0.06676,98344.54362139695,5.019870988559519e-5
0.06677,98344.29777167607,5.019099866630323e-5
0.06678,98344.05192257,5.0183232402118184e-5
0.06679,98343.80607407875,5.0175409284658506e-5
0.0668,98343.56022620233,5.016753401330959e-5
0.06681,98343.31437894072,5.015961779522379e-5
0.06682,98343.06853229392,5.015167834532044e-5
0.06683,98342.82268626195,5.0143739886285835e-5
0.06684,98342.57684084478,5.013583314857322e-5
0.06685,98342.33099604242,5.012799537040279e-5
0.06686,98342.08515185487,5.0120266993622043e-5
0.06687,98341.83930828213,5.011261320661726e-5
0.06688,98341.5934653242,5.010498396867749e-5
0.06689,98341.34762298108,5.0097349956790446e-5
0.0669,98341.10178125276,5.008968835421501e-5
0.06691,98340.85594013923,5.008198285048118e-5
0.06692,98340.61009964051,5.007422364139013e-5
0.06693,98340.36425975658,5.0066407429014156e-5
0.06694,98340.11842048746,5.0058537421696745e-5
0.06695,98339.87258183313,5.005062333405251e-5
0.06696,98339.62674379359,5.0042681386967194e-5
0.06697,98339.38090636885,5.003473430759774e-5
0.06698,98339.13506955889,5.002681132937221e-5
0.06699,98338.88923336373,5.0018948191989804e-5
0.067,98338.64339778337,5.0011187048756386e-5
0.06701,98338.39756281777,5.00035169000839e-5
0.06702,98338.15172846697,4.999587895063939e-5
0.06703,98337.90589473095,4.998824238887817e-5
0.06704,98337.66006160971,4.9980582908030146e-5
0.06705,98337.41422910325,4.997288270609974e-5
0.06706,98337.16839721157,4.9965130485865934e-5
0.06707,98336.92256593467,4.9957321454882254e-5
0.06708,98336.67673527254,4.994945732547682e-5
0.06709,98336.43090522519,4.994154631475225e-5
0.0671,98336.18507579261,4.993360314458573e-5
0.06711,98335.93924697481,4.992564904162904e-5
0.06712,98335.69341877177,4.9917711737308463e-5
0.06713,98335.4475911835,4.990982546782485e-5
0.06714,98335.20176421,4.990203097415359e-5
0.06715,98334.95593785125,4.989434133480198e-5
0.06716,98334.71011210728,4.98866930918799e-5
0.06717,98334.46428697807,4.987905276439944e-5
0.06718,98334.21846246361,4.98713945505711e-5
0.06719,98333.97263856392,4.9863699151885935e-5
0.0672,98333.72681527898,4.985595377311549e-5
0.06721,98333.4809926088,4.9848152122311846e-5
0.06722,98333.23517055337,4.9840294410807633e-5
0.06723,98332.9893491127,4.983238735321599e-5
0.06724,98332.74352828677,4.982444416743059e-5
0.06725,98332.49770807559,4.9816484574625616e-5
0.06726,98332.25188847916,4.980853479925581e-5
0.06727,98332.0060694975,4.980062756905643e-5
0.06728,98331.76025113056,4.979280211504324e-5
0.06729,98331.51443337837,4.978508781853162e-5
0.0673,98331.26861624092,4.97774276023589e-5
0.06731,98331.02279971821,4.976978219920114e-5
0.06732,98330.77698381024,4.976212430727108e-5
0.06733,98330.531168517,4.975443312656875e-5
0.06734,98330.28535383851,4.974669435888137e-5
0.06735,98330.03953977475,4.9738900207783415e-5
0.06736,98329.79372632572,4.9731049378636585e-5
0.06737,98329.54791349142,4.972314707858985e-5
0.06738,98329.30210127184,4.9715205016579404e-5
0.06739,98329.056289667,4.9707241403328646e-5
0.0674,98328.81047867688,4.969928095134828e-5
0.06741,98328.5646683015,4.9691354874936195e-5
0.06742,98328.31885854084,4.968350089017754e-5
0.06743,98328.0730493949,4.967575768935921e-5
0.06744,98327.82724086367,4.966808372065551e-5
0.06745,98327.58143294716,4.96604318359837e-5
0.06746,98327.33562564537,4.9652773228602245e-5
0.06747,98327.0898189583,4.964508559206086e-5
0.06748,98326.84401288594,4.963735312020046e-5
0.06749,98326.5982074283,4.962956650715318e-5
0.0675,98326.35240258535,4.9621722947342377e-5
0.06751,98326.10659835713,4.9613826135482656e-5
0.06752,98325.86079474361,4.96058862665798e-5
0.06753,98325.6149917448,4.959792003593084e-5
0.06754,98325.3691893607,4.9589950639124036e-5
0.06755,98325.1233875913,4.9582007772038845e-5
0.06756,98324.8775864366,4.9574127630845966e-5
0.06757,98324.63178589659,4.956635231360705e-5
0.06758,98324.3859859713,4.955866271176528e-5
0.06759,98324.14018666069,4.955100284215183e-5
0.0676,98323.89438796478,4.95433423881027e-5
0.06761,98323.64858988357,4.9535657531748544e-5
0.06762,98323.40279241705,4.952793095401461e-5
0.06763,98323.15699556521,4.952015183462074e-5
0.06764,98322.91119932807,4.951231585208138e-5
0.06765,98322.66540370563,4.950442518370561e-5
0.06766,98322.41960869786,4.949648850559711e-5
0.06767,98322.17381430477,4.9488520992654134e-5
0.06768,98321.92802052638,4.9480544318569575e-5
0.06769,98321.68222736266,4.947258665583094e-5
0.0677,98321.43643481363,4.946468267572032e-5
0.06771,98321.19064287927,4.945687354831442e-5
0.06772,98320.94485155959,4.944916586976967e-5
0.06773,98320.69906085459,4.944149641233188e-5
0.06774,98320.45327076425,4.943383288466297e-5
0.06775,98320.2074812886,4.942614995250485e-5
0.06776,98319.96169242762,4.9418428778897106e-5
0.06777,98319.7159041813,4.941065702417697e-5
0.06778,98319.47011654965,4.940282884597935e-5
0.06779,98319.22432953268,4.9394944899236846e-5
0.0678,98318.97854313036,4.93870123361797e-5
0.06781,98318.7327573427,4.937904480633583e-5
0.06782,98318.48697216972,4.9371062456530825e-5
0.06783,98318.24118761139,4.9363091930887966e-5
0.06784,98317.99540366771,4.935516637082817e-5
0.06785,98317.7496203387,4.934732541507005e-5
0.06786,98317.50383762435,4.9339594517812824e-5
0.06787,98317.25805552464,4.933191376834755e-5
0.06788,98317.01227403959,4.932424584253223e-5
0.06789,98316.76649316918,4.9316563884747875e-5
0.0679,98316.52071291344,4.930884753517651e-5
0.06791,98316.27493327233,4.9301082929801096e-5
0.06792,98316.02915424587,4.929326270040559e-5
0.06793,98315.78337583407,4.9285385974574906e-5
0.06794,98315.5375980369,4.927745837569499e-5
0.06795,98315.29182085437,4.9269492022952693e-5
0.06796,98315.04604428649,4.926150553133589e-5
0.06797,98314.80026833325,4.9253524011633426e-5
0.06798,98314.55449299463,4.924557907043512e-5
0.06799,98314.30871827067,4.923770881013175e-5
0.068,98314.06294416133,4.922995000943717e-5
0.06801,98313.81717066663,4.9222256160515546e-5
0.06802,98313.57139778655,4.921458241252382e-5
0.06803,98313.3256255211,4.9206900383526454e-5
0.06804,98313.0798538703,4.919918818589004e-5
0.06805,98312.8340828341,4.919143042628341e-5
0.06806,98312.58831241254,4.918361820567751e-5
0.06807,98312.34254260559,4.9175749119345456e-5
0.06808,98312.09677341327,4.916782725686257e-5
0.06809,98311.85100483558,4.915986320210632e-5
0.0681,98311.60523687249,4.915187403325633e-5
0.06811,98311.35946952403,4.914388332279442e-5
0.06812,98311.11370279019,4.913592113750457e-5
0.06813,98310.86793667095,4.912802403847294e-5
0.06814,98310.62217116634,4.912023372941241e-5
0.06815,98310.37640627632,4.911252486861075e-5
0.06816,98310.13064200092,4.910484377317881e-5
0.06817,98309.88487834013,4.9097160529900294e-5
0.06818,98309.63911529395,4.908945171836152e-5
0.06819,98309.39335286237,4.9081700410951493e-5
0.0682,98309.14759104539,4.9073896172861807e-5
0.06821,98308.90182984302,4.9066035062086705e-5
0.06822,98308.65606925524,4.90581196294231e-5
0.06823,98308.41030928207,4.9050158918470505e-5
0.06824,98308.1645499235,4.904216846563109e-5
0.06825,98307.91879117952,4.9034170300109645e-5
0.06826,98307.67303305013,4.902619294391364e-5
0.06827,98307.42727553533,4.9018271411853133e-5
0.06828,98307.18151863513,4.901044721154086e-5
0.06829,98306.93576234953,4.9002721200997166e-5
0.0683,98306.6900066785,4.8995031129658e-5
0.06831,98306.44425162206,4.898734542963728e-5
0.06832,98306.19849718022,4.8979639142770406e-5
0.06833,98305.95274335294,4.897189380219661e-5
0.06834,98305.70699014026,4.896409743235883e-5
0.06835,98305.46123754214,4.895624454900379e-5
0.06836,98305.21548555861,4.8948336159181945e-5
0.06837,98304.96973418967,4.894037976124755e-5
0.06838,98304.7239834353,4.893238934485859e-5
0.06839,98304.4782332955,4.8924385390976796e-5
0.0684,98304.23248377026,4.891639487186771e-5
0.06841,98303.9867348596,4.89084512511006e-5
0.06842,98303.74098656351,4.890059448354848e-5
0.06843,98303.495238882,4.8892846498159944e-5
0.06844,98303.24949181505,4.8885145717354894e-5
0.06845,98303.00374536266,4.8877456216801526e-5
0.06846,98302.75799952484,4.886975149562278e-5
0.06847,98302.51225430158,4.8862011542745533e-5
0.06848,98302.26650969287,4.8854222836900696e-5
0.06849,98302.02076569873,4.884637834662309e-5
0.0685,98301.77502231915,4.883847753025152e-5
0.06851,98301.52927955412,4.883052633592881e-5
0.06852,98301.28353740365,4.8822537201601705e-5
0.06853,98301.03779586773,4.881452905502094e-5
0.06854,98300.79205494636,4.88065273137412e-5
0.06855,98300.54631463953,4.87985638851212e-5
0.06856,98300.30057494726,4.879067716632357e-5
0.06857,98300.05483586954,4.878290213092317e-5
0.06858,98299.80909740637,4.877518880008892e-5
0.06859,98299.56335955772,4.876749405205064e-5
0.0686,98299.31762232362,4.875978983824388e-5
0.06861,98299.07188570408,4.8752054598409734e-5
0.06862,98298.82614969906,4.874427326059495e-5
0.06863,98298.58041430858,4.873643724115183e-5
0.06864,98298.33467953264,4.872854444473827e-5
0.06865,98298.08894537123,4.8720599264317796e-5
0.06866,98297.84321182435,4.8712612581159495e-5
0.06867,98297.59747889201,4.8704601764838073e-5
0.06868,98297.3517465742,4.86965906732338e-5
0.06869,98297.10601487091,4.8688609652532585e-5
0.0687,98296.86028378215,4.8680695537225906e-5
0.06871,98296.61455330793,4.867288950299192e-5
0.06872,98296.36882344821,4.866516167258255e-5
0.06873,98296.12309420302,4.865746012493885e-5
0.06874,98295.87736557236,4.8649755258840224e-5
0.06875,98295.63163755622,4.864202395987375e-5
0.06876,98295.38591015458,4.8634249600434236e-5
0.06877,98295.14018336746,4.862642203972413e-5
0.06878,98294.89445719487,4.8618537623753575e-5
0.06879,98294.64873163677,4.861059918534039e-5
0.0688,98294.4030066932,4.860261604411012e-5
0.06881,98294.15728236413,4.859460400649593e-5
0.06882,98293.91155864958,4.85865853657387e-5
0.06883,98293.66583554953,4.8578588901887014e-5
0.06884,98293.42011306398,4.8570649881797097e-5
0.06885,98293.17439119294,4.856281005913289e-5
0.06886,98292.9286699364,4.855506566078335e-5
0.06887,98292.68294929435,4.8547355654308475e-5
0.06888,98292.43722926681,4.8539648872977265e-5
0.06889,98292.19150985377,4.8531920643261476e-5
0.0689,98291.94579105522,4.8524152776942076e-5
0.06891,98291.70007287117,4.8516333571109165e-5
0.06892,98291.45435530161,4.8508457808162016e-5
0.06893,98291.20863834654,4.850052675580907e-5
0.06894,98290.96292200596,4.8492548167067953e-5
0.06895,98290.71720627986,4.848453628026543e-5
0.06896,98290.47149116827,4.847651181903745e-5
0.06897,98290.22577667114,4.8468501992329104e-5
0.06898,98289.98006278851,4.8460540494394704e-5
0.06899,98289.73434952035,4.845266750479767e-5
0.069,98289.48863686669,4.844490212274088e-5
0.06901,98289.2429248275,4.8437181889186605e-5
0.06902,98288.99721340278,4.842947182450566e-5
0.06903,98288.75150259254,4.842174569109305e-5
0.06904,98288.50579239677,4.8413983735154e-5
0.06905,98288.26008281548,4.840617268670399e-5
0.06906,98288.01437384865,4.83983057595687e-5
0.06907,98287.7686654963,4.839038265138401e-5
0.06908,98287.52295775843,4.838240954359609e-5
0.06909,98287.277250635,4.837439910146128e-5
0.0691,98287.03154412606,4.8366370474046146e-5
0.06911,98286.78583823156,4.835834929422749e-5
0.06912,98286.54013295154,4.835036767869235e-5
0.06913,98286.29442828597,4.8342464227937984e-5
0.06914,98286.04872423486,4.8334672449105176e-5
0.06915,98285.80302079821,4.8326940109209295e-5
0.06916,98285.55731797602,4.8319225285922515e-5
0.06917,98285.31161576828,4.831150017259886e-5
0.06918,98285.065914175,4.830374344490384e-5
0.06919,98284.82021319616,4.829594026081452e-5
0.0692,98284.57451283178,4.828808226061939e-5
0.06921,98284.32881308184,4.8280167566918456e-5
0.06922,98284.08311394636,4.8272200784623236e-5
0.06923,98283.83741542531,4.826419300095673e-5
0.06924,98283.5917175187,4.825616178545344e-5
0.06925,98283.34602022656,4.824813118995933e-5
0.06926,98283.10032354883,4.82401317486319e-5
0.06927,98282.85462748556,4.8232200477940125e-5
0.06928,98282.60893203672,4.8224378064572986e-5
0.06929,98282.36323720231,4.821663162605119e-5
0.0693,98282.11754298233,4.820891045974478e-5
0.06931,98281.87184937681,4.820118518501037e-5
0.06932,98281.6261563857,4.819343290201656e-5
0.06933,98281.38046400902,4.818563719174389e-5
0.06934,98281.13477224678,4.817778811598481e-5
0.06935,98280.88908109895,4.816988221734372e-5
0.06936,98280.64339056556,4.816192251923693e-5
0.06937,98280.39770064659,4.8153918525892713e-5
0.06938,98280.15201134204,4.814588622235127e-5
0.06939,98279.9063226519,4.8137848074464716e-5
0.0694,98279.6606345762,4.8129833028897096e-5
0.06941,98279.4149471149,4.812187651312444e-5
0.06942,98279.16926026803,4.811402042852819e-5
0.06943,98278.92357403557,4.810625778408401e-5
0.06944,98278.67788841751,4.809852857920192e-5
0.06945,98278.43220341387,4.809080185429363e-5
0.06946,98278.18651902465,4.8083053129081375e-5
0.06947,98277.94083524983,4.807526440259784e-5
0.06948,98277.69515208942,4.806742415318627e-5
0.06949,98277.44946954341,4.805952733850038e-5
0.0695,98277.20378761181,4.805157539550437e-5
0.06951,98276.95810629461,4.8043576240472975e-5
0.06952,98276.7124255918,4.803554426899139e-5
0.06953,98276.4667455034,4.802750035595534e-5
0.06954,98276.2210660294,4.801947185557101e-5
0.06955,98275.97538716979,4.8011492601355145e-5
0.06956,98275.72970892458,4.8003602906134937e-5
0.06957,98275.48403129376,4.799581996119055e-5
0.06958,98275.23835427733,4.798808090906513e-5
0.06959,98274.99267787529,4.798035133600753e-5
0.0696,98274.74700208764,4.7972605176343765e-5
0.06961,98274.50132691437,4.796482284220741e-5
0.06962,98274.2556523555,4.795699122353967e-5
0.06963,98274.009978411,4.794910368808926e-5
0.06964,98273.76430508088,4.794116008141253e-5
0.06965,98273.51863236516,4.793316672687336e-5
0.06966,98273.2729602638,4.792513642564326e-5
0.06967,98273.02728877682,4.791708845670128e-5
0.06968,98272.78161790423,4.790904857683406e-5
0.06969,98272.535947646,4.790104902063583e-5
0.0697,98272.29027800215,4.789312850050838e-5
0.06971,98272.04460897268,4.788531956939195e-5
0.06972,98271.79894055756,4.7877568746221054e-5
0.06973,98271.55327275684,4.786983481584548e-5
0.06974,98271.30760557046,4.786209012223371e-5
0.06975,98271.06193899845,4.7854313485659435e-5
0.06976,98270.8162730408,4.784649020270164e-5
0.06977,98270.57060769752,4.7838612046244515e-5
0.06978,98270.3249429686,4.7830677265477486e-5
0.06979,98270.07927885403,4.782269058589521e-5
0.0698,98269.83361535383,4.7814663209297633e-5
0.06981,98269.58795246798,4.7806612813789896e-5
0.06982,98269.34229019648,4.779856355378239e-5
0.06983,98269.09662853934,4.7790546059990724e-5
0.06984,98268.85096749655,4.77825974394358e-5
0.06985,98268.60530706811,4.777475805599852e-5
0.06986,98268.35964725402,4.776699342074094e-5
0.06987,98268.11398805428,4.775925351059465e-5
0.06988,98267.86832946887,4.7751509074204365e-5
0.06989,98267.62267149781,4.774373733501914e-5
0.0699,98267.37701414111,4.7735921991292323e-5
0.06991,98267.13135739873,4.7728053216081635e-5
0.06992,98266.8857012707,4.7720127657249074e-5
0.06993,98266.640045757,4.7712148437460945e-5
0.06994,98266.39439085763,4.7704125154187926e-5
0.06995,98266.14873657262,4.769607387970496e-5
0.06996,98265.90308290192,4.768801716109133e-5
0.06997,98265.65742984557,4.7679984020230623e-5
0.06998,98265.41177740353,4.767200995381078e-5
0.06999,98265.16612557584,4.76641369048725e-5
0.07,98264.92047436246,4.765635629716643e-5
0.07001,98264.6748237634,4.764860866941633e-5
0.07002,98264.42917377868,4.7640863169983993e-5
0.07003,98264.18352440828,4.7633095420535036e-5
0.07004,98263.93787565219,4.762528751603886e-5
0.07005,98263.69222751043,4.7617428024768706e-5
0.07006,98263.44657998298,4.760951198830158e-5
0.07007,98263.20093306985,4.76015409215183e-5
0.07008,98262.95528677104,4.759352281260348e-5
0.07009,98262.70964108653,4.7585472123045566e-5
0.0701,98262.46399601635,4.757740978763677e-5
0.07011,98262.21835156047,4.756936321447312e-5
0.07012,98261.97270771889,4.756136628495445e-5
0.07013,98261.72706449163,4.75534593537844e-5
0.07014,98261.48142187868,4.754565877518316e-5
0.07015,98261.23577988002,4.753790157455472e-5
0.07016,98260.99013849566,4.75301535783295e-5
0.07017,98260.74449772561,4.7522388801437955e-5
0.07018,98260.49885756987,4.7514587730613214e-5
0.07019,98260.2532180284,4.75067373243911e-5
0.0702,98260.00757910125,4.7498831013110076e-5
0.07021,98259.76194078838,4.749086869891127e-5
0.07022,98259.51630308981,4.7482856755738474e-5
0.07023,98259.27066600553,4.7474808029338175e-5
0.07024,98259.02502953554,4.74667418372595e-5
0.07025,98258.77939367984,4.745868396885422e-5
0.07026,98258.53375843843,4.745066668527683e-5
0.07027,98258.28812381129,4.744272871948444e-5
0.07028,98258.04248979845,4.743490229048272e-5
0.07029,98257.79685639989,4.742713354220877e-5
0.0703,98257.5512236156,4.741938149992452e-5
0.07031,98257.3055914456,4.7411618566872085e-5
0.07032,98257.05995988988,4.740382361659494e-5
0.07033,98256.81432894843,4.7395981992937855e-5
0.07034,98256.56869862125,4.7388085510046954e-5
0.07035,98256.32306890836,4.738013245236964e-5
0.07036,98256.07743980973,4.737212757465466e-5
0.07037,98255.83181132536,4.736408210195208e-5
0.07038,98255.58618345528,4.7356013729613284e-5
0.07039,98255.34055619946,4.734794662329097e-5
0.0704,98255.09492955789,4.733991141893915e-5
0.07041,98254.8493035306,4.7331945222813185e-5
0.07042,98254.60367811756,4.732408831545273e-5
0.07043,98254.35805331879,4.731630592314158e-5
0.07044,98254.11242913429,4.7308548167913264e-5
0.07045,98253.86680556403,4.7300785836365054e-5
0.07046,98253.62118260803,4.7292996183894687e-5
0.07047,98253.37556026629,4.728516293470039e-5
0.07048,98253.1299385388,4.727727628178089e-5
0.07049,98252.88431742556,4.726933288693534e-5
0.0705,98252.63869692657,4.726133588076339e-5
0.07051,98252.39307704184,4.725329486266515e-5
0.07052,98252.14745777134,4.724522590084124e-5
0.07053,98251.90183911509,4.723715153229271e-5
0.07054,98251.65622107309,4.72291007628211e-5
0.07055,98251.41060364533,4.722110906702844e-5
0.07056,98251.1649868318,4.721321836067494e-5
0.07057,98250.91937063253,4.7205420104160145e-5
0.07058,98250.67375504748,4.719765484930096e-5
0.07059,98250.42814007668,4.7189891761110856e-5
0.0706,98250.18252572011,4.718210647190102e-5
0.07061,98249.93691197777,4.717428108128045e-5
0.07062,98249.69129884966,4.716640415615591e-5
0.07063,98249.44568633579,4.715847073073192e-5
0.07064,98249.20007443614,4.715048230651078e-5
0.07065,98248.95446315072,4.714244685229254e-5
0.07066,98248.70885247953,4.713437880417505e-5
0.07067,98248.46324242256,4.712629906555393e-5
0.07068,98248.21763297981,4.711823500712253e-5
0.07069,98247.97202415127,4.7110220466872034e-5
0.0707,98247.72641593697,4.710229575009133e-5
0.07071,98247.48080833687,4.709447750920772e-5
0.07072,98247.235201351,4.708670284620185e-5
0.07073,98246.98959497934,4.7078937525394075e-5
0.07074,98246.7439892219,4.7071155551070096e-5
0.07075,98246.49838407866,4.7063337393308794e-5
0.07076,98246.25277954963,4.70554699879822e-5
0.07077,98246.00717563482,4.704754673675556e-5
0.07078,98245.7615723342,4.703956750708724e-5
0.07079,98245.51596964781,4.703153863222877e-5
0.0708,98245.2703675756,4.702347291122489e-5
0.07081,98245.02476611761,4.701538960891349e-5
0.07082,98244.77916527381,4.70073144559256e-5
0.07083,98244.53356504421,4.699927964868544e-5
0.07084,98244.28796542883,4.6991323849410414e-5
0.07085,98244.04236642763,4.698347959902331e-5
0.07086,98243.79676804061,4.6975693495364646e-5
0.07087,98243.5511702678,4.696792434603877e-5
0.07088,98243.30557310919,4.6960144522354e-5
0.07089,98243.05997656475,4.695233285990779e-5
0.0709,98242.8143806345,4.694447465858669e-5
0.07091,98242.56878531845,4.693656168256643e-5
0.07092,98242.32319061657,4.69285921603118e-5
0.07093,98242.07759652889,4.692057078457673e-5
0.07094,98241.83200305539,4.69125087124043e-5
0.07095,98241.58641019606,4.690442356512667e-5
0.07096,98241.34081795093,4.689633942836513e-5
0.07097,98241.09522631996,4.68882868520301e-5
0.07098,98240.84963530317,4.6880302850321134e-5
0.07099,98240.60404490055,4.687242787360592e-5
0.071,98240.35845511212,4.686462817058706e-5
0.07101,98240.11286593784,4.685685347468056e-5
0.07102,98239.86727737775,4.6849074519271665e-5
0.07103,98239.62168943182,4.684126850053042e-5
0.07104,98239.37610210005,4.683341907741169e-5
0.07105,98239.13051538245,4.682551637165521e-5
0.07106,98238.88492927903,4.681755696778547e-5
0.07107,98238.63934378975,4.6809543913111835e-5
0.07108,98238.39375891464,4.680148671772843e-5
0.07109,98238.14817465369,4.679340135451429e-5
0.0711,98237.9025910069,4.6785310259133204e-5
0.07111,98237.65700797427,4.677724233003379e-5
0.07112,98237.41142555578,4.676923292844952e-5
0.07113,98237.16584375146,4.676132387265351e-5
0.07114,98236.92026256128,4.675350828320699e-5
0.07115,98236.67468198526,4.6745726198362844e-5
0.07116,98236.42910202338,4.673794670863537e-5
0.07117,98236.18352267565,4.673014536581957e-5
0.07118,98235.93794394206,4.672230418299115e-5
0.07119,98235.69236582263,4.671441163450655e-5
0.0712,98235.44678831733,4.6706462656002955e-5
0.07121,98235.20121142617,4.669845864439825e-5
0.07122,98234.95563514915,4.669040745789104e-5
0.07123,98234.71005948627,4.668232341596067e-5
0.07124,98234.46448443753,4.66742272993672e-5
0.07125,98234.21891000292,4.6666146350151416e-5
0.07126,98233.97333618245,4.66581142716348e-5
0.07127,98233.72776297611,4.66501712284196e-5
0.07128,98233.4821903839,4.6642335282784316e-5
0.07129,98233.23661840582,4.663454384014311e-5
0.0713,98232.99104704185,4.662676229109142e-5
0.07131,98232.74547629202,4.6618964538098e-5
0.07132,98232.49990615631,4.661113094340923e-5
0.07133,98232.25433663474,4.660324832904906e-5
0.07134,98232.00876772727,4.659530997681902e-5
0.07135,98231.76319943393,4.6587315628298216e-5
0.07136,98231.5176317547,4.657927148484334e-5
0.07137,98231.27206468959,4.657119020758869e-5
0.07138,98231.0264982386,4.6563090917446106e-5
0.07139,98230.78093240173,4.6554999195105015e-5
0.0714,98230.53536717895,4.654694708103243e-5
0.07141,98230.28980257029,4.6538973075472976e-5
0.07142,98230.04423857575,4.653111065866002e-5
0.07143,98229.79867519531,4.652330776060309e-5
0.07144,98229.55311242897,4.651552250253303e-5
0.07145,98229.30755027675,4.6507727132656285e-5
0.07146,98229.06198873861,4.6499900357452476e-5
0.07147,98228.81642781459,4.649202734167446e-5
0.07148,98228.57086750465,4.6484099708348305e-5
0.07149,98228.32530780882,4.6476115538773326e-5
0.0715,98228.07974872709,4.646807937252201e-5
0.07151,98227.83419025945,4.646000220744011e-5
0.07152,98227.5886324059,4.645190149964657e-5
0.07153,98227.34307516644,4.6443801163533575e-5
0.07154,98227.09751854108,4.6435731571766496e-5
0.07155,98226.8519625298,4.6427729555283984e-5
0.07156,98226.60640713261,4.641983594101738e-5
0.07157,98226.36085234952,4.641201935901357e-5
0.07158,98226.11529818049,4.6404228615390966e-5
0.07159,98225.86974462557,4.639643429916736e-5
0.0716,98225.6241916847,4.638861345612695e-5
0.07161,98225.37863935794,4.6380749588820336e-5
0.07162,98225.13308764524,4.6372832656564536e-5
0.07163,98224.88753654662,4.636485907544303e-5
0.07164,98224.64198606208,4.635683171830568e-5
0.07165,98224.3964361916,4.634875991476875e-5
0.07166,98224.1508869352,4.634065945121499e-5
0.07167,98223.90533829287,4.6332552570793493e-5
0.07168,98223.65979026462,4.632446797341982e-5
0.07169,98223.41424285043,4.6316440815775926e-5
0.0717,98223.1686960503,4.630851271131021e-5
0.07171,98222.92314986423,4.630068007341134e-5
0.07172,98222.67760429223,4.629288193869921e-5
0.07173,98222.43205933429,4.628508722179268e-5
0.07174,98222.18651499042,4.627727130284165e-5
0.07175,98221.9409712606,4.626941601725537e-5
0.07176,98221.69542814483,4.626150965570245e-5
0.07177,98221.44988564312,4.62535469641109e-5
0.07178,98221.20434375547,4.624552914366803e-5
0.07179,98220.95880248187,4.623746385082055e-5
0.0718,98220.71326182231,4.6229365197274535e-5
0.07181,98220.4677217768,4.6221253749995385e-5
0.07182,98220.22218234534,4.6213156531207876e-5
0.07183,98219.97664352793,4.6205107018396155e-5
0.07184,98219.73110532456,4.619714514430372e-5
0.07185,98219.48556773525,4.618929138213067e-5
0.07186,98219.24003075996,4.61814838195131e-5
0.07187,98218.99449439872,4.617368712046936e-5
0.07188,98218.74895865151,4.616587499456282e-5
0.07189,98218.50342351834,4.615802760511122e-5
0.0719,98218.25788899921,4.6150131569186674e-5
0.07191,98218.0123550941,4.614217995761571e-5
0.07192,98217.76682180304,4.613417229497921e-5
0.07193,98217.521289126,4.612611455961244e-5
0.07194,98217.27575706299,4.611801918360504e-5
0.07195,98217.03022561401,4.610990505280105e-5
0.07196,98216.78469477905,4.6101797506798886e-5
0.07197,98216.53916455813,4.6093728338951325e-5
0.07198,98216.29363495122,4.608573579636556e-5
0.07199,98216.04810595833,4.6077854804900386e-5
0.072,98215.80257757947,4.60700356439235e-5
0.07201,98215.55704981461,4.6062235251810966e-5
0.07202,98215.31152266379,4.605442566259047e-5
0.07203,98215.06599612697,4.604658536254072e-5
0.07204,98214.82047020415,4.603869929019147e-5
0.07205,98214.57494489537,4.603075883632355e-5
0.07206,98214.32942020059,4.602276184396881e-5
0.07207,98214.08389611982,4.601471260841017e-5
0.07208,98213.83837265306,4.6006621877181565e-5
0.07209,98213.59284980029,4.599850685006802e-5
0.0721,98213.34732756154,4.59903911791056e-5
0.07211,98213.10180593679,4.598230496858138e-5
0.07212,98212.85628492603,4.597428477503353e-5
0.07213,98212.6107645293,4.5966371904536355e-5
0.07214,98212.36524474654,4.595853883883943e-5
0.07215,98212.11972557778,4.5950732910946185e-5
0.07216,98211.87420702302,4.5942924474416976e-5
0.07217,98211.62868908225,4.593509033355888e-5
0.07218,98211.38317175549,4.592721374342575e-5
0.07219,98211.1376550427,4.5919284409818184e-5
0.0722,98210.8921389439,4.591129848928358e-5
0.07221,98210.64662345909,4.5903258589116046e-5
0.07222,98210.40110858828,4.589517376735647e-5
0.07223,98210.15559433143,4.588705953279251e-5
0.07224,98209.91008068858,4.587893784495857e-5
0.07225,98209.66456765971,4.587083711413582e-5
0.07226,98209.41905524481,4.586279220135217e-5
0.07227,98209.1735434439,4.5854844418382316e-5
0.07228,98208.92803225697,4.584699487220083e-5
0.07229,98208.68252168401,4.5839181431826234e-5
0.0723,98208.43701172502,4.583137263417676e-5
0.07231,98208.19150238,4.582354359665488e-5
0.07232,98207.94599364896,4.581567588590489e-5
0.07233,98207.70048553188,4.580775751781298e-5
0.07234,98207.45497802876,4.579978295750723e-5
0.07235,98207.20947113962,4.579175311935756e-5
0.07236,98206.96396486444,4.578367536697577e-5
0.07237,98206.71845920323,4.57755635132155e-5
0.07238,98206.47295415596,4.5767437820172326e-5
0.07239,98206.22744972268,4.5759324999183625e-5
0.0724,98205.98194590333,4.5751258210828664e-5
0.07241,98205.73644269795,4.5743277064928616e-5
0.07242,98205.49094010654,4.573540525395275e-5
0.07243,98205.24543812906,4.5727582188081447e-5
0.07244,98204.99993676554,4.571977138338677e-5
0.07245,98204.75443601597,4.57119462654304e-5
0.07246,98204.50893588035,4.5704086707511154e-5
0.07247,98204.26343635868,4.5696179030665046e-5
0.07248,98204.01793745096,4.568821600366532e-5
0.07249,98203.77243915717,4.568019684302239e-5
0.0725,98203.52694147734,4.567212721298387e-5
0.07251,98203.28144441143,4.566401922553456e-5
0.07252,98203.03594795948,4.5655891440396485e-5
0.07253,98202.79045212147,4.564776886502883e-5
0.07254,98202.54495689737,4.5639682954628006e-5
0.07255,98202.29946228724,4.5631671612127576e-5
0.07256,98202.05396829102,4.56237715377202e-5
0.07257,98201.80847490874,4.561593659466848e-5
0.07258,98201.56298214039,4.560812200252914e-5
0.07259,98201.31748998597,4.56002994900937e-5
0.0726,98201.07199844548,4.5592447232385525e-5
0.07261,98200.82650751891,4.5584549850659886e-5
0.07262,98200.58101720626,4.557659841240394e-5
0.07263,98200.33552750754,4.556859043133675e-5
0.07264,98200.09003842274,4.556052986740925e-5
0.07265,98199.84454995187,4.555242712680427e-5
0.07266,98199.5990620949,4.554429906193654e-5
0.07267,98199.35357485186,4.553616897145265e-5
0.07268,98199.10808822274,4.5528066600231123e-5
0.07269,98198.86260220752,4.552002813938232e-5
0.0727,98198.61711680621,4.551209532167781e-5
0.07271,98198.37163201883,4.550424610877695e-5
0.07272,98198.12614784534,4.549642581202516e-5
0.07273,98197.88066428577,4.548860445851344e-5
0.07274,98197.6351813401,4.54807585200591e-5
0.07275,98197.38969900833,4.547287091320577e-5
0.07276,98197.14421729048,4.546493099922341e-5
0.07277,98196.89873618651,4.545693458410833e-5
0.07278,98196.65325569645,4.544888391858313e-5
0.07279,98196.40777582029,4.544078769809676e-5
0.0728,98196.16229655803,4.543266106282446e-5
0.07281,98195.91681790966,4.542452559766786e-5
0.07282,98195.67133987519,4.541640933225485e-5
0.07283,98195.4258624546,4.5408346740939675e-5
0.07284,98195.18038564791,4.540037874280293e-5
0.07285,98194.93490945511,4.5392512230539704e-5
0.07286,98194.68943387619,4.538468417283992e-5
0.07287,98194.44395891117,4.537686239672042e-5
0.07288,98194.19848456002,4.536902166586734e-5
0.07289,98193.95301082276,4.5361143187186766e-5
0.0729,98193.70753769937,4.535321461080472e-5
0.07291,98193.46206518989,4.534523003006726e-5
0.07292,98193.21659329426,4.533718998154035e-5
0.07293,98192.97112201252,4.532910144500996e-5
0.07294,98192.72565134465,4.532097784348199e-5
0.07295,98192.48018129065,4.531283904318235e-5
0.07296,98192.23471185053,4.530471135355688e-5
0.07297,98191.98924302428,4.529662752727142e-5
0.07298,98191.7437748119,4.5288626760211735e-5
0.07299,98191.49830721338,4.5280736505070575e-5
0.073,98191.25284022873,4.527289848857997e-5
0.07301,98191.00737385794,4.5265074571033994e-5
0.07302,98190.76190810102,4.5257237803071347e-5
0.07303,98190.51644295796,4.5249367677042316e-5
0.07304,98190.27097842876,4.524145012700891e-5
0.07305,98190.02551451341,4.5233477528744756e-5
0.07306,98189.78005121193,4.522544869973521e-5
0.07307,98189.5345885243,4.521736889917724e-5
0.07308,98189.28912645053,4.52092498279795e-5
0.07309,98189.0436649906,4.5201109628762316e-5
0.0731,98188.79820414454,4.519297288585768e-5
0.07311,98188.55274391231,4.518487062530924e-5
0.07312,98188.30728429393,4.517684031487231e-5
0.07313,98188.0618252894,4.5168920522435714e-5
0.07314,98187.81636689873,4.516107020544479e-5
0.07315,98187.57090912189,4.515324228806902e-5
0.07316,98187.32545195888,4.5145408102971226e-5
0.07317,98187.07999540973,4.513754542301785e-5
0.07318,98186.83453947441,4.5129638461279025e-5
0.07319,98186.58908415292,4.5121677871028546e-5
0.0732,98186.34362944527,4.511366074574391e-5
0.07321,98186.09817535146,4.5105590619106264e-5
0.07322,98185.85272187147,4.509747746500042e-5
0.07323,98185.60726900533,4.5089337697514864e-5
0.07324,98185.36181675301,4.508119417094179e-5
0.07325,98185.11636511452,4.5073076179777025e-5
0.07326,98184.87091408984,4.506501945872008e-5
0.07327,98184.62546367901,4.5057065919346146e-5
0.07328,98184.380013882,4.5049200813806056e-5
0.07329,98184.13456469879,4.504136689615239e-5
0.0733,98183.88911612942,4.503353377613891e-5
0.07331,98183.64366817386,4.5025677502216306e-5
0.07332,98183.39822083211,4.501778056153212e-5
0.07333,98183.15277410418,4.500983187993076e-5
0.07334,98182.90732799008,4.500182682195357e-5
0.07335,98182.66188248977,4.499376719083874e-5
0.07336,98182.41643760329,4.498566122852133e-5
0.07337,98182.1709933306,4.49775236156333e-5
0.07338,98181.92554967174,4.496937547150352e-5
0.07339,98181.68010662666,4.496124435415771e-5
0.0734,98181.4346641954,4.495316426031845e-5
0.07341,98181.18922237794,4.4945175625405275e-5
0.07342,98180.94378117428,4.49372918497754e-5
0.07343,98180.69834058444,4.492944978689821e-5
0.07344,98180.45290060838,4.49216160739761e-5
0.07345,98180.20746124611,4.491376503011774e-5
0.07346,98179.96202249765,4.4905877411622224e-5
0.07347,98179.71658436298,4.48979404119791e-5
0.07348,98179.4711468421,4.4889947661868374e-5
0.07349,98179.22570993501,4.488189922916052e-5
0.0735,98178.98027364172,4.4873801618916465e-5
0.07351,98178.73483796221,4.486566777338756e-5
0.07352,98178.48940289648,4.485751707201567e-5
0.07353,98178.24396844454,4.484937533143306e-5
0.07354,98177.99853460639,4.484127480546247e-5
0.07355,98177.75310138201,4.483325418511709e-5
0.07356,98177.50766877142,4.4825344896026105e-5
0.07357,98177.26223677461,4.48174923960551e-5
0.07358,98177.01680539157,4.4809656289602576e-5
0.07359,98176.7713746223,4.480180916151443e-5
0.0736,98176.52594446682,4.479393003232027e-5
0.07361,98176.2805149251,4.478600435823342e-5
0.07362,98176.03508599715,4.477802403115095e-5
0.07363,98175.78965768298,4.476998737865367e-5
0.07364,98175.54422998258,4.476189916400612e-5
0.07365,98175.29880289594,4.475377058615655e-5
0.07366,98175.05337642306,4.4745619279736947e-5
0.07367,98174.80795056395,4.473746931506307e-5
0.07368,98174.5625253186,4.472935119813437e-5
0.07369,98174.31710068701,4.472130187063402e-5
0.0737,98174.07167666918,4.4713361582993544e-5
0.07371,98173.8262532651,4.4705496204684824e-5
0.07372,98173.58083047479,4.469765575900949e-5
0.07373,98173.33540829823,4.468981109163697e-5
0.07374,98173.08998673542,4.4681939482412656e-5
0.07375,98172.84456578635,4.467402464535786e-5
0.07376,98172.59914545104,4.466605672866979e-5
0.07377,98172.35372572947,4.465803231472166e-5
0.07378,98172.10830662165,4.464995442006253e-5
0.07379,98171.86288812758,4.4641832495417466e-5
0.0738,98171.61747024725,4.4633682425687395e-5
0.07381,98171.37205298067,4.462552652994924e-5
0.07382,98171.12663632783,4.461739356145582e-5
0.07383,98170.88122028872,4.460931870763587e-5
0.07384,98170.63580486334,4.4601343590094116e-5
0.07385,98170.3903900517,4.459346274039499e-5
0.07386,98170.14497585381,4.4585615862346696e-5
0.07387,98169.89956226964,4.4577772057513844e-5
0.07388,98169.6541492992,4.456990686013363e-5
0.07389,98169.4087369425,4.456200223711211e-5
0.0739,98169.16332519951,4.45540465880242e-5
0.07391,98168.91791407026,4.454603474511367e-5
0.07392,98168.67250355473,4.4537967973293206e-5
0.07393,98168.42709365294,4.452985397014431e-5
0.07394,98168.18168436484,4.452170686591735e-5
0.07395,98167.93627569049,4.451354722353161e-5
0.07396,98167.69086762983,4.45054020385752e-5
0.07397,98167.44546018292,4.4497304739305104e-5
0.07398,98167.2000533497,4.448929518664715e-5
0.07399,98166.9546471302,4.448139357781387e-5
0.074,98166.70924152443,4.447353802422385e-5
0.07401,98166.46383653235,4.446569333811143e-5
0.07402,98166.21843215398,4.445783330317568e-5
0.07403,98165.97302838933,4.444993813427943e-5
0.07404,98165.72762523837,4.444199447744928e-5
0.07405,98165.48222270113,4.4433995409875606e-5
0.07406,98165.2368207776,4.4425940439912565e-5
0.07407,98164.99141946775,4.4417835507078065e-5
0.07408,98164.74601877162,4.44096929820538e-5
0.07409,98164.50061868918,4.44015316666852e-5
0.0741,98164.25521922045,4.439337679398152e-5
0.07411,98164.00982036539,4.4385260028115755e-5
0.07412,98163.76442212405,4.4377219464424646e-5
0.07413,98163.51902449639,4.4369290341334045e-5
0.07414,98163.27362748241,4.436142371648361e-5
0.07415,98163.02823108213,4.435357625705401e-5
0.07416,98162.78283529555,4.4345719991292284e-5
0.07417,98162.53744012264,4.433783337710365e-5
0.07418,98162.29204556343,4.432990130205146e-5
0.07419,98162.04665161789,4.432191508335725e-5
0.0742,98161.80125828604,4.431387246790074e-5
0.07421,98161.55586556786,4.430577763221979e-5
0.07422,98161.31047346338,4.4297641182510426e-5
0.07423,98161.06508197256,4.4289480154626836e-5
0.07424,98160.81969109541,4.428131801408141e-5
0.07425,98160.57430083196,4.427318465604467e-5
0.07426,98160.32891118217,4.4265116405345294e-5
0.07427,98160.08352214603,4.425715470520259e-5
0.07428,98159.83813372359,4.424927445834265e-5
0.07429,98159.59274591481,4.424142218288261e-5
0.0743,98159.34735871968,4.423356814671191e-5
0.07431,98159.10197213823,4.422568904587113e-5
0.07432,98158.85658617044,4.421776800455199e-5
0.07433,98158.61120081632,4.420979457509734e-5
0.07434,98158.36581607585,4.420176473800114e-5
0.07435,98158.12043194905,4.419368090190854e-5
0.07436,98157.87504843589,4.418555190361578e-5
0.07437,98157.6296655364,4.417739300807022e-5
0.07438,98157.38428325056,4.416922590837042e-5
0.07439,98157.13890157838,4.416107872576601e-5
0.0744,98156.89352051984,4.4152986009657786e-5
0.07441,98156.64814007495,4.414498873759766e-5
0.07442,98156.40276024371,4.4137091817840346e-5
0.07443,98156.15738102612,4.412923253044645e-5
0.07444,98155.91200242218,4.412137903546346e-5
0.07445,98155.66662443188,4.411350626216875e-5
0.07446,98155.42124705522,4.410559556648143e-5
0.07447,98155.1758702922,4.4097634730962385e-5
0.07448,98154.93049414281,4.408961796481426e-5
0.07449,98154.68511860707,4.408154590388151e-5
0.0745,98154.43974368497,4.40734256106503e-5
0.07451,98154.19436937649,4.40652705742486e-5
0.07452,98153.94899568165,4.4057100710446156e-5
0.07453,98153.70362260044,4.4048942361654465e-5
0.07454,98153.45825013287,4.40408282969268e-5
0.07455,98153.21287827892,4.403279771195819e-5
0.07456,98152.96750703859,4.402487741307894e-5
0.07457,98152.72213641189,4.4017008762186705e-5
0.07458,98152.47676639882,4.400915396873201e-5
0.07459,98152.23139699937,4.400128619032036e-5
0.0746,98151.98602821353,4.399338500968938e-5
0.07461,98151.74066004132,4.398543643470875e-5
0.07462,98151.49529248272,4.397743289838022e-5
0.07463,98151.24992553775,4.3969373258837635e-5
0.07464,98151.00455920638,4.39612627993469e-5
0.07465,98150.75919348863,4.3953113228306015e-5
0.07466,98150.51382838449,4.394494267924503e-5
0.07467,98150.26846389395,4.393677571082612e-5
0.07468,98150.02310001703,4.3928643306843495e-5
0.07469,98149.77773675372,4.392058287622344e-5
0.0747,98149.532374104,4.391263291281325e-5
0.07471,98149.2870120679,4.390475238854125e-5
0.07472,98149.04165064539,4.389689430308316e-5
0.07473,98148.7962898365,4.3889030037457215e-5
0.07474,98148.55092964119,4.38811373963052e-5
0.07475,98148.30557005949,4.387320060789236e-5
0.07476,98148.06021109138,4.3865210324107476e-5
0.07477,98147.81485273685,4.3857163620462804e-5
0.07478,98147.56949499593,4.384906399609414e-5
0.07479,98147.32413786859,4.384092137376076e-5
0.0748,98147.07878135485,4.383275209984545e-5
0.07481,98146.8334254547,4.382457894435451e-5
0.07482,98146.58807016813,4.3816431100917736e-5
0.07483,98146.34271549515,4.3808344186788416e-5
0.07484,98146.09736143575,4.380036003927915e-5
0.07485,98145.85200798995,4.37924649708554e-5
0.07486,98145.60665515771,4.378460144338075e-5
0.07487,98145.36130293905,4.377673905637821e-5
0.07488,98145.11595133397,4.3768853831485846e-5
0.07489,98144.87060034247,4.3760928212456666e-5
0.0749,98144.62524996453,4.3752951065158706e-5
0.07491,98144.37990020019,4.3744917677574975e-5
0.07492,98144.1345510494,4.3736829759803526e-5
0.07493,98143.88920251219,4.372869544405737e-5
0.07494,98143.64385458855,4.372052928466451e-5
0.07495,98143.39850727847,4.3712352258068015e-5
0.07496,98143.15316058195,4.370419176282588e-5
0.07497,98142.907814499,4.369608161961113e-5
0.07498,98142.66246902962,4.3688062071211776e-5
0.07499,98142.4171241738,4.368014812118222e-5
0.075,98142.17177993152,4.367227684262315e-5
0.07501,98141.9264363028,4.366441454548478e-5
0.07502,98141.68109328765,4.365653546348937e-5
0.07503,98141.43575088606,4.364862025096677e-5
0.07504,98141.19040909801,4.3640655982854295e-5
0.07505,98140.94506792352,4.3632636154696797e-5
0.07506,98140.69972736257,4.362456068264667e-5
0.07507,98140.45438741519,4.361643590346381e-5
0.07508,98140.20904808133,4.360827457451563e-5
0.07509,98139.96370936104,4.3600095873777066e-5
0.0751,98139.71837125428,4.359192539983061e-5
0.07511,98139.47303376105,4.3583795171866225e-5
0.07512,98139.22769688138,4.3575743629681414e-5
0.07513,98138.98236061523,4.356780350440767e-5
0.07514,98138.73702496264,4.355992200399614e-5
0.07515,98138.49168992358,4.355205785071516e-5
0.07516,98138.24635549805,4.354418348546474e-5
0.07517,98138.00102168605,4.353627776824532e-5
0.07518,98137.7556884876,4.352832597815766e-5
0.07519,98137.51035590266,4.35203198134029e-5
0.0752,98137.26502393125,4.351225739128257e-5
0.07521,98137.01969257338,4.350414324819852e-5
0.07522,98136.77436182903,4.349598833965302e-5
0.07523,98136.52903169818,4.348781004024865e-5
0.07524,98136.28370218088,4.347963214368842e-5
0.07525,98136.0383732771,4.3471484862775666e-5
0.07526,98135.79304498683,4.346340482941409e-5
0.07527,98135.5477173101,4.345543283932877e-5
0.07528,98135.30239024686,4.3447538481971557e-5
0.07529,98135.05706379714,4.343967036667405e-5
0.0753,98134.81173796093,4.343179913661488e-5
0.07531,98134.56641273825,4.342390185256538e-5
0.07532,98134.32108812906,4.341596199288953e-5
0.07533,98134.07576413339,4.3407969453544e-5
0.07534,98133.83044075122,4.3399920548078095e-5
0.07535,98133.58511798255,4.339181800763385e-5
0.07536,98133.3397958274,4.3383670980945916e-5
0.07537,98133.09447428574,4.3375495034341634e-5
0.07538,98132.84915335759,4.336731215174104e-5
0.07539,98132.60383304294,4.33591507346568e-5
0.0754,98132.35851334178,4.3351045602194274e-5
0.07541,98132.11319425413,4.334303799105148e-5
0.07542,98131.86787577995,4.333512788358065e-5
0.07543,98131.62255791928,4.3327253537898027e-5
0.07544,98131.3772406721,4.33193837034555e-5
0.07545,98131.1319240384,4.331149363690215e-5
0.07546,98130.8866080182,4.3303565010970826e-5
0.07547,98130.64129261149,4.329558591447802e-5
0.07548,98130.39597781826,4.3287550852323995e-5
0.07549,98130.15066363852,4.3279460745492726e-5
0.0755,98129.90535007225,4.327132293105191e-5
0.07551,98129.66003711947,4.326315116215295e-5
0.07552,98129.41472478017,4.325496560803096e-5
0.07553,98129.16941305435,4.3246792854004834e-5
0.07554,98128.924101942,4.3238665901477116e-5
0.07555,98128.67879144312,4.323062416793409e-5
0.07556,98128.43348155772,4.3222691869692065e-5
0.07557,98128.1881722858,4.321480886011116e-5
0.07558,98127.94286362734,4.320693852104891e-5
0.07559,98127.69755558234,4.3199054300146164e-5
0.0756,98127.45224815082,4.319113605961667e-5
0.07561,98127.20694133277,4.318317007624701e-5
0.07562,98126.96163512817,4.317514904139658e-5
0.07563,98126.71632953704,4.316707206099769e-5
0.07564,98126.47102455937,4.315894465555545e-5
0.07565,98126.22572019516,4.315077876014783e-5
0.07566,98125.9804164444,4.3142592724425654e-5
0.07567,98125.73511330712,4.3134411312612615e-5
0.07568,98125.48981078327,4.312626570350522e-5
0.07569,98125.24450887289,4.311819349047286e-5
0.0757,98124.99920757597,4.3110232156404695e-5
0.07571,98124.75390689248,4.3102337881626915e-5
0.07572,98124.50860682243,4.309446497442833e-5
0.07573,98124.26330736585,4.308658506855414e-5
0.07574,98124.0180085227,4.3078676210810304e-5
0.07575,98123.77271029301,4.30707228610635e-5
0.07576,98123.52741267675,4.3062715892241174e-5
0.07577,98123.28211567394,4.305465259033149e-5
0.07578,98123.03681928456,4.304653665438339e-5
0.07579,98122.79152350861,4.303837819650653e-5
0.0758,98122.54622834611,4.3030193741871314e-5
0.07581,98122.30093379704,4.3022006228708923e-5
0.07582,98122.05563986141,4.301384500831125e-5
0.07583,98121.81034653922,4.300574584503093e-5
0.07584,98121.56505383043,4.299775051604126e-5
0.07585,98121.3197617351,4.2989842204281587e-5
0.07586,98121.07447025318,4.2981964499519714e-5
0.07587,98120.82917938469,4.297408721669385e-5
0.07588,98120.58388912962,4.29661865822934e-5
0.07589,98120.33859948798,4.295824523435896e-5
0.0759,98120.09331045976,4.295025222248234e-5
0.07591,98119.84802204496,4.2942203007806505e-5
0.07592,98119.60273424357,4.293409946302567e-5
0.07593,98119.3574470556,4.2925949872385215e-5
0.07594,98119.11216048105,4.291776893168171e-5
0.07595,98118.86687451991,4.290957774826293e-5
0.07596,98118.62158917218,4.290140384102787e-5
0.07597,98118.37630443787,4.289328114042668e-5
0.07598,98118.13102031696,4.288524998846071e-5
0.07599,98117.88573680946,4.2877323484777725e-5
0.076,98117.64045391537,4.286943858427665e-5
0.07601,98117.39517163468,4.286156206835042e-5
0.07602,98117.14988996739,4.285366833825524e-5
0.07603,98116.90460891351,4.284573820529291e-5
0.07604,98116.65932847302,4.283775889081074e-5
0.07605,98116.41404864592,4.282972402620159e-5
0.07606,98116.16876943223,4.282163365290391e-5
0.07607,98115.92349083193,4.2813494222401676e-5
0.07608,98115.67821284503,4.280531859622442e-5
0.07609,98115.43293547152,4.279712604594722e-5
0.0761,98115.1876587114,4.278894225319073e-5
0.07611,98114.94238256467,4.278079930962112e-5
0.07612,98114.69710703132,4.277273571695015e-5
0.07613,98114.45183211136,4.276478343730171e-5
0.07614,98114.20655780478,4.275688877131398e-5
0.07615,98113.96128411159,4.274901099907958e-5
0.07616,98113.71601103178,4.274112269173622e-5
0.07617,98113.47073856535,4.273320282896052e-5
0.07618,98113.22546671229,4.272523679896787e-5
0.07619,98112.98019547261,4.2717216398512524e-5
0.0762,98112.73492484631,4.2709139832887566e-5
0.07621,98112.48965483339,4.270101171592494e-5
0.07622,98112.24438543383,4.269284306999542e-5
0.07623,98111.99911664764,4.268465132600858e-5
0.07624,98111.75384847482,4.26764603234129e-5
0.07625,98111.50858091538,4.266830031019565e-5
0.07626,98111.26331396929,4.2660207942882946e-5
0.07627,98111.01804763656,4.265222383436442e-5
0.07628,98110.77278191721,4.264431665898296e-5
0.07629,98110.52751681121,4.263643543759645e-5
0.0763,98110.28225231859,4.2628550906350235e-5
0.07631,98110.0369884393,4.262064020841929e-5
0.07632,98109.79172517339,4.2612686894008196e-5
0.07633,98109.54646252083,4.2604680920351165e-5
0.07634,98109.30120048161,4.2596618651712e-5
0.07635,98109.05593905575,4.2588502859384205e-5
0.07636,98108.81067824324,4.258034272169083e-5
0.07637,98108.56541804408,4.257215382398459e-5
0.07638,98108.32015845827,4.2563958158647787e-5
0.07639,98108.0748994858,4.25557841250924e-5
0.0764,98107.82964112668,4.2547666529759985e-5
0.07641,98107.5843833809,4.253964658612174e-5
0.07642,98107.33912624847,4.2531723901094663e-5
0.07643,98107.09386972938,4.252383686534107e-5
0.07644,98106.8486138236,4.251595429575834e-5
0.07645,98106.60335853118,4.250805149414087e-5
0.07646,98106.3581038521,4.250011016780221e-5
0.07647,98106.11284978634,4.249211842957502e-5
0.07648,98105.86759633392,4.2484070797811083e-5
0.07649,98105.62234349483,4.247596819638136e-5
0.0765,98105.37709126907,4.246781795467591e-5
0.07651,98105.13183965663,4.245963380760392e-5
0.07652,98104.88658865752,4.2451435895593726e-5
0.07653,98104.64133827174,4.2443250764592807e-5
0.07654,98104.39608849928,4.243511136606775e-5
0.07655,98104.15083934015,4.2427057057004296e-5
0.07656,98103.90559079433,4.2419112210331265e-5
0.07657,98103.66034286183,4.2411216819843395e-5
0.07658,98103.41509554263,4.240333422690576e-5
0.07659,98103.16984883677,4.2395437887061744e-5
0.0766,98102.92460274421,4.238750765986116e-5
0.07661,98102.67935726496,4.237952980886024e-5
0.07662,98102.43411239903,4.237149700162161e-5
0.07663,98102.1888681464,4.2363408309714355e-5
0.07664,98101.9436245071,4.2355269208713986e-5
0.07665,98101.69838148108,4.234709157820242e-5
0.07666,98101.45313906838,4.233889370176798e-5
0.07667,98101.20789726898,4.233070026700547e-5
0.07668,98100.96265608288,4.2322542365516064e-5
0.07669,98100.71741551008,4.231445749290738e-5
0.0767,98100.47217555057,4.230648335826037e-5
0.07671,98100.22693620437,4.229857689477696e-5
0.07672,98099.98169747146,4.229069212021563e-5
0.07673,98099.73645935184,4.2282800638977215e-5
0.07674,98099.49122184551,4.227488045795775e-5
0.07675,98099.24598495249,4.226691598654841e-5
0.07676,98099.00074867274,4.2258898036635534e-5
0.07677,98098.75551300628,4.2250823822600636e-5
0.07678,98098.51027795312,4.224269696132043e-5
0.07679,98098.26504351322,4.223452747216677e-5
0.0768,98098.01980968662,4.2226331777006684e-5
0.07681,98097.7745764733,4.221813270020236e-5
0.07682,98097.52934387326,4.220995946861119e-5
0.07683,98097.2841118865,4.2201847711585706e-5
0.07684,98097.038880513,4.219383917706315e-5
0.07685,98096.7936497528,4.2185918741484844e-5
0.07686,98096.54841960585,4.2178029450858556e-5
0.07687,98096.30319007218,4.2170141053541844e-5
0.07688,98096.05796115179,4.216222969887919e-5
0.07689,98095.81273284467,4.2154277937202025e-5
0.0769,98095.56750515082,4.214627471982866e-5
0.07691,98095.32227807022,4.213821539906433e-5
0.07692,98095.0770516029,4.213010172820121e-5
0.07693,98094.83182574883,4.212194186151838e-5
0.07694,98094.58660050803,4.211375035428182e-5
0.07695,98094.3413758805,4.210554816274445e-5
0.07696,98094.09615186621,4.209736264414611e-5
0.07697,98093.85092846518,4.208922755671354e-5
0.07698,98093.60570567742,4.20811830596604e-5
0.07699,98093.3604835029,4.207324407169822e-5
0.077,98093.11526194162,4.206534775150489e-5
0.07701,98092.87004099361,4.20574604889897e-5
0.07702,98092.62482065885,4.204955657106041e-5
0.07703,98092.37960093733,4.204161668410433e-5
0.07704,98092.13438182906,4.203362791398827e-5
0.07705,98091.88916333404,4.2025583746058576e-5
0.07706,98091.64394545226,4.20174840651411e-5
0.07707,98091.39872818372,4.200933515554126e-5
0.07708,98091.15351152842,4.2001149701043974e-5
0.07709,98090.90829548636,4.199294678491366e-5
0.0771,98090.66308005754,4.1984751889894316e-5
0.07711,98090.41786524194,4.1976596898209434e-5
0.07712,98090.17265103958,4.196852009156202e-5
0.07713,98089.92743745046,4.196055465794843e-5
0.07714,98089.68222447457,4.195264861281413e-5
0.07715,98089.43701211191,4.1944760358752615e-5
0.07716,98089.19180036247,4.193686231535592e-5
0.07717,98088.94658922627,4.192893330018834e-5
0.07718,98088.70137870329,4.192095852878639e-5
0.07719,98088.45616879352,4.191292961465883e-5
0.0772,98088.21095949698,4.190484456928665e-5
0.07721,98087.96575081367,4.189670780212312e-5
0.07722,98087.72054274357,4.18885301205937e-5
0.07723,98087.47533528668,4.1880328730096115e-5
0.07724,98087.23012844301,4.187212723400033e-5
0.07725,98086.98492221256,4.186395563364855e-5
0.07726,98086.73971659533,4.1855850328355226e-5
0.07727,98086.49451159129,4.184785233526199e-5
0.07728,98086.24930720047,4.183993368508428e-5
0.07729,98086.00410342286,4.18320421330516e-5
0.0773,98085.75890025846,4.182414822656828e-5
0.07731,98085.51369770725,4.181622890950296e-5
0.07732,98085.26849576925,4.180826752218864e-5
0.07733,98085.02329444446,4.180025380142261e-5
0.07734,98084.77809373286,4.1792183880466486e-5
0.07735,98084.53289363446,4.1784060289046215e-5
0.07736,98084.28769414927,4.1775891953352045e-5
0.07737,98084.04249527726,4.1767694196038566e-5
0.07738,98083.79729701845,4.1759488736224666e-5
0.07739,98083.55209937283,4.1751303689493584e-5
0.0774,98083.30690234041,4.1743173567892856e-5
0.07741,98083.06170592117,4.1735139279934326e-5
0.07742,98082.81651011512,4.172720467972529e-5
0.07743,98082.57131492226,4.171930734035336e-5
0.07744,98082.32612034258,4.171141565488701e-5
0.07745,98082.08092637609,4.170350468863379e-5
0.07746,98081.83573302277,4.16955559018563e-5
0.07747,98081.59054028263,4.168755714977214e-5
0.07748,98081.34534815568,4.1679502682553953e-5
0.07749,98081.10015664191,4.167139314532941e-5
0.0775,98080.85496574131,4.1663235578181234e-5
0.07751,98080.60977545388,4.165504341614716e-5
0.07752,98080.36458577962,4.164683648921995e-5
0.07753,98080.11939671854,4.163864102234744e-5
0.07754,98079.87420827063,4.163048963543245e-5
0.07755,98079.62902043588,4.1622421343332846e-5
0.07756,98079.38383321432,4.16144633707543e-5
0.07757,98079.1386466059,4.160655756887654e-5
0.07758,98078.89346061065,4.159866600741917e-5
0.07759,98078.64827522857,4.15907618682619e-5
0.0776,98078.40309045963,4.158282472672952e-5
0.07761,98078.15790630387,4.15748405515918e-5
0.07762,98077.91272276125,4.156680170506354e-5
0.07763,98077.6675398318,4.1558706942804566e-5
0.07764,98077.42235751549,4.155056141391975e-5
0.07765,98077.17717581235,4.154237666095896e-5
0.07766,98076.93199472234,4.153417061991707e-5
0.07767,98076.6868142455,4.152596762023405e-5
0.07768,98076.4416343818,4.1517798384794835e-5
0.07769,98076.19645513124,4.150970002992939e-5
0.0777,98075.95127649384,4.1501711595991904e-5
0.07771,98075.70609846957,4.149379446770074e-5
0.07772,98075.46092105845,4.148590074922248e-5
0.07773,98075.21574426047,4.147800173413774e-5
0.07774,98074.97056807562,4.147007510796254e-5
0.07775,98074.72539250391,4.146210494814836e-5
0.07776,98074.48021754534,4.145408172408208e-5
0.07777,98074.23504319991,4.1446002297085986e-5
0.07778,98073.98986946761,4.143786992041784e-5
0.07779,98073.74469634843,4.14296942392708e-5
0.0778,98073.49952384239,4.1421491290773446e-5
0.07781,98073.25435194948,4.141328350398977e-5
0.07782,98073.00918066969,4.140509969991925e-5
0.07783,98072.76401000303,4.139697509149672e-5
0.07784,98072.51883994948,4.138895125918348e-5
0.07785,98072.27367050906,4.1381019748871154e-5
0.07786,98072.02850168177,4.137312140535185e-5
0.07787,98071.7833334676,4.1365225629041324e-5
0.07788,98071.53816586653,4.1357308210781025e-5
0.07789,98071.29299887859,4.134935133183813e-5
0.0779,98071.04783250375,4.134134356390546e-5
0.07791,98070.80266674203,4.133327986910155e-5
0.07792,98070.55750159343,4.132516159997066e-5
0.07793,98070.31233705794,4.1316996499482705e-5
0.07794,98070.06717313555,4.130879870103333e-5
0.07795,98069.82200982627,4.130058872844383e-5
0.07796,98069.5768471301,4.129239349596126e-5
0.07797,98069.33168504701,4.128424630825832e-5
0.07798,98069.08652357705,4.1276186860433427e-5
0.07799,98068.84136272018,4.126823518872322e-5
0.078,98068.5962024764,4.126032956218364e-5
0.07801,98068.35104284574,4.1252434954100464e-5
0.07802,98068.10588382816,4.124452525578949e-5
0.07803,98067.86072542367,4.123658074748046e-5
0.07804,98067.61556763228,4.122858809831699e-5
0.07805,98067.37041045398,4.1220540366356616e-5
0.07806,98067.12525388878,4.121243699857076e-5
0.07807,98066.88009793665,4.120428383084479e-5
0.07808,98066.63494259762,4.1196093087977935e-5
0.07809,98066.38978787167,4.1187883383683366e-5
0.0781,98066.14463375881,4.117967972058815e-5
0.07811,98065.89948025902,4.1171513490233253e-5
0.07812,98065.65432737232,4.116342247307355e-5
0.07813,98065.4091750987,4.115544262969549e-5
0.07814,98065.16402343816,4.114752686935264e-5
0.07815,98064.91887239068,4.1139631170889324e-5
0.07816,98064.6737219563,4.113172752123492e-5
0.07817,98064.42857213497,4.1123794294720714e-5
0.07818,98064.18342292671,4.111581625307997e-5
0.07819,98063.93827433154,4.110778454544785e-5
0.0782,98063.69312634942,4.109969670836146e-5
0.07821,98063.44797898037,4.109155666575987e-5
0.07822,98063.2028322244,4.108337472898404e-5
0.07823,98062.95768608149,4.107516759677689e-5
0.07824,98062.71254055163,4.106695835528327e-5
0.07825,98062.46739563484,4.105877647804998e-5
0.07826,98062.2222513311,4.105065782602574e-5
0.07827,98061.97710764041,4.104264398044233e-5
0.07828,98061.7319645628,4.103471503960644e-5
0.07829,98061.48682209823,4.1026815801071556e-5
0.0783,98061.24168024672,4.101891634250112e-5
0.07831,98060.99653900825,4.1010993127451555e-5
0.07832,98060.75139838284,4.1003029005372316e-5
0.07833,98060.50625837049,4.099501321160579e-5
0.07834,98060.26111897116,4.0986941367387365e-5
0.07835,98060.0159801849,4.0978815479845455e-5
0.07836,98059.77084201167,4.097064394200142e-5
0.07837,98059.52570445149,4.096244153276962e-5
0.07838,98059.28056750433,4.0954229416957404e-5
0.07839,98059.03543117024,4.0946035145265113e-5
0.0784,98058.79029544917,4.093789265428607e-5
0.07841,98058.54516034113,4.092984226650659e-5
0.07842,98058.30002584614,4.092189585282088e-5
0.07843,98058.05489196419,4.091399043033822e-5
0.07844,98057.80975869525,4.09060931158561e-5
0.07845,98057.56462603936,4.0898178457291744e-5
0.07846,98057.31949399647,4.089022738694739e-5
0.07847,98057.07436256664,4.0882227221510236e-5
0.07848,98056.82923174981,4.087417166205249e-5
0.07849,98056.58410154602,4.086606079403132e-5
0.0785,98056.33897195524,4.085790108728891e-5
0.07851,98056.09384297748,4.08497053960524e-5
0.07852,98055.84871461274,4.084149295893393e-5
0.07853,98055.60358686103,4.083328939893065e-5
0.07854,98055.35845972234,4.0825126723424644e-5
0.07855,98055.11333319664,4.0817043324183026e-5
0.07856,98054.86820728397,4.080907115618383e-5
0.07857,98054.62308198432,4.080115670870911e-5
0.07858,98054.37795729766,4.07932592989364e-5
0.07859,98054.13283322402,4.078535155428408e-5
0.0786,98053.88770976338,4.077741248504794e-5
0.07861,98053.64258691575,4.076942748440122e-5
0.07862,98053.39746468113,4.076138832839458e-5
0.07863,98053.15234305951,4.0753293175956095e-5
0.07864,98052.90722205088,4.074514656889131e-5
0.07865,98052.66210165527,4.073695943188317e-5
0.07866,98052.41698187264,4.0728749072492043e-5
0.07867,98052.171862703,4.072053918115574e-5
0.07868,98051.92674414637,4.071235983118953e-5
0.07869,98051.68162620273,4.0704247478786055e-5
0.0787,98051.43650887208,4.0696242866115685e-5
0.07871,98051.19139215442,4.068831635240169e-5
0.07872,98050.94627604974,4.068041641254762e-5
0.07873,98050.70116055806,4.067251374861963e-5
0.07874,98050.45604567937,4.06645854440535e-5
0.07875,98050.21093141365,4.065661496365474e-5
0.07876,98049.96581776092,4.064859215359848e-5
0.07877,98049.72070472117,4.064051324142953e-5
0.07878,98049.4755922944,4.063238083606238e-5
0.07879,98049.2304804806,4.0624203927781165e-5
0.0788,98048.98536927979,4.0615997888239715e-5
0.07881,98048.74025869195,4.060778447046148e-5
0.07882,98048.49514871708,4.0599591808839654e-5
0.07883,98048.25003935519,4.059145441913702e-5
0.07884,98048.00493060626,4.058341319848608e-5
0.07885,98047.7598224703,4.057547114541347e-5
0.07886,98047.5147149473,4.0567566042233904e-5
0.07887,98047.26960803728,4.05596664321945e-5
0.07888,98047.02450174022,4.055174746702393e-5
0.07889,98046.77939605612,4.054379067831196e-5
0.0789,98046.53429098499,4.053578397750936e-5
0.07891,98046.2891865268,4.052772165592796e-5
0.07892,98046.04408268159,4.051960438474064e-5
0.07893,98045.79897944932,4.0511439214981346e-5
0.07894,98045.55387683002,4.050323957754506e-5
0.07895,98045.30877482366,4.04950252831878e-5
0.07896,98045.06367343025,4.048682252252666e-5
0.07897,98044.8185726498,4.047866386603977e-5
0.07898,98044.5734724823,4.04705882640663e-5
0.07899,98044.32837292775,4.0462622941148704e-5
0.079,98044.08327398612,4.0454709839887135e-5
0.07901,98043.83817565747,4.044681106020103e-5
0.07902,98043.59307794174,4.043889981727196e-5
0.07903,98043.34798083895,4.043095570463249e-5
0.07904,98043.10288434911,4.0422964694166096e-5
0.07905,98042.8577884722,4.04149191361072e-5
0.07906,98042.61269320824,4.040681775904114e-5
0.07907,98042.3675985572,4.039866566990426e-5
0.07908,98042.1225045191,4.0390474353983764e-5
0.07909,98041.87741109393,4.038226167491786e-5
0.0791,98041.63231828169,4.0374051874695644e-5
0.07911,98041.38722608238,4.036587557365721e-5
0.07912,98041.142134496,4.035776977049354e-5
0.07913,98040.89704352255,4.034977366406312e-5
0.07914,98040.65195316201,4.034184952539596e-5
0.07915,98040.4068634144,4.033394915279726e-5
0.07916,98040.16177427971,4.032604382005995e-5
0.07917,98039.91668575794,4.031811117781699e-5
0.07918,98039.6715978491,4.0310135253541465e-5
0.07919,98039.42651055315,4.03021064515465e-5
0.0792,98039.18142387013,4.029402155298529e-5
0.07921,98038.93633780003,4.028588371585117e-5
0.07922,98038.69125234285,4.027770247497749e-5
0.07923,98038.44616749855,4.026949374203769e-5
0.07924,98038.20108326718,4.026127980554528e-5
0.07925,98037.95599964872,4.02530893308539e-5
0.07926,98037.71091664316,4.024495736015721e-5
0.07927,98037.4658342505,4.0236925311040455e-5
0.07928,98037.22075247075,4.0228986887942943e-5
0.07929,98036.9756713039,4.022108229635338e-5
0.0793,98036.73059074994,4.0213180863820065e-5
0.07931,98036.4855108089,4.0205258293222184e-5
0.07932,98036.24043148074,4.019729666276987e-5
0.07933,98035.99535276547,4.018928442600414e-5
0.07934,98035.75027466309,4.0181216411796924e-5
0.07935,98035.50519717362,4.0173093824351035e-5
0.07936,98035.26012029704,4.016492424320026e-5
0.07937,98035.01504403334,4.0156721623209226e-5
0.07938,98034.76996838253,4.0148506294573495e-5
0.07939,98034.5248933446,4.014030496281955e-5
0.0794,98034.27981891956,4.013215070880476e-5
0.07941,98034.0347451074,4.012408298871741e-5
0.07942,98033.78967190813,4.0116123787960886e-5
0.07943,98033.54459932173,4.010821214527001e-5
0.07944,98033.29952734822,4.0100312401803013e-5
0.07945,98033.05445598757,4.009239830783336e-5
0.07946,98032.80938523982,4.008444998745783e-5
0.07947,98032.56431510492,4.0076453938596483e-5
0.07948,98032.3192455829,4.006840303299269e-5
0.07949,98032.07417667375,4.00602965162131e-5
0.0795,98031.82910837747,4.005214000764769e-5
0.07951,98031.58404069406,4.00439455005097e-5
0.07952,98031.33897362351,4.0035731361835695e-5
0.07953,98031.09390716582,4.00275223324855e-5
0.07954,98030.848841321,4.001934952714229e-5
0.07955,98030.60377608905,4.0011250434312496e-5
0.07956,98030.35871146996,4.0003262159470296e-5
0.07957,98030.11364746372,3.999534042439404e-5
0.07958,98029.86858407033,3.998743995453672e-5
0.07959,98029.6235212898,3.9979532542729056e-5
0.0796,98029.37845912213,3.997159635411689e-5
0.07961,98029.1333975673,3.996361592616118e-5
0.07962,98028.88833662534,3.9955582168637976e-5
0.07963,98028.64327629622,3.99474923636384e-5
0.07964,98028.39821657994,3.993935016556875e-5
0.07965,98028.15315747651,3.993116560115036e-5
0.07966,98027.90809898592,3.992295506941969e-5
0.07967,98027.66304110819,3.99147413417283e-5
0.07968,98027.41798384329,3.9906553561742865e-5
0.07969,98027.17292719123,3.989842724544516e-5
0.0797,98026.927871152,3.989040401094386e-5
0.07971,98026.68281572562,3.988246892989777e-5
0.07972,98026.43776091207,3.9874565110771395e-5
0.07973,98026.19270671136,3.986666238412279e-5
0.07974,98025.94765312347,3.9858736951315765e-5
0.07975,98025.70260014842,3.985077138451988e-5
0.07976,98025.4575477862,3.9842754626710406e-5
0.07977,98025.21249603681,3.9834681991668344e-5
0.07978,98024.96744490023,3.982655516398043e-5
0.07979,98024.7223943765,3.9818382199039165e-5
0.0798,98024.47734446557,3.981017752304275e-5
0.07981,98024.23229516747,3.980196193299511e-5
0.07982,98023.9872464822,3.9793762596705954e-5
0.07983,98023.74219840973,3.9785613052790674e-5
0.07984,98023.49715095009,3.977755321067041e-5
0.07985,98023.25210410326,3.976959953121816e-5
0.07986,98023.00705786924,3.976168952935877e-5
0.07987,98022.76201224804,3.975378928517393e-5
0.07988,98022.51696723964,3.97458730314215e-5
0.07989,98022.27192284407,3.9737921370153976e-5
0.0799,98022.02687906129,3.97299212727184e-5
0.07991,98021.78183589132,3.972186607975647e-5
0.07992,98021.53679333416,3.971375550120443e-5
0.07993,98021.2917513898,3.970559561629318e-5
0.07994,98021.04671005823,3.969739887354818e-5
0.07995,98020.80166933947,3.968918409078952e-5
0.07996,98020.55662923351,3.968097645513185e-5
0.07997,98020.31158974036,3.967280752298449e-5
0.07998,98020.06655085999,3.966471522005131e-5
0.07999,98019.8215125924,3.965673417278696e-5
0.08,98019.57647493762,3.964881494099144e-5
0.08001,98019.33143789563,3.964091476775265e-5
0.08002,98019.08640146643,3.963300591239617e-5
0.08003,98018.84136565002,3.9625067002030234e-5
0.08004,98018.5963304464,3.961708303154574e-5
0.08005,98018.35129585555,3.960904536361618e-5
0.08006,98018.10626187749,3.960095172869767e-5
0.08007,98017.8612285122,3.9592806225029015e-5
0.08008,98017.61619575972,3.9584619318631595e-5
0.08009,98017.37116362,3.9576407843309447e-5
0.0801,98017.12613209305,3.956819500064922e-5
0.08011,98016.8811011789,3.956001036002024e-5
0.08012,98016.6360708775,3.955188985857443e-5
0.08013,98016.39104118888,3.954387487544827e-5
0.08014,98016.14601211304,3.9535943149537276e-5
0.08015,98015.90098364996,3.9528040423720223e-5
0.08016,98015.65595579965,3.9520136979048914e-5
0.08017,98015.4109285621,3.951220946284764e-5
0.08018,98015.16590193732,3.95042408887132e-5
0.08019,98014.92087592531,3.949622063651487e-5
0.0802,98014.67585052605,3.9488144452394435e-5
0.08021,98014.43082573956,3.948001444876613e-5
0.08022,98014.18580156582,3.9471839104316746e-5
0.08023,98013.94077800484,3.946363326400553e-5
0.08024,98013.69575505661,3.945541813906419e-5
0.08025,98013.45073272115,3.944722130699702e-5
0.08026,98013.20571099843,3.9439076711580704e-5
0.08027,98012.96068988847,3.943102466286448e-5
0.08028,98012.71566939124,3.942307603412985e-5
0.08029,98012.47064950678,3.9415167916871123e-5
0.0803,98012.22563023506,3.940726768479909e-5
0.08031,98011.98061157607,3.9399350000616244e-5
0.08032,98011.73559352984,3.939139589178926e-5
0.08033,98011.49057609636,3.938339275054884e-5
0.08034,98011.2455592756,3.937533433388981e-5
0.08035,98011.0005430676,3.93672207635711e-5
0.08036,98010.75552747231,3.9359058526115744e-5
0.08037,98010.51051248978,3.935086047281088e-5
0.08038,98010.26549811997,3.934264581970773e-5
0.08039,98010.0204843629,3.9334440147621604e-5
0.0804,98009.77547121856,3.932627540213196e-5
0.08041,98009.53045868695,3.9318189893582336e-5
0.08042,98009.28544676806,3.931021555158573e-5
0.08043,98009.0404354619,3.930229898545349e-5
0.08044,98008.79542476847,3.929439955427972e-5
0.08045,98008.55041468776,3.9286489931312306e-5
0.08046,98008.30540521977,3.9278549153055886e-5
0.08047,98008.06039636451,3.9270562619271845e-5
0.08048,98007.81538812196,3.926252209297828e-5
0.08049,98007.57038049214,3.925442570045001e-5
0.0805,98007.32537347502,3.924627793121864e-5
0.08051,98007.08036707062,3.923808963807245e-5
0.08052,98006.83536127894,3.922987803705649e-5
0.08053,98006.59035609996,3.922166670747251e-5
0.08054,98006.34535153369,3.921348559187904e-5
0.08055,98006.10034758013,3.920537099609133e-5
0.08056,98005.85534423927,3.919736373705237e-5
0.08057,98005.61034151113,3.9189435442745474e-5
0.08058,98005.36533939569,3.9181534183883125e-5
0.08059,98005.12033789295,3.917363063942933e-5
0.0806,98004.8753370029,3.916570185009824e-5
0.08061,98004.63033672556,3.9157731218354256e-5
0.08062,98004.38533706091,3.9149708508411934e-5
0.08063,98004.14033800898,3.914162984623603e-5
0.08064,98003.89533956972,3.913349771954149e-5
0.08065,98003.65034174315,3.912532097779347e-5
0.08066,98003.40534452928,3.9117114832207306e-5
0.08067,98003.1603479281,3.9108900855748504e-5
0.08068,98002.9153519396,3.9100706983132805e-5
0.08069,98002.6703565638,3.909256751082612e-5
0.0807,98002.42536180069,3.908452309704455e-5
0.08071,98002.18036765025,3.907657918006939e-5
0.08072,98001.9353741125,3.906867324474938e-5
0.08073,98001.69038118742,3.9060773580888876e-5
0.08074,98001.44538887503,3.905285522859839e-5
0.08075,98001.2003971753,3.9044899588230704e-5
0.08076,98000.95540608827,3.903689442038082e-5
0.08077,98000.7104156139,3.902883384588598e-5
0.08078,98000.4654257522,3.9020718345825656e-5
0.08079,98000.22043650318,3.90125547615216e-5
0.0808,97999.97544786683,3.900435629453775e-5
0.08081,97999.73045984314,3.899614250668032e-5
0.08082,97999.48547243212,3.898793931999777e-5
0.08083,97999.24048563377,3.897977901678078e-5
0.08084,97998.99549944808,3.897170023956227e-5
0.08085,97998.75051387504,3.896373216771265e-5
0.08086,97998.50552891468,3.895581848375977e-5
0.08087,97998.26054456698,3.894792028416438e-5
0.08088,97998.01556083193,3.8940010603618254e-5
0.08089,97997.77057770954,3.8932068835546874e-5
0.0809,97997.5255951998,3.892408073210946e-5
0.08091,97997.2806133027,3.8916038404198914e-5
0.08092,97997.03563201828,3.8907940321441865e-5
0.08093,97996.79065134648,3.889979131219868e-5
0.08094,97996.54567128736,3.8891602563563415e-5
0.08095,97996.30069184086,3.8883391621363844e-5
0.08096,97996.05571300702,3.887518239016147e-5
0.08097,97995.81073478582,3.886700513325151e-5
0.08098,97995.56575717726,3.88588964726629e-5
0.08099,97995.32078018134,3.8850896456728304e-5
0.081,97995.07580379807,3.884297172520425e-5
0.08101,97994.83082802742,3.88350723518131e-5
0.08102,97994.58585286942,3.882716936100814e-5
0.08103,97994.34087832406,3.8819240134468404e-5
0.08104,97994.09590439132,3.88112684110988e-5
0.08105,97993.85093107121,3.8803244287029984e-5
0.08106,97993.60595836374,3.8795164215618456e-5
0.08107,97993.36098626889,3.878703100744648e-5
0.08108,97993.11601478668,3.877885383032218e-5
0.08109,97992.87104391708,3.8770648209279455e-5
0.0811,97992.62607366011,3.8762436026577995e-5
0.08111,97992.38110401576,3.875424552170333e-5
0.08112,97992.13613498403,3.874611129136679e-5
0.08113,97991.89116656492,3.873807428950548e-5
0.08114,97991.64619875843,3.873013487325478e-5
0.08115,97991.40123156457,3.87222314628968e-5
0.08116,97991.1562649833,3.871433295974477e-5
0.08117,97990.91129901465,3.870641472891729e-5
0.08118,97990.66633365862,3.869845849125101e-5
0.08119,97990.4213689152,3.8690452323300537e-5
0.0812,97990.17640478438,3.868239065733852e-5
0.08121,97989.93144126618,3.8674274281355585e-5
0.08122,97989.68647836057,3.86661103390604e-5
0.08123,97989.44151606757,3.865791232987959e-5
0.08124,97989.19655438716,3.8649700108957816e-5
0.08125,97988.95159331938,3.864149988715775e-5
0.08126,97988.70663286418,3.8633344231060046e-5
0.08127,97988.46167302158,3.8625272062963375e-5
0.08128,97988.21671379157,3.861730991355985e-5
0.08129,97987.97175517416,3.8609399374577946e-5
0.0813,97987.72679716935,3.8601502933525885e-5
0.08131,97987.48183977712,3.859359393416173e-5
0.08132,97987.23688299749,3.858565207445212e-5
0.08133,97986.99192683045,3.857766340657233e-5
0.08134,97986.74697127599,3.8569620336906195e-5
0.08135,97986.50201633411,3.8561521626046135e-5
0.08136,97986.25706200482,3.855337238879319e-5
0.08137,97986.01210828812,3.854518409415697e-5
0.08138,97985.767155184,3.853697456535568e-5
0.08139,97985.52220269245,3.852876797981611e-5
0.0814,97985.27725081348,3.852059486917366e-5
0.08141,97985.03229954709,3.8512492119272314e-5
0.08142,97984.78734889328,3.8504498915406665e-5
0.08143,97984.54239885203,3.849657792435216e-5
0.08144,97984.29744942336,3.848868089307893e-5
0.08145,97984.05250060727,3.848077913919243e-5
0.08146,97983.80755240374,3.847285033299503e-5
0.08147,97983.56260481277,3.846487849748602e-5
0.08148,97983.31765783437,3.845685400836155e-5
0.08149,97983.07271146854,3.844877359401468e-5
0.0815,97982.82776571526,3.844064033553541e-5
0.08151,97982.58282057455,3.8432463666710584e-5
0.08152,97982.3378760464,3.8424259374023985e-5
0.08153,97982.0929321308,3.841604959665627e-5
0.08154,97981.84798882777,3.840786282648503e-5
0.08155,97981.60304613729,3.839973390808473e-5
0.08156,97981.35810405936,3.8391704038726744e-5
0.08157,97981.11316259397,3.838376903099594e-5
0.08158,97980.86822174116,3.8375868527057644e-5
0.08159,97980.62328150087,3.836797180761029e-5
0.0816,97980.37834187315,3.836005451049445e-5
0.08161,97980.13340285796,3.835209862473505e-5
0.08162,97979.88846445532,3.834409249054125e-5
0.08163,97979.64352666523,3.833603079930653e-5
0.08164,97979.39858948767,3.8327914593608646e-5
0.08165,97979.15365292264,3.831975126720968e-5
0.08166,97978.90871697017,3.8311554565055986e-5
0.08167,97978.66378163022,3.8303344583278194e-5
0.08168,97978.41884690282,3.8295147769191264e-5
0.08169,97978.17391278794,3.828699692129443e-5
0.0817,97977.9289792856,3.827893118927122e-5
0.08171,97977.68404639578,3.8270974697317355e-5
0.08172,97977.4391141185,3.8263067604761154e-5
0.08173,97977.19418245374,3.82551734803016e-5
0.08174,97976.94925140151,3.824726592450659e-5
0.08175,97976.7043209618,3.823932488761732e-5
0.08176,97976.45939113462,3.8231336669548346e-5
0.08177,97976.21446191995,3.822329391988749e-5
0.08178,97975.96953331782,3.821519563789589e-5
0.08179,97975.7246053282,3.820704717250804e-5
0.0818,97975.47967795108,3.8198860222331724e-5
0.08181,97975.2347511865,3.8190652835648034e-5
0.08182,97974.98982503441,3.8182449410411366e-5
0.08183,97974.74489949485,3.817428069424948e-5
0.08184,97974.49997456779,3.8166183784463403e-5
0.08185,97974.25505025324,3.815819701121489e-5
0.08186,97974.0101265512,3.815027997703668e-5
0.08187,97973.76520346166,3.8142385776202624e-5
0.08188,97973.52028098464,3.813448596718634e-5
0.08189,97973.2753591201,3.8126558456627276e-5
0.0819,97973.03043786809,3.811858749933079e-5
0.08191,97972.78551722856,3.8110563698268055e-5
0.08192,97972.54059720153,3.810248400457611e-5
0.08193,97972.295677787,3.8094351717557895e-5
0.08194,97972.05075898496,3.8086176484682155e-5
0.08195,97971.80584079542,3.807797430158354e-5
0.08196,97971.56092321838,3.8069767512062515e-5
0.08197,97971.31600625381,3.806158480808547e-5
0.08198,97971.07108990174,3.80534612297846e-5
0.08199,97970.82617416215,3.8045438149184075e-5
0.082,97970.58125903505,3.8037507579849024e-5
0.08201,97970.33634452044,3.802961039583711e-5
0.08202,97970.09143061831,3.802171610871908e-5
0.08203,97969.84651732867,3.801380057672561e-5
0.08204,97969.6016046515,3.800584600474738e-5
0.08205,97969.3566925868,3.799784094433498e-5
0.08206,97969.11178113459,3.798978029369897e-5
0.08207,97968.86687029486,3.7981665297709835e-5
0.08208,97968.6219600676,3.797350354789807e-5
0.08209,97968.37705045281,3.796530898245407e-5
0.0821,97968.13214145048,3.7957101886228196e-5
0.08211,97967.88723306062,3.794890889073078e-5
0.08212,97967.64232528325,3.7940762974132095e-5
0.08213,97967.39741811833,3.793270346126235e-5
0.08214,97967.15251156587,3.7924752435125496e-5
0.08215,97966.90760562588,3.791684912226149e-5
0.08216,97966.66270029834,3.7908957898413046e-5
0.08217,97966.41779558329,3.7901052568599113e-5
0.08218,97966.17289148067,3.789311328299386e-5
0.08219,97965.92798799051,3.788512653692652e-5
0.0822,97965.68308511282,3.787708517088153e-5
0.08221,97965.43818284757,3.786898837049842e-5
0.08222,97965.19328119478,3.786084166657193e-5
0.08223,97964.94838015444,3.785265693505189e-5
0.08224,97964.70347972654,3.78444523970433e-5
0.08225,97964.4585799111,3.7836252618806294e-5
0.08226,97964.2136807081,3.7828088511756183e-5
0.08227,97963.96878211755,3.781999733246338e-5
0.08228,97963.72388413943,3.781201665297446e-5
0.08229,97963.47898677376,3.780410382320342e-5
0.0823,97963.23409002053,3.779621296673081e-5
0.08231,97962.98919387974,3.778831583057495e-5
0.08232,97962.74429835138,3.778039050540381e-5
0.08233,97962.49940343546,3.777242142553504e-5
0.08234,97962.25450913198,3.776439936893593e-5
0.08235,97962.00961544093,3.77563214572234e-5
0.08236,97961.7647223623,3.774819115566407e-5
0.08237,97961.5198298961,3.7740018273174194e-5
0.08238,97961.27493804235,3.7731818962319674e-5
0.08239,97961.03004680101,3.7723615719316066e-5
0.0824,97960.78515617209,3.771543738402862e-5
0.08241,97960.5402661556,3.77073191399722e-5
0.08242,97960.29537675154,3.7699302433973026e-5
0.08243,97960.05048795989,3.7691376453421125e-5
0.08244,97959.80559978067,3.7683483027727325e-5
0.08245,97959.56071221385,3.7675591841129566e-5
0.08246,97959.31582525944,3.766767892000837e-5
0.08247,97959.07093891746,3.765972663288687e-5
0.08248,97958.82605318789,3.7651723690430725e-5
0.08249,97958.58116807074,3.764366514544817e-5
0.0825,97958.33628356598,3.7635552392890023e-5
0.08251,97958.09139967363,3.762739316984968e-5
0.08252,97957.8465163937,3.761920155556309e-5
0.08253,97957.60163372617,3.7610997971408766e-5
0.08254,97957.35675167105,3.760280918090782e-5
0.08255,97957.11187022831,3.759466828972391e-5
0.08256,97956.86698939798,3.7586614745663285e-5
0.08257,97956.62210918007,3.757866905575458e-5
0.08258,97956.37722957453,3.757076988004365e-5
0.08259,97956.13235058139,3.756288215986964e-5
0.0826,97955.88747220066,3.755497985254188e-5
0.08261,97955.6425944323,3.754704325600473e-5
0.08262,97955.39771727634,3.753905900883754e-5
0.08263,97955.15284073279,3.7531020090254645e-5
0.08264,97954.9079648016,3.752292582010541e-5
0.08265,97954.6630894828,3.751478185887422e-5
0.08266,97954.4182147764,3.750660020768044e-5
0.08267,97954.17334068236,3.7498399208278446e-5
0.08268,97953.92846720072,3.7490203543057614e-5
0.08269,97953.68359433147,3.748204423504236e-5
0.0827,97953.43872207457,3.747395864789206e-5
0.08271,97953.19385043006,3.746598376398625e-5
0.08272,97952.94897939793,3.74580754097172e-5
0.08273,97952.70410897819,3.745018843026345e-5
0.08274,97952.4592391708,3.7442294709076016e-5
0.08275,97952.21436997579,3.743437246873384e-5
0.08276,97951.96950139313,3.7426406270943764e-5
0.08277,97951.72463342285,3.7418387016540526e-5
0.08278,97951.47976606495,3.741031194548676e-5
0.08279,97951.2348993194,3.7402184636873037e-5
0.0828,97950.99003318622,3.7394015008917816e-5
0.08281,97950.7451676654,3.738581931896746e-5
0.08282,97950.50030275695,3.7377620163496225e-5
0.08283,97950.25543846084,3.736944647810631e-5
0.08284,97950.0105747771,3.736133353752779e-5
0.08285,97949.76571170571,3.7353322804343395e-5
0.08286,97949.52084924668,3.734540159160581e-5
0.08287,97949.2759874,3.7337512380992214e-5
0.08288,97949.03112616568,3.732962497731059e-5
0.08289,97948.78626554369,3.7321715522990295e-5
0.0829,97948.54140553405,3.7313766498082074e-5
0.08291,97948.29654613677,3.7305766720257985e-5
0.08292,97948.05168735184,3.729771134481148e-5
0.08293,97947.80682917923,3.728960186465731e-5
0.08294,97947.56197161898,3.728144611033166e-5
0.08295,97947.31711467107,3.7273258249992016e-5
0.08296,97947.0722583355,3.7265058789417226e-5
0.08297,97946.82740261225,3.725687457200751e-5
0.08298,97946.58254750136,3.7248738778784445e-5
0.08299,97946.33769300279,3.724069092839094e-5
0.083,97946.09283911655,3.7232750492384274e-5
0.08301,97945.84798584264,3.722485582896383e-5
0.08302,97945.60313318107,3.7216972229559084e-5
0.08303,97945.35828113183,3.720907375167991e-5
0.08304,97945.1134296949,3.720114078894966e-5
0.08305,97944.86857887032,3.719316007110508e-5
0.08306,97944.62372865804,3.7185124663996374e-5
0.08307,97944.3788790581,3.7177033969587146e-5
0.08308,97944.13403007048,3.71688937259545e-5
0.08309,97943.88918169517,3.7160716007288903e-5
0.0831,97943.64433393217,3.715251922389431e-5
0.08311,97943.39948678149,3.714432812218806e-5
0.08312,97943.15464024314,3.713617378470099e-5
0.08313,97942.9097943171,3.712809363007733e-5
0.08314,97942.66494900335,3.71201242717756e-5
0.08315,97942.42010430193,3.7112220680603e-5
0.08316,97942.1752602128,3.710433812415671e-5
0.08317,97941.930416736,3.709644857025463e-5
0.08318,97941.68557387148,3.708853032131979e-5
0.08319,97941.44073161928,3.708056801438036e-5
0.0832,97941.19588997938,3.707255262106958e-5
0.08321,97940.95104895179,3.706448144762581e-5
0.08322,97940.70620853649,3.7056358134892557e-5
0.08323,97940.46136873348,3.7048192658318425e-5
0.08324,97940.21652954277,3.704000132795711e-5
0.08325,97939.97169096436,3.7031806788467446e-5
0.08326,97939.72685299824,3.7023638019113386e-5
0.08327,97939.48201564442,3.7015530333763975e-5
0.08328,97939.23717890287,3.700752518459691e-5
0.08329,97938.99234277362,3.6999608933767555e-5
0.0833,97938.74750725666,3.699172440724661e-5
0.08331,97938.50267235198,3.6983841478380866e-5
0.08332,97938.2578380596,3.697593635361495e-5
0.08333,97938.01300437948,3.696799157249138e-5
0.08334,97937.76817131165,3.695999600765048e-5
0.08335,97937.5233388561,3.695194486483045e-5
0.08336,97937.27850701283,3.694383968286734e-5
0.08337,97937.03367578183,3.693568833369507e-5
0.08338,97936.78884516312,3.6927505022345375e-5
0.08339,97936.54401515666,3.6919310286947866e-5
0.0834,97936.29918576249,3.691113099873002e-5
0.08341,97936.05435698057,3.6903000362017134e-5
0.08342,97935.80952881093,3.689495791423239e-5
0.08343,97935.56470125356,3.68870226804565e-5
0.08344,97935.31987430846,3.687913291546241e-5
0.08345,97935.07504797561,3.687125406257858e-5
0.08346,97934.83022225504,3.686336022748729e-5
0.08347,97934.58539714671,3.68554318474637e-5
0.08348,97934.34057265066,3.684745569137575e-5
0.08349,97934.09574876685,3.683942485968421e-5
0.0835,97933.85092549531,3.683133878444267e-5
0.08351,97933.60610283601,3.6823203229297584e-5
0.08352,97933.36128078897,3.6815030289488175e-5
0.08353,97933.11645935419,3.6806838391846513e-5
0.08354,97932.87163853165,3.6798652294797484e-5
0.08355,97932.62681832137,3.679050308835883e-5
0.08356,97932.38199872333,3.678242819414109e-5
0.08357,97932.13717973753,3.677446410840607e-5
0.08358,97931.89236136398,3.676656557744669e-5
0.08359,97931.64754360267,3.6758687997665914e-5
0.0836,97931.4027264536,3.6750803369201166e-5
0.08361,97931.15790991677,3.674289002227988e-5
0.08362,97930.91309399219,3.673493261721957e-5
0.08363,97930.66827867983,3.6726922144427706e-5
0.08364,97930.4234639797,3.671885592440182e-5
0.08365,97930.17864989182,3.6710737607729486e-5
0.08366,97929.93383641617,3.670257717508827e-5
0.08367,97929.68902355274,3.669439093724576e-5
0.08368,97929.44421130154,3.668620153505959e-5
0.08369,97929.19939966258,3.6678037939477416e-5
0.0837,97928.95458863584,3.6669935451536915e-5
0.08371,97928.70977822131,3.6661935504139575e-5
0.08372,97928.46496841902,3.665402441694658e-5
0.08373,97928.22015922893,3.6646145049831054e-5
0.08374,97927.97535065109,3.663826729262756e-5
0.08375,97927.73054268544,3.6630367363756745e-5
0.08376,97927.48573533203,3.6622427810225304e-5
0.08377,97927.24092859082,3.661443750762602e-5
0.08378,97926.99612246182,3.660639166013771e-5
0.08379,97926.75131694504,3.659829180052526e-5
0.0838,97926.50651204048,3.659014579013968e-5
0.08381,97926.26170774811,3.658196781891797e-5
0.08382,97926.01690406795,3.657377840538323e-5
0.08383,97925.77210100001,3.656560439664465e-5
0.08384,97925.52729854426,3.655747896839743e-5
0.08385,97925.28249670072,3.654944162492289e-5
0.08386,97925.03769546938,3.65415115544159e-5
0.08387,97924.79289485022,3.6533627078361626e-5
0.08388,97924.54809484328,3.652575360112536e-5
0.08389,97924.30329544854,3.651786522457854e-5
0.0839,97924.05849666598,3.650994237767156e-5
0.08391,97923.81369849562,3.650197181643371e-5
0.08392,97923.56890093746,3.649394662397314e-5
0.08393,97923.32410399149,3.648586621047695e-5
0.08394,97923.0793076577,3.6477736313211144e-5
0.08395,97922.83451193609,3.646956899652061e-5
0.08396,97922.58971682668,3.646138265182913e-5
0.08397,97922.34492232944,3.6453201997639445e-5
0.08398,97922.1001284444,3.6445058079533154e-5
0.08399,97921.85533517154,3.643698827017077e-5
0.084,97921.61054251084,3.642902920881315e-5
0.08401,97921.36575046233,3.642113603744025e-5
0.08402,97921.120959026,3.6413263989391015e-5
0.08403,97920.87616820184,3.640538504523509e-5
0.08404,97920.63137798986,3.639747751111303e-5
0.08405,97920.38658839004,3.638952601873633e-5
0.08406,97920.14179940241,3.638152152538733e-5
0.08407,97919.89701102693,3.637346131391932e-5
0.08408,97919.65222326363,3.636534899275649e-5
0.08409,97919.4074361125,3.635719449589393e-5
0.0841,97919.16264957353,3.634901408289763e-5
0.08411,97918.91786364671,3.6340830338904474e-5
0.08412,97918.67307833205,3.633267217462231e-5
0.08413,97918.42829362956,3.6324574826329826e-5
0.08414,97918.18350953923,3.631657969947746e-5
0.08415,97917.93872606105,3.630867397780641e-5
0.08416,97917.69394319503,3.630080024491399e-5
0.08417,97917.44916094116,3.629292835529828e-5
0.08418,97917.20437929945,3.628503448752247e-5
0.08419,97916.9595982699,3.627710114421496e-5
0.0842,97916.71481785248,3.626911715206925e-5
0.08421,97916.4700380472,3.626107766184401e-5
0.08422,97916.22525885409,3.6252984148363055e-5
0.08423,97915.98048027311,3.624484441051538e-5
0.08424,97915.73570230427,3.62366725712551e-5
0.08425,97915.49092494759,3.622848907760148e-5
0.08426,97915.24614820303,3.622032070063898e-5
0.08427,97915.00137207062,3.621220053551716e-5
0.08428,97914.75659655035,3.6204168001450744e-5
0.08429,97914.5118216422,3.6196243050223967e-5
0.0843,97914.26704734619,3.6188364251341064e-5
0.08431,97914.02227366231,3.618049677660795e-5
0.08432,97913.77750059057,3.6172614672253694e-5
0.08433,97913.53272813096,3.616469830706753e-5
0.08434,97913.28795628346,3.615673437239879e-5
0.08435,97913.0431850481,3.614871588215695e-5
0.08436,97912.79841442486,3.61406421728116e-5
0.08437,97912.55364441374,3.613251890339249e-5
0.08438,97912.30887501476,3.612435805548947e-5
0.08439,97912.06410622787,3.611617793325252e-5
0.0844,97911.81933805313,3.610800316339178e-5
0.08441,97911.57457049048,3.609986469517748e-5
0.08442,97911.32980353996,3.609179980044001e-5
0.08443,97911.08503720156,3.608384550746182e-5
0.08444,97910.84027147526,3.607595799059035e-5
0.08445,97910.59550636107,3.6068092025528874e-5
0.08446,97910.350741859,3.606021952142987e-5
0.08447,97910.10597796903,3.6052318708499824e-5
0.08448,97909.86121469116,3.604437413799924e-5
0.08449,97909.61645202541,3.603637668224261e-5
0.0845,97909.37168997175,3.6028323534598446e-5
0.08451,97909.1269285302,3.602021820948929e-5
0.08452,97908.88216770075,3.601207054239165e-5
0.08453,97908.63740748339,3.600389668983607e-5
0.08454,97908.39264787814,3.5995719129407095e-5
0.08455,97908.14788888497,3.598756665974329e-5
0.08456,97907.90313050391,3.597947440053722e-5
0.08457,97907.65837273494,3.597148370596925e-5
0.08458,97907.41361557804,3.5963583544520066e-5
0.08459,97907.16885903325,3.5955715914668806e-5
0.0846,97906.92410310055,3.594785058374532e-5
0.08461,97906.67934777992,3.593996363862726e-5
0.08462,97906.43459307139,3.593203748574017e-5
0.08463,97906.18983897493,3.592406085105742e-5
0.08464,97905.94508549056,3.59160287801002e-5
0.08465,97905.70033261827,3.590794263793757e-5
0.08466,97905.45558035806,3.5899810109186415e-5
0.08467,97905.21082870993,3.589164519801147e-5
0.08468,97904.96607767386,3.588346822812531e-5
0.08469,97904.72132724988,3.587530584278836e-5
0.0847,97904.47657743796,3.586719100480889e-5
0.08471,97904.23182823812,3.585916299654298e-5
0.08472,97903.98707965034,3.585124309705873e-5
0.08473,97903.74233167463,3.584337035487545e-5
0.08474,97903.49758431099,3.583550950233794e-5
0.08475,97903.25283755941,3.582763447824252e-5
0.08476,97903.0080914199,3.5819725539428704e-5
0.08477,97902.76334589245,3.581176926077918e-5
0.08478,97902.51860097707,3.580375853521982e-5
0.08479,97902.27385667374,3.5795692573719686e-5
0.0848,97902.02911298246,3.578757690529104e-5
0.08481,97901.78436990324,3.57794233769893e-5
0.08482,97901.53962743608,3.577125015391309e-5
0.08483,97901.29488558097,3.576308171920423e-5
0.08484,97901.05014433792,3.5754948874047705e-5
0.08485,97900.80540370691,3.574688873767169e-5
0.08486,97900.56066368794,3.573893893708597e-5
0.08487,97900.31592428102,3.573105735807464e-5
0.08488,97900.07118548616,3.5723198017549545e-5
0.08489,97899.82644730333,3.571533270147537e-5
0.0849,97899.58170973255,3.5707439512356714e-5
0.08491,97899.3369727738,3.569950286923817e-5
0.08492,97899.0922364271,3.569151350770425e-5
0.08493,97898.84750069243,3.5683468479879385e-5
0.08494,97898.6027655698,3.5675371154428026e-5
0.08495,97898.3580310592,3.566723121655452e-5
0.08496,97898.11329716063,3.5659064668003156e-5
0.08497,97897.86856387409,3.56508938270582e-5
0.08498,97897.62383119958,3.564274732854386e-5
0.08499,97897.3790991371,3.563466012382428e-5
0.085,97897.13436768665,3.562667346052074e-5
0.08501,97896.88963684822,3.561877903937435e-5
0.08502,97896.64490662182,3.561091796905523e-5
0.08503,97896.40017700744,3.560305987794963e-5
0.08504,97896.15544800508,3.5595180709481674e-5
0.08505,97895.91071961475,3.558726272211338e-5
0.08506,97895.66599183642,3.5579294489344625e-5
0.08507,97895.42126467012,3.557127089971313e-5
0.08508,97895.17653811582,3.556319315679456e-5
0.08509,97894.93181217354,3.5555068779202386e-5
0.0851,97894.68708684327,3.554691160058799e-5
0.08511,97894.44236212502,3.55387417696406e-5
0.08512,97894.19763801877,3.553058575008737e-5
0.08513,97893.95291452452,3.5522476320693266e-5
0.08514,97893.70819164228,3.551445257526117e-5
0.08515,97893.46346937204,3.550653761933767e-5
0.08516,97893.2187477138,3.549867129809064e-5
0.08517,97892.97402666758,3.5490817674952094e-5
0.08518,97892.72930623335,3.548295052953266e-5
0.08519,97892.48458641111,3.547504995497833e-5
0.0852,97892.23986720087,3.546710235797045e-5
0.08521,97891.99514860263,3.545910045872574e-5
0.08522,97891.75043061638,3.545104329099627e-5
0.08523,97891.5057132421,3.5442936202069485e-5
0.08524,97891.26099647983,3.543479085276818e-5
0.08525,97891.01628032955,3.542662521745051e-5
0.08526,97890.77156479126,3.5418463584010005e-5
0.08527,97890.52684986494,3.541033655387555e-5
0.08528,97890.28213555062,3.54022810420114e-5
0.08529,97890.03742184828,3.539433542662677e-5
0.0853,97889.79270875792,3.538646005015147e-5
0.08531,97889.54799627952,3.537860786017436e-5
0.08532,97889.30328441312,3.5370750467776005e-5
0.08533,97889.05857315869,3.536286579606744e-5
0.08534,97888.81386251622,3.5354938080190195e-5
0.08535,97888.56915248574,3.534695786731624e-5
0.08536,97888.32444306723,3.533892201664801e-5
0.08537,97888.07973426068,3.5330833699418436e-5
0.08538,97887.83502606611,3.5322702398890893e-5
0.08539,97887.5903184835,3.531454391035924e-5
0.0854,97887.34561151286,3.530638034114776e-5
0.08541,97887.10090515418,3.529824011061128e-5
0.08542,97886.85619940747,3.5290157950135036e-5
0.08543,97886.61149427271,3.528217490313474e-5
0.08544,97886.36678974991,3.5274286376696386e-5
0.08545,97886.12208583907,3.526643230346681e-5
0.08546,97885.87738254019,3.5258582117858704e-5
0.08547,97885.63267985327,3.5250711568227826e-5
0.08548,97885.38797777829,3.5242802713454265e-5
0.08549,97885.14327631527,3.523484392294237e-5
0.0855,97884.89857546419,3.5226829876620756e-5
0.08551,97884.65387522506,3.521876156494238e-5
0.08552,97884.40917559789,3.5210646288884446e-5
0.08553,97884.16447658266,3.5202497659948454e-5
0.08554,97883.91977817938,3.519433560016017e-5
0.08555,97883.67508038803,3.5186186342069696e-5
0.08556,97883.43038320862,3.5178082428751387e-5
0.08557,97883.18568664115,3.5170062713803874e-5
0.08558,97882.94099068563,3.5162152537422275e-5
0.08559,97882.69629534204,3.5154292979028105e-5
0.0856,97882.45160061038,3.514644717394544e-5
0.08561,97882.20690649065,3.5138588691031816e-5
0.08562,97881.96221298286,3.513069740816578e-5
0.08563,97881.71752008701,3.512275951224683e-5
0.08564,97881.47282780308,3.5114767499195474e-5
0.08565,97881.22813613107,3.510672017395317e-5
0.08566,97880.98344507099,3.509862265048242e-5
0.08567,97880.73875462283,3.509048635176666e-5
0.08568,97880.4940647866,3.508232900981031e-5
0.08569,97880.24937556229,3.507417466563881e-5
0.0857,97880.00468694989,3.506605366929856e-5
0.08571,97879.75999894942,3.505800267985695e-5
0.08572,97879.51531156086,3.5050060902653416e-5
0.08573,97879.27062478421,3.5042191967566864e-5
0.08574,97879.02593861948,3.503434743260886e-5
0.08575,97878.78125306667,3.5026498682393e-5
0.08576,97878.53656812575,3.5018623409054104e-5
0.08577,97878.29188379676,3.501070561224817e-5
0.08578,97878.04720007967,3.500273559915239e-5
0.08579,97877.80251697448,3.4994709984465185e-5
0.0858,97877.5578344812,3.4986631690406174e-5
0.08581,97877.31315259982,3.4978509946716164e-5
0.08582,97877.06847133033,3.497036029065716e-5
0.08583,97876.82379067276,3.4962204567012366e-5
0.08584,97876.57911062708,3.495407092808623e-5
0.08585,97876.33443119329,3.4945993833704363e-5
0.08586,97876.0897523714,3.4938014051213565e-5
0.08587,97875.8450741614,3.4930131460407196e-5
0.08588,97875.6003965633,3.492228479698746e-5
0.08589,97875.35571957708,3.4914443162682364e-5
0.0859,97875.11104320276,3.490658205916945e-5
0.08591,97874.86636744032,3.489868329414646e-5
0.08592,97874.62169228977,3.489073498133127e-5
0.08593,97874.3770177511,3.488273154046194e-5
0.08594,97874.13234382431,3.487467369729673e-5
0.08595,97873.88767050942,3.486656848361405e-5
0.08596,97873.64299780638,3.485842923721249e-5
0.08597,97873.39832571524,3.4850275601910786e-5
0.08598,97873.15365423597,3.484213352754791e-5
0.08599,97872.90898336857,3.4834035269982944e-5
0.086,97872.66431311305,3.482601939109518e-5
0.08601,97872.4196434694,3.481811376051556e-5
0.08602,97872.17497443763,3.481026127802878e-5
0.08603,97871.93030601772,3.480242385626534e-5
0.08604,97871.68563820967,3.4794574801740445e-5
0.08605,97871.4409710135,3.4786693725486536e-5
0.08606,97871.19630442919,3.477876654305323e-5
0.08607,97870.95163845674,3.477078547450736e-5
0.08608,97870.70697309615,3.4762749044432935e-5
0.08609,97870.46230834741,3.475466208193123e-5
0.0861,97870.21764421054,3.474653572062067e-5
0.08611,97869.97298068553,3.473838739863689e-5
0.08612,97869.72831777237,3.4730240858632756e-5
0.08613,97869.48365547106,3.472212614777831e-5
0.08614,97869.23899378162,3.471407961776081e-5
0.08615,97868.99433270401,3.4706141284524325e-5
0.08616,97868.74967223826,3.4698278996371584e-5
0.08617,97868.50501238435,3.469044259328698e-5
0.08618,97868.2603531423,3.4682603181905286e-5
0.08619,97868.01569451208,3.467473817187629e-5
0.0862,97867.77103649371,3.466683127586473e-5
0.08621,97867.52637908717,3.465887250955028e-5
0.08622,97867.28172229248,3.46508581916276e-5
0.08623,97867.03706610962,3.4642790943806345e-5
0.08624,97866.79241053862,3.463467969081109e-5
0.08625,97866.54775557944,3.4626539660381395e-5
0.08626,97866.30310123209,3.461839238327178e-5
0.08627,97866.05844749657,3.461026569325176e-5
0.08628,97865.8137943729,3.460219372710578e-5
0.08629,97865.56914186104,3.459421692463326e-5
0.0863,97865.324489961,3.4586340185226435e-5
0.08631,97865.0798386728,3.45785013123487e-5
0.08632,97864.83518799642,3.45706688491586e-5
0.08633,97864.59053793187,3.456281799920713e-5
0.08634,97864.34588847913,3.4554930267559126e-5
0.08635,97864.10123963823,3.454699346079315e-5
0.08636,97863.85659140913,3.4539001687001534e-5
0.08637,97863.61194379185,3.4530955355790425e-5
0.08638,97863.3672967864,3.4522861178279715e-5
0.08639,97863.12265039275,3.451473216710308e-5
0.0864,97862.8780046109,3.4506587636407956e-5
0.08641,97862.63335944088,3.449845320185558e-5
0.08642,97862.38871488268,3.449036078062096e-5
0.08643,97862.14407093627,3.448234859139283e-5
0.08644,97861.89942760167,3.447444719355217e-5
0.08645,97861.65478487888,3.446660206374891e-5
0.08646,97861.41014276788,3.4458773560617066e-5
0.08647,97861.16550126868,3.445093467690589e-5
0.08648,97860.92086038129,3.444306470537664e-5
0.08649,97860.6762201057,3.443514923880243e-5
0.0865,97860.4315804419,3.442718016996837e-5
0.08651,97860.18694138991,3.441915569167145e-5
0.08652,97859.9423029497,3.441108029672067e-5
0.08653,97859.69766512129,3.440296477793689e-5
0.08654,97859.45302790466,3.4394826228152935e-5
0.08655,97859.20839129982,3.4386688040213595e-5
0.08656,97858.96375530677,3.4378579906975543e-5
0.08657,97858.71911992552,3.4370537821307425e-5
0.08658,97858.47448515605,3.4362602487702287e-5
0.08659,97858.22985099835,3.435474701115525e-5
0.0866,97857.98521745244,3.4346919182763926e-5
0.08661,97857.74058451831,3.433908977977805e-5
0.08662,97857.49595219597,3.4331235877956667e-5
0.08663,97857.25132048539,3.432334085156806e-5
0.08664,97857.00668938659,3.431539437338983e-5
0.08665,97856.76205889956,3.4307392414708816e-5
0.08666,97856.51742902432,3.429933724532118e-5
0.08667,97856.27279976083,3.4291237433532336e-5
0.08668,97856.02817110912,3.428310784615698e-5
0.08669,97855.78354306918,3.427496964851908e-5
0.0867,97855.53891564101,3.4266850304451924e-5
0.08671,97855.29428882459,3.425878357629803e-5
0.08672,97855.04966261995,3.425080952490919e-5
0.08673,97854.80503702705,3.4242938434327075e-5
0.08674,97854.56041204593,3.4235107694135815e-5
0.08675,97854.31578767656,3.422728499066479e-5
0.08676,97854.07116391895,3.4219445177968727e-5
0.08677,97853.8265407731,3.421156940710935e-5
0.08678,97853.581918239,3.4203645126155375e-5
0.08679,97853.33729631665,3.4195666080182486e-5
0.0868,97853.09267500605,3.41876323112734e-5
0.08681,97852.84805430721,3.417955015851779e-5
0.08682,97852.6034342201,3.4171432258012325e-5
0.08683,97852.35881474474,3.416329754286067e-5
0.08684,97852.11419588113,3.415517124317349e-5
0.08685,97851.86957762927,3.414708488606844e-5
0.08686,97851.62495998915,3.413907629567014e-5
0.08687,97851.38034296077,3.413117873130452e-5
0.08688,97851.13572654413,3.412334118741383e-5
0.08689,97850.89111073922,3.411552210245018e-5
0.0869,97850.64649554605,3.410769410405495e-5
0.08691,97850.40188096462,3.4099836115376194e-5
0.08692,97850.15726699491,3.409193335506854e-5
0.08693,97849.91265363694,3.4083977337293295e-5
0.08694,97849.6680408907,3.4075965871718355e-5
0.08695,97849.42342875618,3.4067903063518304e-5
0.08696,97849.17881723339,3.405979931337431e-5
0.08697,97848.93420632233,3.4051671317474195e-5
0.08698,97848.68959602299,3.4043542067512424e-5
0.08699,97848.44498633538,3.4035440850690075e-5
0.087,97848.20037725948,3.4027403249714875e-5
0.08701,97847.9557687953,3.401947042159585e-5
0.08702,97847.71116094285,3.4011621872567496e-5
0.08703,97847.4665537021,3.400380302110572e-5
0.08704,97847.22194707308,3.3995984263740534e-5
0.08705,97846.97734105575,3.3988142291008844e-5
0.08706,97846.73273565015,3.3980260087454405e-5
0.08707,97846.48813085626,3.397232693162784e-5
0.08708,97846.24352667406,3.396433839608666e-5
0.08709,97845.99892310359,3.395629634739525e-5
0.0871,97845.75432014481,3.3948208946124855e-5
0.08711,97845.50971779774,3.394009064685359e-5
0.08712,97845.26511606238,3.3931962198166464e-5
0.08713,97845.0205149387,3.392385064265534e-5
0.08714,97844.77591442673,3.391578931691895e-5
0.08715,97844.53131452647,3.3907817851562894e-5
0.08716,97844.28671523787,3.3899952079488925e-5
0.08717,97844.042116561,3.3892129768442885e-5
0.08718,97843.7975184958,3.3884317376307936e-5
0.08719,97843.55292104231,3.387648935631738e-5
0.0872,97843.30832420051,3.3868626454211844e-5
0.08721,97843.06372797038,3.3860715708239186e-5
0.08722,97842.81913235196,3.385275044915452e-5
0.08723,97842.57453734521,3.384473030022029e-5
0.08724,97842.32994295015,3.383666117720616e-5
0.08725,97842.08534916677,3.3828555288389064e-5
0.08726,97841.84075599506,3.3820431134553214e-5
0.08727,97841.59616343504,3.381231350899012e-5
0.08728,97841.3515714867,3.380423349749853e-5
0.08729,97841.10698015003,3.3796228478384446e-5
0.0873,97840.86238942503,3.378833425969892e-5
0.08731,97840.61779931172,3.3780504483722624e-5
0.08732,97840.37320981007,3.377269527433976e-5
0.08733,97840.12862092009,3.376487884279023e-5
0.08734,97839.88403264178,3.375703369132201e-5
0.08735,97839.63944497514,3.3749144613191056e-5
0.08736,97839.39485792017,3.3741202692661355e-5
0.08737,97839.15027147686,3.3733205305004914e-5
0.08738,97838.90568564521,3.372515611650181e-5
0.08739,97838.66110042522,3.371706508444011e-5
0.0874,97838.41651581689,3.3708948457115895e-5
0.08741,97838.17193182021,3.370082877383332e-5
0.08742,97837.9273484352,3.369273486490452e-5
0.08743,97837.68276566184,3.3684701851649686e-5
0.08744,97837.43818350013,3.36767709900381e-5
0.08745,97837.19360195006,3.366892942737224e-5
0.08746,97836.94902101165,3.366111990742054e-5
0.08747,97836.7044406849,3.365331239474512e-5
0.08748,97836.45986096979,3.3645483143416856e-5
0.08749,97836.21528186632,3.363761469701532e-5
0.0875,97835.9707033745,3.36296958886288e-5
0.08751,97835.72612549432,3.362172184085432e-5
0.08752,97835.48154822578,3.3613693965797646e-5
0.08753,97835.23697156888,3.360561996507323e-5
0.08754,97834.99239552363,3.3597513829804264e-5
0.08755,97834.74782009,3.358939584062268e-5
0.08756,97834.50324526802,3.3581292567669096e-5
0.08757,97834.25867105766,3.357323687059288e-5
0.08758,97834.01409745893,3.356526789855211e-5
0.08759,97833.76952447183,3.355740698247224e-5
0.0876,97833.52495209637,3.354959334357899e-5
0.08761,97833.28038033254,3.3541791770763986e-5
0.08762,97833.03580918032,3.353397626523938e-5
0.08763,97832.79123863974,3.3526127116226884e-5
0.08764,97832.54666871077,3.3518230900957784e-5
0.08765,97832.30209939342,3.3510280484672946e-5
0.08766,97832.0575306877,3.350227502062281e-5
0.08767,97831.81296259358,3.3494219950067404e-5
0.08768,97831.5683951111,3.34861270022763e-5
0.08769,97831.32382824022,3.347801419452867e-5
0.0877,97831.07926198097,3.346990583211328e-5
0.08771,97830.8346963333,3.346183250832843e-5
0.08772,97830.59013129727,3.345383110448201e-5
0.08773,97830.34556687284,3.3445939658495175e-5
0.08774,97830.10100306002,3.343811777302056e-5
0.08775,97829.8564398588,3.343031884736511e-5
0.08776,97829.61187726918,3.342251462521462e-5
0.08777,97829.36731529118,3.341468313676387e-5
0.08778,97829.12275392476,3.340680869871658e-5
0.08779,97828.87819316995,3.339888191428542e-5
0.0878,97828.63363302674,3.33908996731921e-5
0.08781,97828.38907349513,3.338286515166724e-5
0.08782,97828.1445145751,3.337478781245043e-5
0.08783,97827.89995626669,3.336668340479025e-5
0.08784,97827.65539856984,3.3358573964444245e-5
0.08785,97827.4108414846,3.335048781367893e-5
0.08786,97827.16628501094,3.334245956126976e-5
0.08787,97826.92172914887,3.3334530102501205e-5
0.08788,97826.6771738984,3.332669551000477e-5
0.08789,97826.4326192595,3.331889562100732e-5
0.0879,97826.18806523219,3.331109990763095e-5
0.08791,97825.94351181645,3.330328413636296e-5
0.08792,97825.6989590123,3.3295430358700125e-5
0.08793,97825.45440681973,3.3287526911148714e-5
0.08794,97825.20985523872,3.327956841522449e-5
0.08795,97824.9653042693,3.327155577745273e-5
0.08796,97824.72075391145,3.326349618936821e-5
0.08797,97824.47620416517,3.325540312751517e-5
0.08798,97824.23165503047,3.324729635344739e-5
0.08799,97823.98710650732,3.323920191372813e-5
0.088,97823.74255859575,3.3231152139930144e-5
0.08801,97823.49801129574,3.322318564863567e-5
0.08802,97823.2534646073,3.321532899504954e-5
0.08803,97823.00891853044,3.320752421005132e-5
0.08804,97822.76437306512,3.319973391436832e-5
0.08805,97822.51982821136,3.319193160609026e-5
0.08806,97822.27528396917,3.3184097066820056e-5
0.08807,97822.03074033852,3.3176216361673744e-5
0.08808,97821.78619731944,3.3168281839280516e-5
0.08809,97821.5416549119,3.316029213178277e-5
0.0881,97821.29711311593,3.3152252154836017e-5
0.08811,97821.05257193149,3.314417310760894e-5
0.08812,97820.80803135861,3.313607247278337e-5
0.08813,97820.56349139728,3.312797401655433e-5
0.08814,97820.3189520475,3.311990778862997e-5
0.08815,97820.07441330925,3.311191012223159e-5
0.08816,97819.82987518255,3.310402079922729e-5
0.08817,97819.5853376674,3.309620685906673e-5
0.08818,97819.34080076378,3.308841856911091e-5
0.08819,97819.09626447171,3.3080627154383285e-5
0.0882,97818.85172879117,3.30728101219242e-5
0.08821,97818.60719372216,3.306495126079085e-5
0.08822,97818.36265926469,3.305704064205731e-5
0.08823,97818.11812541874,3.304907461881455e-5
0.08824,97817.87359218433,3.304105582617037e-5
0.08825,97817.62905956146,3.303299318124946e-5
0.08826,97817.38452755011,3.302490188319338e-5
0.08827,97817.13999615028,3.301680341316057e-5
0.08828,97816.89546536197,3.300872553432633e-5
0.08829,97816.6509351852,3.300070229188284e-5
0.0883,97816.40640561994,3.299277401303912e-5
0.08831,97816.16187666621,3.298494594078137e-5
0.08832,97815.91734832399,3.2977155919482715e-5
0.08833,97815.67282059329,3.296937250939592e-5
0.08834,97815.4282934741,3.296157093834418e-5
0.08835,97815.18376696644,3.2953732714669565e-5
0.08836,97814.93924107027,3.294584562723303e-5
0.08837,97814.69471578563,3.293790374541443e-5
0.08838,97814.45019111248,3.292990741911251e-5
0.08839,97814.20566705086,3.29218632787449e-5
0.0884,97813.96114360074,3.29137842352481e-5
0.08841,97813.71662076212,3.290568948007754e-5
0.08842,97813.472098535,3.28976044852075e-5
0.08843,97813.22757691938,3.288956100313117e-5
0.08844,97812.98305591528,3.28815970668606e-5
0.08845,97812.73853552266,3.2873743958422355e-5
0.08846,97812.49401574154,3.286594813936784e-5
0.08847,97812.24949657192,3.285816952133781e-5
0.08848,97812.00497801379,3.285038104828038e-5
0.08849,97811.76046006716,3.28425619431642e-5
0.0885,97811.51594273202,3.283469770797838e-5
0.08851,97811.27142600836,3.282678012373253e-5
0.08852,97811.02690989619,3.2818807250456764e-5
0.08853,97810.78239439552,3.28107834272017e-5
0.08854,97810.53787950632,3.2802719272038416e-5
0.08855,97810.2933652286,3.27946316820585e-5
0.08856,97810.04885156237,3.2786543833374066e-5
0.08857,97809.80433850762,3.277848518111769e-5
0.08858,97809.55982606435,3.277049145944243e-5
0.08859,97809.31531423256,3.2762603548431524e-5
0.0886,97809.07080301223,3.2754797531481237e-5
0.08861,97808.82629240339,3.274702016490166e-5
0.08862,97808.58178240602,3.2739242104100886e-5
0.08863,97808.33727302012,3.273144028201038e-5
0.08864,97808.0927642457,3.2723597909084946e-5
0.08865,97807.84825608273,3.2715704473302705e-5
0.08866,97807.60374853124,3.270775574016518e-5
0.08867,97807.3592415912,3.269975375269722e-5
0.08868,97807.11473526264,3.269170683144702e-5
0.08869,97806.87022954553,3.268362957448612e-5
0.0887,97806.62572443989,3.2675542857409444e-5
0.08871,97806.3812199457,3.266747383333523e-5
0.08872,97806.13671606297,3.265945593290508e-5
0.08873,97805.8922127917,3.265152886428393e-5
0.08874,97805.64771013189,3.2643706530778794e-5
0.08875,97805.40320808352,3.2635926542646116e-5
0.08876,97805.1587066466,3.2628155881678815e-5
0.08877,97804.91420582114,3.262036918610106e-5
0.08878,97804.66970560713,3.261254737016579e-5
0.08879,97804.42520600455,3.260467762415473e-5
0.0888,97804.18070701342,3.259675341437841e-5
0.08881,97803.93620863375,3.258877448317614e-5
0.08882,97803.69171086552,3.2580746848916014e-5
0.08883,97803.44721370871,3.257268280599492e-5
0.08884,97803.20271716335,3.256460092483854e-5
0.08885,97802.95822122943,3.255652605190133e-5
0.08886,97802.71372590694,3.254848930966656e-5
0.08887,97802.4692311959,3.254052809664624e-5
0.08888,97802.22473709627,3.2532677706659115e-5
0.08889,97801.98024360808,3.2524890887093855e-5
0.0889,97801.73575073133,3.2517124282379365e-5
0.08891,97801.491258466,3.250935023137084e-5
0.08892,97801.2467668121,3.25015473474593e-5
0.08893,97801.00227576963,3.24937005185716e-5
0.08894,97800.75778533857,3.248580090717042e-5
0.08895,97800.51329551895,3.2477845950254326e-5
0.08896,97800.26880631073,3.246983935935766e-5
0.08897,97800.02431771393,3.246179112055062e-5
0.08898,97799.77982972856,3.245371749443925e-5
0.08899,97799.53534235462,3.244564101616544e-5
0.089,97799.29085559207,3.2437590495406886e-5
0.08901,97799.04636944094,3.2429601016377126e-5
0.08902,97798.80188390122,3.242171376702087e-5
0.08903,97798.55739897292,3.241391556492257e-5
0.08904,97798.31291465601,3.240614933731979e-5
0.08905,97798.06843095052,3.2398385119062194e-5
0.08906,97797.82394785644,3.2390599218040624e-5
0.08907,97797.57946537375,3.2382774215186985e-5
0.08908,97797.33498350247,3.2374898964474264e-5
0.08909,97797.09050224259,3.23669685929166e-5
0.0891,97796.84602159412,3.235898450056921e-5
0.08911,97796.60154155703,3.23509543605284e-5
0.08912,97796.35706213134,3.234289211893159e-5
0.08913,97796.11258331705,3.233481799495732e-5
0.08914,97795.86810511416,3.2326758480825214e-5
0.08915,97795.62362752265,3.2318746341796e-5
0.08916,97795.37915054253,3.23108206161715e-5
0.08917,97795.1346741738,3.230300307825955e-5
0.08918,97794.89019841645,3.229523320877628e-5
0.08919,97794.6457232705,3.2287475677326275e-5
0.0892,97794.40124873593,3.227970448165957e-5
0.08921,97794.15677481274,3.227189989107195e-5
0.08922,97793.91230150094,3.2264048446404984e-5
0.08923,97793.6678288005,3.2256142960046034e-5
0.08924,97793.42335671146,3.224818251592827e-5
0.08925,97793.17888523378,3.22401724695306e-5
0.08926,97792.93441436748,3.223212444787772e-5
0.08927,97792.68994411256,3.222405634954015e-5
0.08928,97792.445474469,3.221599234463414e-5
0.08929,97792.20100543681,3.2207962874821764e-5
0.0893,97791.956537016,3.220000465331083e-5
0.08931,97791.71206920655,3.219215606776426e-5
0.08932,97791.46760200847,3.218437819308357e-5
0.08933,97791.22313542175,3.2176623863932084e-5
0.08934,97790.9786694464,3.216886476327279e-5
0.08935,97790.7342040824,3.216107884412003e-5
0.08936,97790.48973932976,3.215325032953957e-5
0.08937,97790.24527518848,3.214536971264859e-5
0.08938,97790.00081165857,3.21374337566157e-5
0.08939,97789.75634874,3.2129445494660906e-5
0.0894,97789.5118864328,3.2121414230055604e-5
0.08941,97789.26742473693,3.211335553612262e-5
0.08942,97789.02296365242,3.21052912562362e-5
0.08943,97788.77850317926,3.209724950382199e-5
0.08944,97788.53404331744,3.208926466235703e-5
0.08945,97788.28958406698,3.20813773853698e-5
0.08946,97788.04512542785,3.207358672406375e-5
0.08947,97787.80066740006,3.206583176963508e-5
0.08948,97787.55620998362,3.2058081816326755e-5
0.08949,97787.31175317852,3.205031249622895e-5
0.0895,97787.06729698477,3.204250570998985e-5
0.08951,97786.82284140235,3.203464962681564e-5
0.08952,97786.57838643125,3.2026738684470554e-5
0.08953,97786.33393207149,3.2018773589276836e-5
0.08954,97786.08947832306,3.201076131611474e-5
0.08955,97785.84502518598,3.2002715108422533e-5
0.08956,97785.6005726602,3.199465447819654e-5
0.08957,97785.35612074577,3.1986605205991064e-5
0.08958,97785.11166944266,3.197859934091844e-5
0.08959,97784.86721875086,3.1970675200649034e-5
0.0896,97784.62276867041,3.196286137568068e-5
0.08961,97784.37831920126,3.195510162082329e-5
0.08962,97784.13387034343,3.19473575253886e-5
0.08963,97783.88942209692,3.1939602395911365e-5
0.08964,97783.64497446174,3.1931815805990656e-5
0.08965,97783.40052743787,3.1923983596289844e-5
0.08966,97783.1560810253,3.1916097874536584e-5
0.08967,97782.91163522405,3.190815701552291e-5
0.08968,97782.66719003412,3.19001656611051e-5
0.08969,97782.4227454555,3.1892134720203776e-5
0.0897,97782.17830148817,3.188408136880387e-5
0.08971,97781.93385813216,3.1876029049954605e-5
0.08972,97781.68941538745,3.1868007473769535e-5
0.08973,97781.44497325404,3.18600526174265e-5
0.08974,97781.20053173193,3.1852204865263445e-5
0.08975,97780.95609082113,3.184443578281541e-5
0.08976,97780.71165052163,3.183669390952305e-5
0.08977,97780.4672108334,3.182895022174023e-5
0.08978,97780.2227717565,3.1821181961390724e-5
0.08979,97779.97833329087,3.181337263596831e-5
0.0898,97779.73389543654,3.180551201853668e-5
0.08981,97779.48945819351,3.179759614772956e-5
0.08982,97779.24502156176,3.178962732775057e-5
0.08983,97779.00058554129,3.178161412837333e-5
0.08984,97778.75615013212,3.17735713849414e-5
0.08985,97778.51171533423,3.176552019836834e-5
0.08986,97778.26728114762,3.1757487935137635e-5
0.08987,97778.0228475723,3.174950822730274e-5
0.08988,97777.77841460824,3.17416209724871e-5
0.08989,97777.53398225548,3.173383676177371e-5
0.0899,97777.28955051399,3.172609312414521e-5
0.08991,97777.04511938378,3.171835778418803e-5
0.08992,97776.80068886484,3.1710605647518546e-5
0.08993,97776.55625895716,3.1702817883829845e-5
0.08994,97776.31182966077,3.1694981926891703e-5
0.08995,97776.06740097565,3.1687091474550655e-5
0.08996,97775.82297290178,3.167914648872993e-5
0.08997,97775.57854543919,3.167115319542949e-5
0.08998,97775.33411858785,3.166312408472597e-5
0.08999,97775.08969234778,3.1655077910772805e-5
0.09,97774.84526671898,3.1647039691800076e-5
0.09001,97774.60084170144,3.163904071011461e-5
0.09002,97774.35641729514,3.163111851209996e-5
0.09003,97774.11199350013,3.162330720855144e-5
0.09004,97773.86757031636,3.161555746477453e-5
0.09005,97773.62314774384,3.16078270292448e-5
0.09006,97773.37872578258,3.160008846664122e-5
0.09007,97773.13430443255,3.159232060422736e-5
0.09008,97772.88988369379,3.158450853185146e-5
0.09009,97772.64546356627,3.1576643601946406e-5
0.0901,97772.40104405,3.156872342952975e-5
0.09011,97772.15662514497,3.156075189220366e-5
0.09012,97771.91220685118,3.155273913015496e-5
0.09013,97771.66778916864,3.154470154615517e-5
0.09014,97771.42337209734,3.153666180556039e-5
0.09015,97771.17895563727,3.152864883631142e-5
0.09016,97770.93453978845,3.1520697828933666e-5
0.09017,97770.69012455086,3.1512849921403024e-5
0.09018,97770.4457099245,3.150508936974501e-5
0.09019,97770.20129590937,3.149736004112107e-5
0.0902,97769.95688250549,3.148963215465453e-5
0.09021,97769.71246971282,3.148188219056117e-5
0.09022,97769.46805753138,3.147409289014928e-5
0.09023,97769.22364596117,3.146625325581963e-5
0.09024,97768.97923500219,3.1458358551065536e-5
0.09025,97768.73482465443,3.1450410300472775e-5
0.09026,97768.49041491789,3.1442416289719616e-5
0.09027,97768.24600579258,3.1434390565576866e-5
0.09028,97768.00159727847,3.14263534359078e-5
0.09029,97767.7571893756,3.14183314696682e-5
0.0903,97767.51278208393,3.1410357496906324e-5
0.09031,97767.26837540348,3.140247060876298e-5
0.09032,97767.02396933424,3.1394691423539135e-5
0.09033,97766.77956387622,3.138695904563119e-5
0.09034,97766.5351590294,3.137923858449936e-5
0.09035,97766.2907547938,3.1371504168707395e-5
0.09036,97766.0463511694,3.136373618641764e-5
0.09037,97765.8019481562,3.135592128539108e-5
0.09038,97765.5575457542,3.134805237298739e-5
0.09039,97765.3131439634,3.134012861616486e-5
0.0904,97765.06874278381,3.1332155441480424e-5
0.09041,97764.82434221542,3.132414453508966e-5
0.09042,97764.57994225822,3.131611384274684e-5
0.09043,97764.33554291223,3.1308087569804814e-5
0.09044,97764.09114417742,3.1300096181215114e-5
0.09045,97763.84674605381,3.129217640152793e-5
0.09046,97763.60234854139,3.128436635915206e-5
0.09047,97763.35795164015,3.127662641257169e-5
0.09048,97763.11355535011,3.126890976860695e-5
0.09049,97762.86915967126,3.126118819956118e-5
0.0905,97762.62476460359,3.125343973584217e-5
0.09051,97762.3803701471,3.124564866596222e-5
0.09052,97762.1359763018,3.123780553653812e-5
0.09053,97761.89158306767,3.122990715229118e-5
0.09054,97761.64719044472,3.122195657604717e-5
0.09055,97761.40279843296,3.1213963128736365e-5
0.09056,97761.15840703237,3.120594238939355e-5
0.09057,97760.91401624295,3.119791619515798e-5
0.09058,97760.66962606471,3.118991264127342e-5
0.09059,97760.42523649764,3.118196608108812e-5
0.0906,97760.18084754173,3.117411712605485e-5
0.09061,97759.936459197,3.116636465859555e-5
0.09062,97759.69207146343,3.115864786162608e-5
0.09063,97759.44768434102,3.1150936081630326e-5
0.09064,97759.2032978298,3.1143204986646536e-5
0.09065,97758.95891192972,3.113543650132479e-5
0.09066,97758.7145266408,3.112761880692701e-5
0.09067,97758.47014196304,3.1119746341326955e-5
0.09068,97758.22575789645,3.111181979901021e-5
0.09069,97757.981374441,3.110384613107419e-5
0.0907,97757.73699159673,3.1095838545228175e-5
0.09071,97757.49260936359,3.108781650579324e-5
0.09072,97757.24822774161,3.1079805733702304e-5
0.09073,97757.00384673077,3.1071838206500134e-5
0.09074,97756.75946633109,3.106395215834334e-5
0.09075,97756.51508654255,3.105617645090345e-5
0.09076,97756.27070736515,3.1048455164064545e-5
0.09077,97756.02632879891,3.1040749754595865e-5
0.09078,97755.78195084381,3.103303352355173e-5
0.09079,97755.53757349985,3.102528602710735e-5
0.0908,97755.29319676702,3.101749307655884e-5
0.09081,97755.04882064533,3.100964673832332e-5
0.09082,97754.80444513478,3.100174533393874e-5
0.09083,97754.56007023537,3.099379344006404e-5
0.09084,97754.3156959471,3.098580188847904e-5
0.09085,97754.07132226994,3.097778776608455e-5
0.09086,97753.82694920393,3.096977441490222e-5
0.09087,97753.58257674903,3.0961791432074685e-5
0.09088,97753.33820490526,3.09538746698655e-5
0.09089,97753.09383367262,3.094606461002923e-5
0.0909,97752.84946305111,3.093833412506487e-5
0.09091,97752.60509304072,3.093063130207242e-5
0.09092,97752.36072364144,3.092292707051741e-5
0.09093,97752.1163548533,3.091519861349604e-5
0.09094,97751.87198667625,3.090742936773528e-5
0.09095,97751.62761911034,3.089960902359281e-5
0.09096,97751.38325215555,3.089173352505708e-5
0.09097,97751.13888581186,3.088380506974723e-5
0.09098,97750.89452007928,3.087583210891316e-5
0.09099,97750.65015495781,3.086782934743551e-5
0.091,97750.40579044746,3.085981774382563e-5
0.09101,97750.1614265482,3.0851824510225604e-5
0.09102,97749.91706326006,3.0843883112408256e-5
0.09103,97749.67270058302,3.083603326977717e-5
0.09104,97749.42833851707,3.082828734591437e-5
0.09105,97749.18397706225,3.082058295516178e-5
0.09106,97748.9396162185,3.08128874943191e-5
0.09107,97748.69525598586,3.0805175768812144e-5
0.09108,97748.45089636433,3.079742883620642e-5
0.09109,97748.20653735388,3.078963400620712e-5
0.0911,97747.96217895452,3.078178484065918e-5
0.09111,97747.71782116627,3.077388115354718e-5
0.09112,97747.4734639891,3.0765929010995425e-5
0.09113,97747.22910742302,3.0757940731267926e-5
0.09114,97746.98475146802,3.0749934884768375e-5
0.09115,97746.7403961241,3.074193629404016e-5
0.09116,97746.49604139128,3.073397603376637e-5
0.09117,97746.25168726954,3.0726091430769806e-5
0.09118,97746.00733375888,3.0718317582487157e-5
0.09119,97745.7629808593,3.0710607094919775e-5
0.0912,97745.5186285708,3.070291680709111e-5
0.09121,97745.27427689338,3.069521914216007e-5
0.09122,97745.02992582702,3.0687492773934775e-5
0.09123,97744.78557537176,3.067972262687264e-5
0.09124,97744.54122552754,3.0671899876080395e-5
0.09125,97744.29687629442,3.0664021947314e-5
0.09126,97744.05252767235,3.065609251697872e-5
0.09127,97743.80817966136,3.0648121512129055e-5
0.09128,97743.56383226142,3.064012511046885e-5
0.09129,97743.31948547256,3.063212574035117e-5
0.0913,97743.07513929476,3.0624152080778374e-5
0.09131,97742.830793728,3.061623906140211e-5
0.09132,97742.58644877232,3.060842774835814e-5
0.09133,97742.34210442769,3.0600706255320995e-5
0.09134,97742.09776069413,3.059301716914352e-5
0.09135,97741.85341757162,3.0585330526111776e-5
0.09136,97741.60907506016,3.057762261167316e-5
0.09137,97741.36473315976,3.0569875960436346e-5
0.09138,97741.1203918704,3.0562079356171384e-5
0.09139,97740.8760511921,3.05542278318096e-5
0.0914,97740.63171112484,3.054632266944366e-5
0.09141,97740.38737166862,3.053837140032754e-5
0.09142,97740.14303282346,3.053038780487655e-5
0.09143,97739.89869458933,3.052239191266731e-5
0.09144,97739.65435696625,3.051441000243776e-5
0.09145,97739.4100199542,3.0506474602087145e-5
0.09146,97739.1656835532,3.0498624488676078e-5
0.09147,97738.92134776323,3.0490883127048725e-5
0.09148,97738.6770125843,3.048319089266601e-5
0.09149,97738.4326780164,3.0475511860280254e-5
0.0915,97738.18834405954,3.0467819922383726e-5
0.09151,97737.9440107137,3.046009521914338e-5
0.09152,97737.69967797889,3.0452324138400842e-5
0.09153,97737.45534585512,3.0444499315672446e-5
0.09154,97737.21101434236,3.0436619634149168e-5
0.09155,97736.96668344064,3.0428690224696667e-5
0.09156,97736.72235314993,3.042072246585531e-5
0.09157,97736.47802347026,3.0412733983840103e-5
0.09158,97736.2336944016,3.0404748652540754e-5
0.09159,97735.98936594395,3.039679659352162e-5
0.0916,97735.74503809733,3.0388914176021783e-5
0.09161,97735.50071086173,3.0381140560736444e-5
0.09162,97735.25638423713,3.0373440445067583e-5
0.09163,97735.01205822354,3.036576523475269e-5
0.09164,97734.76773282097,3.035808642474725e-5
0.09165,97734.52340802942,3.035038175619457e-5
0.09166,97734.27908384886,3.0342635216425767e-5
0.09167,97734.0347602793,3.0334837038959834e-5
0.09168,97733.79043732076,3.0326983703503553e-5
0.09169,97733.54611497323,3.0319077935951552e-5
0.0917,97733.30179323668,3.0311128708386283e-5
0.09171,97733.05747211115,3.030315123907805e-5
0.09172,97732.81315159661,3.029516699248496e-5
0.09173,97732.56883169306,3.0287203679252954e-5
0.09174,97732.32451240052,3.0279295256215835e-5
0.09175,97732.08019371897,3.02714819263952e-5
0.09176,97731.8358756484,3.0263768451520107e-5
0.09177,97731.59155818883,3.025609289264484e-5
0.09178,97731.34724134025,3.0248423985756032e-5
0.09179,97731.10292510266,3.0240737068395564e-5
0.0918,97730.85860947605,3.0233013722806132e-5
0.09181,97730.61429446044,3.0225241775931272e-5
0.09182,97730.36998005581,3.021741529941532e-5
0.09183,97730.12566626215,3.0209534609603424e-5
0.09184,97729.88135307947,3.0201606267541555e-5
0.09185,97729.63704050778,3.019364307897652e-5
0.09186,97729.39272854707,3.0185664094355926e-5
0.09187,97729.14841719733,3.017769460882819e-5
0.09188,97728.90410645856,3.016976616224255e-5
0.09189,97728.65979633076,3.016191653914909e-5
0.0919,97728.41548681393,3.015417769845683e-5
0.09191,97728.17117790808,3.0146497233533525e-5
0.09192,97727.9268696132,3.013883462407149e-5
0.09193,97727.68256192928,3.013116279943765e-5
0.09194,97727.43825485633,3.0123460932212584e-5
0.09195,97727.19394839434,3.0115714438190505e-5
0.09196,97726.94964254332,3.01079149763793e-5
0.09197,97726.70533730324,3.0100060449000487e-5
0.09198,97726.46103267414,3.0092155001489202e-5
0.09199,97726.21672865599,3.008420902249428e-5
0.092,97725.9724252488,3.0076239143878167e-5
0.09201,97725.72812245255,3.006826824071696e-5
0.09202,97725.48382026727,3.006032543130039e-5
0.09203,97725.23951869294,3.005244607713187e-5
0.09204,97724.99521772955,3.0044671136752905e-5
0.09205,97724.75091737711,3.0036980816612104e-5
0.09206,97724.50661763562,3.0029320513158772e-5
0.09207,97724.26231850508,3.002166074301438e-5
0.09208,97724.01801998547,3.0013978264526896e-5
0.09209,97723.77372207682,3.0006256077770785e-5
0.0921,97723.52942477909,2.9998483424547043e-5
0.09211,97723.28512809232,2.9990655788383133e-5
0.09212,97723.04083201647,2.9982774894533036e-5
0.09213,97722.79653655157,2.997484870997722e-5
0.09214,97722.5522416976,2.9966891443422678e-5
0.09215,97722.30794745455,2.9958923545302886e-5
0.09216,97722.06365382245,2.995097170777781e-5
0.09217,97721.81936080128,2.9943068864733954e-5
0.09218,97721.57506839103,2.9935254191784287e-5
0.09219,97721.3307765917,2.992754636396476e-5
0.0922,97721.08648540331,2.99198839845302e-5
0.09221,97720.84219482583,2.9912232846033955e-5
0.09222,97720.59790485929,2.990456728802376e-5
0.09223,97720.35361550366,2.9896867890286947e-5
0.09224,97720.10932675895,2.9889121472850456e-5
0.09225,97719.86503862515,2.9881321095980778e-5
0.09226,97719.62075110228,2.9873466060184003e-5
0.09227,97719.37646419033,2.9865561906205792e-5
0.09228,97719.13217788927,2.985762041503142e-5
0.09229,97718.88789219914,2.9849659607885718e-5
0.0923,97718.64360711991,2.9841703746233107e-5
0.09231,97718.39932265159,2.983378333177758e-5
0.09232,97718.15503879418,2.982593510646275e-5
0.09233,97717.91075554768,2.981819676384854e-5
0.09234,97717.66647291208,2.9810527531001074e-5
0.09235,97717.42219088739,2.9802881211849175e-5
0.09236,97717.17790947358,2.9795229722575237e-5
0.09237,97716.9336286707,2.9787551218114784e-5
0.09238,97716.68934847869,2.9779830092156427e-5
0.09239,97716.44506889759,2.9772056977141923e-5
0.0924,97716.20078992739,2.9764228744266104e-5
0.09241,97715.95651156806,2.975634850347691e-5
0.09242,97715.71223381965,2.974842560347542e-5
0.09243,97715.46795668211,2.974047563171579e-5
0.09244,97715.22368015547,2.973252041440529e-5
0.09245,97714.97940423971,2.97245880165043e-5
0.09246,97714.73512893484,2.9716712741726324e-5
0.09247,97714.49085424085,2.9708935132537954e-5
0.09248,97714.24658015775,2.9701253809978537e-5
0.09249,97714.00230668554,2.9693608103519784e-5
0.0925,97713.75803382418,2.9685967442886975e-5
0.09251,97713.51376157372,2.9678307553601472e-5
0.09252,97713.26948993413,2.9670610398451933e-5
0.09253,97713.02521890542,2.9662864177494336e-5
0.09254,97712.78094848758,2.9655063328051916e-5
0.09255,97712.53667868061,2.9647208524715218e-5
0.09256,97712.29240948451,2.9639306679342073e-5
0.09257,97712.04814089928,2.9631370941057626e-5
0.09258,97711.80387292492,2.9623420696254296e-5
0.09259,97711.55960556143,2.9615481568591783e-5
0.0926,97711.3153388088,2.9607585418997122e-5
0.09261,97711.07107266702,2.959977034566461e-5
0.09262,97710.82680713611,2.9592065646783488e-5
0.09263,97710.58254221607,2.9584415947107886e-5
0.09264,97710.33827790688,2.9576782481767582e-5
0.09265,97710.09401420855,2.956913854230935e-5
0.09266,97709.84975112106,2.956146365606236e-5
0.09267,97709.60548864443,2.955374358613819e-5
0.09268,97709.36122677867,2.9545970331430768e-5
0.09269,97709.11696552375,2.9538142126616426e-5
0.0927,97708.87270487967,2.9530263442153854e-5
0.09271,97708.62844484644,2.952234498428417e-5
0.09272,97708.38418542407,2.951440369503084e-5
0.09273,97708.13992661254,2.950646275219971e-5
0.09274,97707.89566841185,2.9498551569379042e-5
0.09275,97707.65141082199,2.9490705795939448e-5
0.09276,97707.40715384297,2.9482966038004436e-5
0.09277,97707.1628974748,2.9475307335004514e-5
0.09278,97706.91864171746,2.946767703342831e-5
0.09279,97706.67438657097,2.9460045986289106e-5
0.0928,97706.4301320353,2.945239128089881e-5
0.09281,97706.18587811047,2.944469623886795e-5
0.09282,97705.94162479647,2.9436950416105697e-5
0.09283,97705.69737209329,2.942914960281983e-5
0.09284,97705.45312000094,2.942129582351675e-5
0.09285,97705.20886851942,2.941339733700151e-5
0.09286,97704.96461764873,2.9405468636377758e-5
0.09287,97704.72036738884,2.9397530449047778e-5
0.09288,97704.4761177398,2.9389609736712464e-5
0.09289,97704.23186870156,2.9381739695371373e-5
0.0929,97703.98762027416,2.9373959755322652e-5
0.09291,97703.74337245757,2.9366285029283243e-5
0.09292,97703.49912525178,2.9358653456779226e-5
0.09293,97703.25487865681,2.9351031847306832e-5
0.09294,97703.01063267267,2.9343394843613002e-5
0.09295,97702.76638729931,2.93357233212596e-5
0.09296,97702.52214253678,2.9328004388623492e-5
0.09297,97702.27789838506,2.932023138689644e-5
0.09298,97702.03365484414,2.9312403890085175e-5
0.09299,97701.78941191403,2.9304527705011364e-5
0.093,97701.54516959471,2.9296614871311654e-5
0.09301,97701.3009278862,2.928868366143761e-5
0.09302,97701.05668678849,2.9280758580655743e-5
0.09303,97700.81244630157,2.9272870367047552e-5
0.09304,97700.56820642545,2.9265055991509435e-5
0.09305,97700.32396716015,2.92573519654231e-5
0.09306,97700.07972850562,2.9249714279247752e-5
0.09307,97699.83549046189,2.924209825077356e-5
0.09308,97699.59125302895,2.9234476073630613e-5
0.09309,97699.3470162068,2.922682617278145e-5
0.0931,97699.10277999543,2.9219133204521092e-5
0.09311,97698.85854439485,2.9211388056476962e-5
0.09312,97698.61430940505,2.920358784760895e-5
0.09313,97698.37007502605,2.919573592820938e-5
0.09314,97698.12584125782,2.9187841879903054e-5
0.09315,97697.88160810036,2.9179921515647193e-5
0.09316,97697.63737555369,2.9171996879731455e-5
0.09317,97697.39314361781,2.916409624777798e-5
0.09318,97697.14891229269,2.915625412674133e-5
0.09319,97696.90468157835,2.9148511254908518e-5
0.0932,97696.66045147477,2.9140862198794672e-5
0.09321,97696.41622198197,2.9133247487580014e-5
0.09322,97696.17199309994,2.9125636860848576e-5
0.09323,97695.92776482868,2.911800628841118e-5
0.09324,97695.68353716818,2.911033796993073e-5
0.09325,97695.43931011845,2.910262033492226e-5
0.09326,97695.19508367949,2.909484804275289e-5
0.09327,97694.95085785129,2.9087021982641813e-5
0.09328,97694.70663263384,2.907914927366037e-5
0.09329,97694.46240802716,2.907124326473196e-5
0.0933,97694.21818403124,2.90633235346321e-5
0.09331,97693.97396064606,2.9055415891988388e-5
0.09332,97693.72973787165,2.904755237528056e-5
0.09333,97693.48551570799,2.9039771252840412e-5
0.09334,97693.24129415506,2.903210008947837e-5
0.09335,97692.9970732129,2.9024482019669437e-5
0.09336,97692.75285288149,2.9016879261116313e-5
0.09337,97692.50863316082,2.9009265323946807e-5
0.09338,97692.2644140509,2.9001619946659552e-5
0.09339,97692.02019555171,2.8993929096124077e-5
0.0934,97691.77597766327,2.8986184967580728e-5
0.09341,97691.53176038558,2.897838598464071e-5
0.09342,97691.28754371862,2.89705367992861e-5
0.09343,97691.0433276624,2.8962648291869814e-5
0.09344,97690.79911221692,2.895473757111562e-5
0.09345,97690.55489738216,2.894682797411813e-5
0.09346,97690.31068315814,2.893894906634285e-5
0.09347,97690.06646954486,2.8931136641626085e-5
0.09348,97689.8222565423,2.8923431003223167e-5
0.09349,97689.57804415048,2.8915804481878693e-5
0.0935,97689.33383236938,2.8908205498220445e-5
0.09351,97689.089621199,2.8900605098176075e-5
0.09352,97688.84541063935,2.889298055456073e-5
0.09353,97688.60120069042,2.888531536707706e-5
0.09354,97688.35699135221,2.8877599262315177e-5
0.09355,97688.11278262471,2.8869828193752674e-5
0.09356,97687.86857450794,2.886200434175462e-5
0.09357,97687.62436700189,2.885413611357359e-5
0.09358,97687.38016010655,2.884623814334962e-5
0.09359,97687.13595382191,2.8838331292110214e-5
0.0936,97686.891748148,2.88304426477704e-5
0.09361,97686.6475430848,2.8822605525132646e-5
0.09362,97686.4033386323,2.8814859465886917e-5
0.09363,97686.1591347905,2.8807217686170922e-5
0.09364,97685.91493155943,2.8799617968160157e-5
0.09365,97685.67072893903,2.8792027597205525e-5
0.09366,97685.42652692935,2.8784421375909657e-5
0.09367,97685.18232553038,2.8776780332279574e-5
0.09368,97684.9381247421,2.876909171972673e-5
0.09369,97684.69392456452,2.8761349017066944e-5
0.0937,97684.44972499763,2.8753551928520442e-5
0.09371,97684.20552604143,2.8745706383711876e-5
0.09372,97683.96132769594,2.873782453767027e-5
0.09373,97683.71712996114,2.8729924770829055e-5
0.09374,97683.47293283702,2.8722031689026054e-5
0.09375,97683.2287363236,2.871417612350352e-5
0.09376,97682.98454042085,2.870639513090808e-5
0.09377,97682.7403451288,2.8698724623548267e-5
0.09378,97682.49615044743,2.8691119240776697e-5
0.09379,97682.25195637674,2.868353497585688e-5
0.0938,97682.00776291674,2.8675944156637505e-5
0.09381,97681.7635700674,2.8668325334891562e-5
0.09382,97681.51937782875,2.8660663286316384e-5
0.09383,97681.27518620079,2.8652949010533602e-5
0.09384,97681.03099518348,2.8645179731089147e-5
0.09385,97680.78680477686,2.86373588954533e-5
0.09386,97680.5426149809,2.8629496175020636e-5
0.09387,97680.29842579563,2.8621607465110043e-5
0.09388,97680.054237221,2.861371488496472e-5
0.09389,97679.81004925707,2.860584677775221e-5
0.0939,97679.56586190379,2.859803771056435e-5
0.09391,97679.32167516116,2.8590328470286875e-5
0.09392,97679.07748902921,2.8582712066062704e-5
0.09393,97678.83330350791,2.8575129563898378e-5
0.09394,97678.58911859727,2.8567550812367816e-5
0.09395,97678.3449342973,2.8559951882489303e-5
0.09396,97678.10075060798,2.8552315067725524e-5
0.09397,97677.85656752932,2.8544628883983493e-5
0.09398,97677.61238506131,2.8536888069614597e-5
0.09399,97677.36820320395,2.8529093585414585e-5
0.094,97677.12402195724,2.8521252614623593e-5
0.09401,97676.87984132118,2.851337856292609e-5
0.09402,97676.63566129578,2.8505491058450913e-5
0.09403,97676.391481881,2.8497615951771296e-5
0.09404,97676.14730307688,2.8489785315904805e-5
0.09405,97675.9031248834,2.8482037446313377e-5
0.09406,97675.65894730057,2.847439937576875e-5
0.09407,97675.41477032837,2.846681386782562e-5
0.09408,97675.17059396682,2.8459243430451154e-5
0.09409,97674.9264182159,2.8451661649390454e-5
0.0941,97674.6822430756,2.8444048331353477e-5
0.09411,97674.43806854595,2.8436389504015077e-5
0.09412,97674.19389462692,2.8428677416014948e-5
0.09413,97673.94972131852,2.842091053695765e-5
0.09414,97673.70554862077,2.8413093557412635e-5
0.09415,97673.46137653364,2.8405237388914193e-5
0.09416,97673.21720505712,2.8397359163961504e-5
0.09417,97672.97303419124,2.8389482236018582e-5
0.09418,97672.72886393598,2.8381636179514357e-5
0.09419,97672.48469429134,2.8373856789842586e-5
0.0942,97672.24052525732,2.836618428747132e-5
0.09421,97671.99635683392,2.8358590574797895e-5
0.09422,97671.75218902114,2.8351024273734254e-5
0.09423,97671.50802181897,2.834345648024492e-5
0.09424,97671.26385522741,2.8335864509779223e-5
0.09425,97671.01968924646,2.832823189727138e-5
0.09426,97670.77552387613,2.8320548397140392e-5
0.09427,97670.53135911642,2.8312809983290112e-5
0.09428,97670.2871949673,2.8305018849109252e-5
0.09429,97670.04303142878,2.829718340747132e-5
0.0943,97669.79886850087,2.8289318290734684e-5
0.09431,97669.55470618357,2.8281444350742524e-5
0.09432,97669.31054447687,2.8273588658822894e-5
0.09433,97669.06638338078,2.8265784505788647e-5
0.09434,97668.82222289527,2.8258071401937483e-5
0.09435,97668.57806302037,2.8250462556594717e-5
0.09436,97668.33390375607,2.824289578462131e-5
0.09437,97668.08974510235,2.823533839420626e-5
0.09438,97667.84558705922,2.822776520502714e-5
0.09439,97667.60142962668,2.8220157254766972e-5
0.0944,97667.35727280474,2.8212501799114183e-5
0.09441,97667.11311659339,2.8204792311762626e-5
0.09442,97666.86896099262,2.819702848441158e-5
0.09443,97666.62480600244,2.818921622676577e-5
0.09444,97666.38065162284,2.8181367666535323e-5
0.09445,97666.1364978538,2.817350114943579e-5
0.09446,97665.89234469537,2.8165641239188175e-5
0.09447,97665.6481921475,2.8157818717518878e-5
0.09448,97665.40404021023,2.8150070584159743e-5
0.09449,97665.15988888351,2.8142432871948104e-5
0.0945,97664.91573816739,2.8134860587205897e-5
0.09451,97664.67158806181,2.8127309586898723e-5
0.09452,97664.42743856683,2.8119752190419203e-5
0.09453,97664.1832896824,2.8112166933687686e-5
0.09454,97663.93914140855,2.8104538569152197e-5
0.09455,97663.69499374527,2.809685806578846e-5
0.09456,97663.45084669255,2.80891226090999e-5
0.09457,97663.20670025039,2.8081335601117667e-5
0.09458,97662.96255441879,2.8073506660400582e-5
0.09459,97662.71840919775,2.806565162203518e-5
0.0946,97662.47426458728,2.805779253763568e-5
0.09461,97662.23012058735,2.8049957675344034e-5
0.09462,97661.985977198,2.8042181519829868e-5
0.09463,97661.74183441918,2.803450477224438e-5
0.09464,97661.49769225094,2.8026921493065016e-5
0.09465,97661.25355069323,2.801937243620869e-5
0.09466,97661.00940974607,2.8011827416283133e-5
0.09467,97660.76526940946,2.800426246294608e-5
0.09468,97660.5211296834,2.799665982090532e-5
0.09469,97660.27699056789,2.798900794991862e-5
0.0947,97660.03285206291,2.7981301524793776e-5
0.09471,97659.78871416848,2.7973541435388628e-5
0.09472,97659.54457688458,2.7965734786611e-5
0.09473,97659.30044021123,2.7957894898418745e-5
0.09474,97659.05630414841,2.795004130581973e-5
0.09475,97658.81216869614,2.7942199758871866e-5
0.09476,97658.56803385439,2.7934402222683048e-5
0.09477,97658.32389962318,2.79266868774112e-5
0.09478,97658.07976600251,2.7919081502908174e-5
0.09479,97657.83563299236,2.791152950398891e-5
0.0948,97657.59150059274,2.7903993011800385e-5
0.09481,97657.34736880365,2.789644554523026e-5
0.09482,97657.10323762507,2.78888668367405e-5
0.09483,97656.85910705703,2.788124283236733e-5
0.09484,97656.6149770995,2.787356569172125e-5
0.09485,97656.37084775249,2.7865833787987036e-5
0.09486,97656.12671901601,2.7858051707923764e-5
0.09487,97655.88259089005,2.7850230251864764e-5
0.09488,97655.63846337459,2.784238643371763e-5
0.09489,97655.39433646966,2.783454348096428e-5
0.0949,97655.15021017523,2.782673083466087e-5
0.09491,97654.90608449132,2.7818984149437837e-5
0.09492,97654.66195941792,2.78113438113445e-5
0.09493,97654.41783495502,2.7803783540680104e-5
0.09494,97654.17371110265,2.779625128941329e-5
0.09495,97653.92958786075,2.7788718061163117e-5
0.09496,97653.68546522938,2.7781161071648238e-5
0.09497,97653.4413432085,2.7773563748686835e-5
0.09498,97653.19722179812,2.7765915732196664e-5
0.09499,97652.95310099826,2.7758212874195028e-5
0.095,97652.70898080888,2.7750457238798822e-5
0.09501,97652.46486123,2.7742657102224473e-5
0.09502,97652.2207422616,2.773482695278798e-5
0.09503,97651.97662390371,2.7726987490904892e-5
0.09504,97651.73250615632,2.771916562909035e-5
0.09505,97651.4883890194,2.7711394491959027e-5
0.09506,97651.24427249297,2.7703713416225156e-5
0.09507,97651.00015657704,2.7696137489166994e-5
0.09508,97650.7560412716,2.7688604748799977e-5
0.09509,97650.51192657663,2.7681082073394147e-5
0.0951,97650.26781249214,2.7673544157430606e-5
0.09511,97650.02369901813,2.7665971906016246e-5
0.09512,97649.7795861546,2.7658352434883708e-5
0.09513,97649.53547390156,2.7650679070391408e-5
0.09514,97649.291362259,2.7642951349523567e-5
0.09515,97649.0472512269,2.763517501989015e-5
0.09516,97648.80314080528,2.76273620397269e-5
0.09517,97648.55903099413,2.7619530577895334e-5
0.09518,97648.31492179344,2.7611705013882764e-5
0.09519,97648.07081320323,2.7603915937802254e-5
0.0952,97647.82670522349,2.7596200150392636e-5
0.09521,97647.58259785421,2.7588594487562216e-5
0.09522,97647.3384910954,2.7581056079556816e-5
0.09523,97647.09438494705,2.757353982921421e-5
0.09524,97646.85027940916,2.756601790528375e-5
0.09525,97646.60617448173,2.7558468685668366e-5
0.09526,97646.36207016475,2.755087675742449e-5
0.09527,97646.11796645823,2.754323291676208e-5
0.09528,97645.87386336217,2.753553416904463e-5
0.09529,97645.62976087656,2.7527783728789192e-5
0.0953,97645.3856590014,2.751999101966632e-5
0.09531,97645.1415577367,2.751217167450009e-5
0.09532,97644.89745708245,2.7504347535268155e-5
0.09533,97644.65335703864,2.749654665310166e-5
0.09534,97644.40925760526,2.7488803288285287e-5
0.09535,97644.16515878234,2.7481157910257254e-5
0.09536,97643.92106056988,2.7473608166113965e-5
0.09537,97643.67696296783,2.7466093765416944e-5
0.09538,97643.43286597624,2.745858431055802e-5
0.09539,97643.18876959509,2.745105564775454e-5
0.0954,97642.94467382436,2.7443489830905242e-5
0.09541,97642.70057866407,2.7435875121590324e-5
0.09542,97642.45648411421,2.7428205989071394e-5
0.09543,97642.2123901748,2.7420483110291543e-5
0.09544,97641.96829684581,2.741271336987526e-5
0.09545,97641.72420412724,2.740490986012848e-5
0.09546,97641.48011201911,2.7397091881038563e-5
0.09547,97641.2360205214,2.7389284940274343e-5
0.09548,97640.99192963412,2.7381520753186044e-5
0.09549,97640.74783935727,2.7373837242805342e-5
0.0955,97640.50374969083,2.73662640906674e-5
0.09551,97640.25966063481,2.7358746511258237e-5
0.09552,97640.01557218921,2.7351245555767763e-5
0.09553,97639.77148435403,2.734373453425788e-5
0.09554,97639.52739712926,2.7336192962998946e-5
0.09555,97639.2833105149,2.7328606564469703e-5
0.09556,97639.03922451095,2.732096726735731e-5
0.09557,97638.79513911743,2.7313273206557374e-5
0.09558,97638.5510543343,2.7305528723173892e-5
0.09559,97638.30697016159,2.729774436451928e-5
0.0956,97638.06288659928,2.7289936884114365e-5
0.09561,97637.81880364737,2.728212924168843e-5
0.09562,97637.57472130586,2.7274350603179135e-5
0.09563,97637.33063957476,2.7266636340732558e-5
0.09564,97637.08655845407,2.7259027137481777e-5
0.09565,97636.84247794378,2.725150089278652e-5
0.09566,97636.59839804386,2.7244004014945245e-5
0.09567,97636.35431875435,2.7236507273400397e-5
0.09568,97636.11024007524,2.7228987642328822e-5
0.09569,97635.86616200651,2.7221428300641717e-5
0.0957,97635.62208454819,2.7213818631984658e-5
0.09571,97635.37800770024,2.720615422473759e-5
0.09572,97635.13393146268,2.7198436872014865e-5
0.09573,97634.88985583551,2.7190674571665168e-5
0.09574,97634.64578081873,2.718288152627157e-5
0.09575,97634.40170641233,2.7175078143151543e-5
0.09576,97634.15763261632,2.7167291034356905e-5
0.09577,97633.91355943067,2.715955301667386e-5
0.09578,97633.66948685542,2.7151903111622966e-5
0.09579,97633.42541489053,2.7144359935693185e-5
0.0958,97633.18134353602,2.713686225639818e-5
0.09581,97632.9372727919,2.7129375982341412e-5
0.09582,97632.69320265813,2.7121875541143736e-5
0.09583,97632.44913313474,2.7114341563685916e-5
0.09584,97632.20506422172,2.7106760884108643e-5
0.09585,97631.96099591907,2.7099126539812533e-5
0.09586,97631.71692822677,2.7091437771458154e-5
0.09587,97631.47286114485,2.7083700022965983e-5
0.09588,97631.2287946733,2.707592494151641e-5
0.09589,97630.9847288121,2.70681303775498e-5
0.0959,97630.74066356126,2.70603403847664e-5
0.09591,97630.49659892078,2.7052585220126405e-5
0.09592,97630.25253489066,2.7044901343849927e-5
0.09593,97630.00847147091,2.7037326870313916e-5
0.09594,97629.76440866149,2.70298230477195e-5
0.09595,97629.52034646244,2.7022342972157354e-5
0.09596,97629.27628487373,2.701485852023386e-5
0.09597,97629.03222389537,2.7007347770340575e-5
0.09598,97628.78816352737,2.699979500265417e-5
0.09599,97628.5441037697,2.699219069913645e-5
0.096,97628.30004462239,2.6984531543534392e-5
0.09601,97628.05598608541,2.697682042138008e-5
0.09602,97627.81192815877,2.696906641999075e-5
0.09603,97627.56787084248,2.6961284828468762e-5
0.09604,97627.32381413653,2.695349713770166e-5
0.09605,97627.07975804091,2.6945731040362075e-5
0.09606,97626.83570255563,2.6938020430907798e-5
0.09607,97626.59164768069,2.693040540558178e-5
0.09608,97626.34759341608,2.692288935841322e-5
0.09609,97626.1035397618,2.6915410750457487e-5
0.0961,97625.85948671785,2.6907938631587157e-5
0.09611,97625.61543428422,2.6900448523237922e-5
0.09612,97625.37138246093,2.6892922147157607e-5
0.09613,97625.12733124796,2.688534742540619e-5
0.09614,97624.88328064531,2.68777184803558e-5
0.09615,97624.63923065299,2.6870035634690736e-5
0.09616,97624.39518127099,2.6862305411407435e-5
0.09617,97624.15113249929,2.685454053381447e-5
0.09618,97623.90708433793,2.684675992553261e-5
0.09619,97623.66303678688,2.6838988710494742e-5
0.0962,97623.41898984613,2.6831258212945906e-5
0.09621,97623.17494351571,2.68236059574433e-5
0.09622,97622.93089779561,2.6816064364676683e-5
0.09623,97622.6868526858,2.6808582026058945e-5
0.09624,97622.4428081863,2.680111812291838e-5
0.09625,97622.19876429712,2.679364561526748e-5
0.09626,97621.95472101824,2.678614366196016e-5
0.09627,97621.71067834966,2.6778597620691808e-5
0.09628,97621.46663629138,2.6770999047999272e-5
0.09629,97621.2225948434,2.67633456992609e-5
0.0963,97620.97855400573,2.675564152869645e-5
0.09631,97620.73451377836,2.6747896689367174e-5
0.09632,97620.49047416127,2.6740127533175794e-5
0.09633,97620.24643515448,2.6732356610866478e-5
0.09634,97620.00239675799,2.6724612672024866e-5
0.09635,97619.75835897178,2.6716930665078046e-5
0.09636,97619.51432179587,2.6709351453068692e-5
0.09637,97619.27028523025,2.670185971266711e-5
0.09638,97619.0262492749,2.6694399441373074e-5
0.09639,97618.78221392985,2.6686941033306815e-5
0.0964,97618.5381791951,2.6679461079962174e-5
0.09641,97618.2941450706,2.6671942370206567e-5
0.09642,97618.0501115564,2.6664373890280997e-5
0.09643,97617.80607865247,2.6656750823800092e-5
0.09644,97617.56204635883,2.6649074551752045e-5
0.09645,97617.31801467546,2.664135265249865e-5
0.09646,97617.07398360236,2.6633598901775284e-5
0.09647,97616.82995313953,2.6625833272690957e-5
0.09648,97616.58592328698,2.6618081935728234e-5
0.09649,97616.3418940447,2.6610377258743272e-5
0.0965,97616.0978654127,2.660275780696586e-5
0.09651,97615.85383739094,2.659524693280106e-5
0.09652,97615.60980997946,2.6587785237365214e-5
0.09653,97615.36578317825,2.658033696194605e-5
0.09654,97615.1217569873,2.6572876126226827e-5
0.09655,97614.8777314066,2.6565382945797194e-5
0.09656,97614.63370643617,2.6557843832153234e-5
0.09657,97614.389682076,2.6550251392697486e-5
0.09658,97614.14565832607,2.6542604430738893e-5
0.09659,97613.90163518641,2.6534907945492834e-5
0.0966,97613.657612657,2.6527173132081105e-5
0.09661,97613.41359073785,2.6519417381531963e-5
0.09662,97613.16956942894,2.6511664280780065e-5
0.09663,97612.92554873029,2.6503943612666506e-5
0.09664,97612.68152864187,2.64962913559388e-5
0.09665,97612.4375091637,2.648874702240161e-5
0.09666,97612.19349029579,2.648127836931793e-5
0.09667,97611.9494720381,2.6473835788328685e-5
0.09668,97611.70545439067,2.6466390722880032e-5
0.09669,97611.46143735347,2.6458920810855055e-5
0.0967,97611.21742092652,2.6451409884573786e-5
0.09671,97610.97340510979,2.6443847970793203e-5
0.09672,97610.72938990331,2.643623129070727e-5
0.09673,97610.48537530705,2.642856225994686e-5
0.09674,97610.24136132104,2.6420849488579812e-5
0.09675,97609.99734794525,2.6413107781110936e-5
0.09676,97609.75333517969,2.640535813648197e-5
0.09677,97609.50932302435,2.6397627748071605e-5
0.09678,97609.26531147923,2.6389950003695476e-5
0.09679,97609.02130054435,2.6382364485606203e-5
0.0968,97608.77729021969,2.6374881906384317e-5
0.09681,97608.53328050526,2.6367440104965336e-5
0.09682,97608.28927140104,2.6360006992085193e-5
0.09683,97608.04526290704,2.6352557623488672e-5
0.09684,97607.80125502325,2.6345073247887305e-5
0.09685,97607.55724774968,2.633754130695938e-5
0.09686,97607.31324108632,2.632995543535e-5
0.09687,97607.06923503318,2.6322315460671e-5
0.09688,97606.82522959025,2.6314627403500998e-5
0.09689,97606.58122475752,2.6306903477385372e-5
0.0969,97606.337220535,2.6299162088836297e-5
0.09691,97606.0932169227,2.6291427837332696e-5
0.09692,97605.84921392059,2.6283731515320254e-5
0.09693,97605.60521152869,2.6276110108211462e-5
0.09694,97605.36120974699,2.6268599132543585e-5
0.09695,97605.11720857548,2.6261152713626248e-5
0.09696,97604.87320801418,2.625372725973888e-5
0.09697,97604.62920806308,2.624629524004752e-5
0.09698,97604.38520872217,2.623883531521627e-5
0.09699,97604.14120999146,2.6231332337407306e-5
0.097,97603.89721187094,2.6223777350280912e-5
0.09701,97603.6532143606,2.6216167588995413e-5
0.09702,97603.40921746046,2.620850648020723e-5
0.09703,97603.1652211705,2.6200803642070855e-5
0.09704,97602.92122549073,2.6193074884238877e-5
0.09705,97602.67723042115,2.618534220786194e-5
0.09706,97602.43323596174,2.6177633805588776e-5
0.09707,97602.18924211252,2.616998406156618e-5
0.09708,97601.94524887348,2.6162433551439068e-5
0.09709,97601.70125624462,2.6154976630002365e-5
0.0971,97601.45726422593,2.6147554060016263e-5
0.09711,97601.21327281743,2.6140135719515728e-5
0.09712,97600.9692820191,2.6132697676686625e-5
0.09713,97600.72529183094,2.6125222189744947e-5
0.09714,97600.48130225294,2.6117697706936755e-5
0.09715,97600.23731328512,2.6110118866538254e-5
0.09716,97599.99332492748,2.6102486496855718e-5
0.09717,97599.74933717998,2.6094807616225518e-5
0.09718,97599.50535004266,2.608709543301415e-5
0.09719,97599.2613635155,2.6079369345618182e-5
0.0972,97599.01737759852,2.6071654942464298e-5
0.09721,97598.77339229168,2.6063984002009263e-5
0.09722,97598.529407595,2.6056394492739977e-5
0.09723,97598.28542350847,2.604891508786761e-5
0.09724,97598.04144003212,2.604149013965788e-5
0.09725,97597.7974571659,2.6034081327926607e-5
0.09726,97597.55347490984,2.602666212395284e-5
0.09727,97597.30949326394,2.60192121875786e-5
0.09728,97597.06551222818,2.601171736720893e-5
0.09729,97596.82153180258,2.6004169699811888e-5
0.0973,97596.57755198711,2.599656741091852e-5
0.09731,97596.33357278179,2.5988914914622883e-5
0.09732,97596.08959418662,2.5981222813582022e-5
0.09733,97595.8456162016,2.597350789901603e-5
0.09734,97595.6016388267,2.5965793150707967e-5
0.09735,97595.35766206196,2.5958107737003896e-5
0.09736,97595.11368590733,2.5950487014812922e-5
0.09737,97594.86971036287,2.594297154220595e-5
0.09738,97594.62573542852,2.593553846097853e-5
0.09739,97594.3817611043,2.5928134541289235e-5
0.0974,97594.13778739022,2.5920730653079674e-5
0.09741,97593.89381428628,2.5913303853389143e-5
0.09742,97593.64984179246,2.5905837386354665e-5
0.09743,97593.40586990876,2.5898320683211016e-5
0.09744,97593.1618986352,2.5890749362290666e-5
0.09745,97592.91792797175,2.5883125229023826e-5
0.09746,97592.67395791842,2.5875456275938414e-5
0.09747,97592.42998847523,2.5867756682660108e-5
0.09748,97592.18601964213,2.5860046815912278e-5
0.09749,97591.94205141917,2.5852353229516027e-5
0.0975,97591.69808380632,2.5844708664390172e-5
0.09751,97591.45411680358,2.5837152048551294e-5
0.09752,97591.21015041097,2.582970220720582e-5
0.09753,97590.96618462846,2.5822298050881882e-5
0.09754,97590.72221945606,2.581490546973889e-5
0.09755,97590.47825489377,2.580749891359405e-5
0.09756,97590.23429094157,2.5800059017897716e-5
0.09757,97589.9903275995,2.579257260373339e-5
0.09758,97589.74636486752,2.578503267781776e-5
0.09759,97589.50240274565,2.5777438432500615e-5
0.0976,97589.25844123388,2.5769795245764917e-5
0.09761,97589.0144803322,2.5762114681226794e-5
0.09762,97588.77052004063,2.57544144881355e-5
0.09763,97588.52656035915,2.5746718601373438e-5
0.09764,97588.28260128776,2.573905714145617e-5
0.09765,97588.03864282648,2.573146641453242e-5
0.09766,97587.79468497528,2.5723984785709767e-5
0.09767,97587.55072773417,2.5716574766517295e-5
0.09768,97587.30677110315,2.570918899255276e-5
0.09769,97587.06281508222,2.5701799301992984e-5
0.0977,97586.81885967136,2.5694383717184524e-5
0.09771,97586.5749048706,2.5686926444643645e-5
0.09772,97586.33095067991,2.567941787505636e-5
0.09773,97586.08699709932,2.5671854583278385e-5
0.09774,97585.8430441288,2.566423932833515e-5
0.09775,97585.59909176835,2.565658105342181e-5
0.09776,97585.35514001799,2.5648894885903267e-5
0.09777,97585.1111888777,2.5641202137314107e-5
0.09778,97584.86723834748,2.563353030335865e-5
0.09779,97584.62328842732,2.5625913063910957e-5
0.0978,97584.37933911725,2.561839028301478e-5
0.09781,97584.13539041723,2.561096782093384e-5
0.09782,97583.8914423273,2.5603583857376876e-5
0.09783,97583.64749484742,2.5596207163927062e-5
0.09784,97583.4035479776,2.5588813145419454e-5
0.09785,97583.15960171785,2.5581383389395658e-5
0.09786,97582.91565606817,2.5573905666103843e-5
0.09787,97582.67171102854,2.5566373928498685e-5
0.09788,97582.42776659898,2.555878831224141e-5
0.09789,97582.18382277947,2.555115513569977e-5
0.0979,97581.93987957,2.5543486899948087e-5
0.09791,97581.6959369706,2.553580228876719e-5
0.09792,97581.45199498124,2.5528126168644448e-5
0.09793,97581.20805360195,2.5520489588773764e-5
0.09794,97580.96411283269,2.5512929781055617e-5
0.09795,97580.72017267348,2.5505480574244777e-5
0.09796,97580.47623312433,2.5498092921823528e-5
0.09797,97580.2322941852,2.5490724860877123e-5
0.09798,97579.98835585614,2.548334917432494e-5
0.09799,97579.74441813711,2.547594482633004e-5
0.098,97579.50048102811,2.5468496962299153e-5
0.09801,97579.25654452915,2.546099690888271e-5
0.09802,97579.01260864025,2.5453442173974788e-5
0.09803,97578.76867336137,2.544583644671315e-5
0.09804,97578.52473869252,2.5438189597479256e-5
0.09805,97578.2808046337,2.543051767789821e-5
0.09806,97578.03687118492,2.5422842920838812e-5
0.09807,97577.79293834616,2.5415193740413516e-5
0.09808,97577.54900611744,2.540760473197849e-5
0.09809,97577.30507449873,2.5400116617254706e-5
0.0981,97577.06114349005,2.539271926846021e-5
0.09811,97576.81721309139,2.5385354973577603e-5
0.09812,97576.57328330276,2.5377993889205956e-5
0.09813,97576.32935412414,2.5370612351726295e-5
0.09814,97576.08542555555,2.5363192877301557e-5
0.09815,97575.84149759696,2.5355724161876657e-5
0.09816,97575.59757024841,2.53482010811784e-5
0.09817,97575.35364350986,2.5340624690715543e-5
0.09818,97575.10971738132,2.5333002225778758e-5
0.09819,97574.8657918628,2.532534710144069e-5
0.0982,97574.62186695429,2.5317678912555885e-5
0.09821,97574.37794265577,2.5310023433760818e-5
0.09822,97574.13401896728,2.5302412619473927e-5
0.09823,97573.89009588877,2.529488460389556e-5
0.09824,97573.64617342029,2.528746621020227e-5
0.09825,97573.4022515618,2.528010030737444e-5
0.09826,97573.1583303133,2.5272749594222957e-5
0.09827,97572.9144096748,2.526538777495357e-5
0.09828,97572.6704896463,2.5257994732092248e-5
0.09829,97572.4265702278,2.5250556526485232e-5
0.0983,97572.1826514193,2.5243065397298964e-5
0.09831,97571.93873322078,2.5235519762020128e-5
0.09832,97571.69481563226,2.5227924216455633e-5
0.09833,97571.45089865373,2.5220289534732655e-5
0.09834,97571.20698228518,2.5212632669298568e-5
0.09835,97570.96306652662,2.5204976750920984e-5
0.09836,97570.71915137804,2.5197351088687778e-5
0.09837,97570.47523683944,2.5189791170007027e-5
0.09838,97570.23132291084,2.518233729368592e-5
0.09839,97569.9874095922,2.5174963895641225e-5
0.0984,97569.74349688356,2.5167618815913274e-5
0.09841,97569.49958478488,2.5160273122131492e-5
0.09842,97569.25567329618,2.5152904058785674e-5
0.09843,97569.01176241746,2.5145495047225985e-5
0.09844,97568.76785214871,2.513803568566299e-5
0.09845,97568.52394248992,2.5130521749167594e-5
0.09846,97568.28003344111,2.5122955189671074e-5
0.09847,97568.03612500227,2.5115344135965102e-5
0.09848,97567.7922171734,2.5107702893701704e-5
0.09849,97567.54830995448,2.5100051945393272e-5
0.0985,97567.30440334554,2.5092417950412573e-5
0.09851,97567.06049734655,2.508483374499277e-5
0.09852,97566.81659195753,2.507733834222736e-5
0.09853,97566.57268717846,2.5069949003931394e-5
0.09854,97566.32878300935,2.5062604307131904e-5
0.09855,97566.0848794502,2.5055270639848887e-5
0.09856,97565.840976501,2.5047922604143452e-5
0.09857,97565.59707416175,2.504054097747858e-5
0.09858,97565.35317243246,2.5033112712719182e-5
0.09859,97565.10927131311,2.502563093813202e-5
0.0986,97564.86537080372,2.5018094957385766e-5
0.09861,97564.62147090425,2.5010510249550968e-5
0.09862,97564.37757161475,2.5002888469100088e-5
0.09863,97564.13367293519,2.4995247445907464e-5
0.09864,97563.88977486557,2.498761118524931e-5
0.09865,97563.6458774059,2.4980009867803767e-5
0.09866,97563.40198055615,2.4972479849650832e-5
0.09867,97563.15808431635,2.496505913552487e-5
0.09868,97562.9141886865,2.4957709052728802e-5
0.09869,97562.67029366655,2.495038280092301e-5
0.0987,97562.42639925655,2.494305233536022e-5
0.09871,97562.1825054565,2.4935695785236383e-5
0.09872,97561.93861226636,2.492829745369074e-5
0.09873,97561.69471968614,2.492084781780573e-5
0.09874,97561.45082771586,2.491334352860705e-5
0.09875,97561.2069363555,2.490578741106363e-5
0.09876,97560.96304560508,2.489818846408767e-5
0.09877,97560.71915546457,2.489056186053458e-5
0.09878,97560.47526593397,2.4882928947203015e-5
0.09879,97560.2313770133,2.4875317244834903e-5
0.0988,97559.98748870255,2.4867760448115374e-5
0.09881,97559.74360100171,2.4860298425672827e-5
0.09882,97559.49971391079,2.4852936272016878e-5
0.09883,97559.25582742978,2.4845612306875775e-5
0.09884,97559.01194155868,2.483829544261394e-5
0.09885,97558.7680562975,2.4830961155781217e-5
0.09886,97558.52417164622,2.482359109541269e-5
0.09887,97558.28028760484,2.481617308302875e-5
0.09888,97558.03640417338,2.4808701112634993e-5
0.09889,97557.79252135182,2.48011753507223e-5
0.0989,97557.54863914015,2.4793602136266823e-5
0.09891,97557.3047575384,2.478599398072996e-5
0.09892,97557.06087654654,2.4778369568058362e-5
0.09893,97556.81699616458,2.4770753754683938e-5
0.09894,97556.57311639251,2.4763177569523894e-5
0.09895,97556.32923723034,2.4755678213980655e-5
0.09896,97556.08535867807,2.4748289424528026e-5
0.09897,97555.84148073569,2.4740962093611335e-5
0.09898,97555.59760340319,2.473365434460499e-5
0.09899,97555.35372668058,2.4726338997045313e-5
0.099,97555.10985056787,2.4718995041495386e-5
0.09901,97554.86597506504,2.4711607639545107e-5
0.09902,97554.62210017208,2.4704168123811106e-5
0.09903,97554.37822588901,2.4696673997936806e-5
0.09904,97554.13435221583,2.4689128936592425e-5
0.09905,97553.89047915253,2.4681542785474932e-5
0.09906,97553.6466066991,2.467393156130808e-5
0.09907,97553.40273485555,2.466631745184239e-5
0.09908,97553.15886362187,2.4658728815855194e-5
0.09909,97552.91499299806,2.4651200183150565e-5
0.0991,97552.67112298413,2.4643772213537077e-5
0.09911,97552.42725358007,2.463643533496742e-5
0.09912,97552.18338478588,2.4629131692182286e-5
0.09913,97551.93951660156,2.462183144333942e-5
0.09914,97551.6956490271,2.4614510916164832e-5
0.09915,97551.4517820625,2.4607152607952815e-5
0.09916,97551.20791570778,2.4599745185565905e-5
0.09917,97550.9640499629,2.459228348543491e-5
0.09918,97550.7201848279,2.4584768513558876e-5
0.09919,97550.47632030274,2.4577207445505163e-5
0.0992,97550.23245638744,2.4569613626409347e-5
0.09921,97549.98859308202,2.456200657097527e-5
0.09922,97549.74473038642,2.4554411963475068e-5
0.09923,97549.50086830069,2.4546861657749114e-5
0.09924,97549.2570068248,2.453939367720604e-5
0.09925,97549.01314595877,2.453203544727277e-5
0.09926,97548.76928570258,2.452473037282207e-5
0.09927,97548.52542605624,2.4517440859752214e-5
0.09928,97548.28156701975,2.451014056858792e-5
0.09929,97548.0377085931,2.4502809327964276e-5
0.0993,97547.79385077627,2.4495433134626776e-5
0.09931,97547.54999356931,2.4488004153431258e-5
0.09932,97547.30613697217,2.448052071734393e-5
0.09933,97547.06228098487,2.4472987327441425e-5
0.09934,97546.81842560742,2.4465414652910698e-5
0.09935,97546.57457083979,2.4457819531049102e-5
0.09936,97546.33071668199,2.445022496726436e-5
0.09937,97546.08686313403,2.444266013507459e-5
0.09938,97545.8430101959,2.4435160376108256e-5
0.09939,97545.59915786757,2.4427766093799507e-5
0.0994,97545.3553061491,2.442045351504334e-5
0.09941,97545.11145504045,2.441316984652939e-5
0.09942,97544.8676045416,2.4405886077216453e-5
0.09943,97544.6237546526,2.43985793627171e-5
0.09944,97544.37990537341,2.4391233025297752e-5
0.09945,97544.13605670402,2.438383655387859e-5
0.09946,97543.89220864448,2.4376385604033603e-5
0.09947,97543.64836119473,2.4368881997990618e-5
0.09948,97543.40451435481,2.4361333724631232e-5
0.09949,97543.16066812469,2.4353754939490854e-5
0.0995,97542.91682250438,2.434616596475868e-5
0.09951,97542.6729774939,2.4338593289277756e-5
0.09952,97542.42913309322,2.4331069568544886e-5
0.09953,97542.18528930233,2.432363362471069e-5
0.09954,97541.94144612126,2.4316304492829516e-5
0.09955,97541.69760355,2.430902124340461e-5
0.09956,97541.45376158852,2.4301749754003555e-5
0.09957,97541.20992023686,2.429446450286964e-5
0.09958,97540.96607949497,2.42871461334428e-5
0.09959,97540.7222393629,2.4279781454359568e-5
0.0996,97540.47839984063,2.42723634394531e-5
0.09961,97540.23456092815,2.4264891227753174e-5
0.09962,97539.99072262546,2.4257370123486217e-5
0.09963,97539.74688493255,2.4249811596075245e-5
0.09964,97539.50304784944,2.4242233280139898e-5
0.09965,97539.25921137612,2.423465897549647e-5
0.09966,97539.01537551258,2.4227118647157847e-5
0.09967,97538.77154025884,2.421964842533354e-5
0.09968,97538.52770561486,2.4212286930753223e-5
0.09969,97538.28387158069,2.420499813491863e-5
0.0997,97538.04003815628,2.4197734149933668e-5
0.09971,97537.79620534166,2.4190466772322183e-5
0.09972,97537.5523731368,2.4183173962347947e-5
0.09973,97537.30854154173,2.417583984401469e-5
0.09974,97537.06471055643,2.4168454705066063e-5
0.09975,97536.82088018091,2.4161014996985646e-5
0.09976,97536.57705041516,2.4153523334996992e-5
0.09977,97536.33322125916,2.4145988498063555e-5
0.09978,97536.08939271295,2.413842542888874e-5
0.09979,97535.84556477651,2.4130855233915887e-5
0.0998,97535.60173744982,2.412330518332829e-5
0.09981,97535.3579107329,2.4115808711049162e-5
0.09982,97535.11408462573,2.410840541474164e-5
0.09983,97534.87025912835,2.4101103852503005e-5
0.09984,97534.62643424071,2.4093842056887632e-5
0.09985,97534.38260996282,2.408658842995608e-5
0.09986,97534.1387862947,2.4079318244433045e-5
0.09987,97533.89496323634,2.407201293533012e-5
0.09988,97533.65114078771,2.4064660099945738e-5
0.09989,97533.40731894884,2.4057253497865213e-5
0.0999,97533.16349771972,2.404979305096074e-5
0.09991,97532.91967710036,2.4042284843391374e-5
0.09992,97532.67585709074,2.4034741121603036e-5
0.09993,97532.43203769086,2.4027180294328517e-5
0.09994,97532.18821890073,2.4019626932587504e-5
0.09995,97531.94440072034,2.401211176968652e-5
0.09996,97531.7005831497,2.4004671701218978e-5
0.09997,97531.45676618878,2.3997341982027966e-5
0.09998,97531.21294983762,2.3990076515107302e-5
0.09999,97530.96913409617,2.3982831976857946e-5
0.1,97530.72531896447,2.3975580948128007e-5
0.10001,97530.4815044425,2.3968302170599304e-5
0.10002,97530.23769053027,2.396098054678731e-5
0.10003,97529.99387722777,2.3953607140041197e-5
0.10004,97529.75006453498,2.3946179174543794e-5
0.10005,97529.50625245193,2.393870003531165e-5
0.10006,97529.26244097861,2.3931179268194973e-5
0.10007,97529.01863011501,2.3923632579877638e-5
0.10008,97528.77481986112,2.391608183787724e-5
0.10009,97528.53101021698,2.390855507054503e-5
0.1001,97528.28720118254,2.3901086467065943e-5
0.10011,97528.04339275781,2.3893716377458588e-5
0.10012,97527.79958494281,2.3886440816271314e-5
0.10013,97527.55577773752,2.387920015971412e-5
0.10014,97527.31197114196,2.3871964281632962e-5
0.10015,97527.06816515609,2.3864709226045707e-5
0.10016,97526.82435977993,2.3857417196350768e-5
0.10017,97526.58055501348,2.385007655532714e-5
0.10018,97526.33675085675,2.384268182513439e-5
0.10019,97526.09294730972,2.383523368731267e-5
0.1002,97525.84914437239,2.3827738982782696e-5
0.10021,97525.60534204477,2.3820210711845754e-5
0.10022,97525.36154032683,2.38126680341837e-5
0.10023,97525.11773921862,2.3805136268859e-5
0.10024,97524.87393872009,2.3797646894314648e-5
0.10025,97524.63013883126,2.379023754837423e-5
0.10026,97524.38633955213,2.3782938507552018e-5
0.10027,97524.14254088269,2.377569597472335e-5
0.10028,97523.89874282294,2.3768470696739405e-5
0.10029,97523.65494537288,2.3761236015602364e-5
0.1003,97523.41114853251,2.375397143124544e-5
0.10031,97523.16735230183,2.374666260153279e-5
0.10032,97522.92355668083,2.373930134225957e-5
0.10033,97522.67976166951,2.3731885627151954e-5
0.10034,97522.43596726788,2.372441958786707e-5
0.10035,97522.19217347594,2.3716913513993056e-5
0.10036,97521.94838029367,2.370938385304901e-5
0.10037,97521.70458772108,2.3701853210485074e-5
0.10038,97521.46079575816,2.3694350349682327e-5
0.10039,97521.21700440493,2.3686910191952864e-5
0.1004,97520.97321366136,2.3679573396797526e-5
0.10041,97520.72942352746,2.3672322672573864e-5
0.10042,97520.48563400324,2.3665102893538234e-5
0.10043,97520.24184508869,2.3657884695329318e-5
0.10044,97519.9980567838,2.365064487007047e-5
0.10045,97519.75426908859,2.3643366366369656e-5
0.10046,97519.51048200304,2.3636038289319508e-5
0.10047,97519.26669552714,2.3628655900497277e-5
0.10048,97519.02290966091,2.3621220617964902e-5
0.10049,97518.77912440435,2.3613740016268935e-5
0.1005,97518.53533975744,2.360622782644056e-5
0.10051,97518.29155572018,2.359870393599566e-5
0.10052,97518.04777229257,2.3591194388934706e-5
0.10053,97517.80398947463,2.3583731385742844e-5
0.10054,97517.56020726633,2.3576353283389846e-5
0.10055,97517.3164256677,2.3569083764157554e-5
0.10056,97517.0726446787,2.356186382623616e-5
0.10057,97516.82886429936,2.355465766925808e-5
0.10058,97516.58508452967,2.3547439373218974e-5
0.10059,97516.34130536961,2.354018917315201e-5
0.1006,97516.0975268192,2.35328934591279e-5
0.10061,97515.85374887842,2.3525544776254892e-5
0.10062,97515.6099715473,2.3518141824678775e-5
0.10063,97515.36619482581,2.3510689459582857e-5
0.10064,97515.12241871396,2.350319869118799e-5
0.10065,97514.87864321173,2.349568668475254e-5
0.10066,97514.63486831915,2.3488176760572446e-5
0.10067,97514.3910940362,2.348069839398115e-5
0.10068,97514.14732036287,2.347328721534962e-5
0.10069,97513.90354729918,2.346598302404219e-5
0.1007,97513.65977484512,2.3458756706769217e-5
0.10071,97513.41600300068,2.345155759320676e-5
0.10072,97513.17223176587,2.344435704691954e-5
0.10073,97512.92846114068,2.3437132585060714e-5
0.10074,97512.68469112512,2.3429867878371788e-5
0.10075,97512.44092171917,2.3422552751182672e-5
0.10076,97512.19715292283,2.3415183181411702e-5
0.10077,97511.95338473613,2.3407761300565572e-5
0.10078,97511.70961715904,2.3400295393739383e-5
0.10079,97511.46585019155,2.3392799899616622e-5
0.1008,97511.22208383368,2.3385295410469202e-5
0.10081,97510.97831808543,2.33778086721574e-5
0.10082,97510.73455294679,2.3370372584129874e-5
0.10083,97510.49078841774,2.336302619942373e-5
0.10084,97510.2470244983,2.3355785009229244e-5
0.10085,97510.00326118847,2.3348587379124568e-5
0.10086,97509.75949848825,2.3341400247523207e-5
0.10087,97509.51573639763,2.333419840939741e-5
0.10088,97509.2719749166,2.3326962811857175e-5
0.10089,97509.02821404519,2.3319680554150274e-5
0.1009,97508.78445378336,2.331234488766224e-5
0.10091,97508.54069413112,2.3304955215916408e-5
0.10092,97508.2969350885,2.3297517094573856e-5
0.10093,97508.05317665545,2.3290042231433427e-5
0.10094,97507.809418832,2.328254848643177e-5
0.10095,97507.56566161814,2.3275059871643274e-5
0.10096,97507.32190501387,2.3267606551280105e-5
0.10097,97507.07814901919,2.326022484169219e-5
0.10098,97506.83439363408,2.325295247475464e-5
0.10099,97506.59063885857,2.3245750199900562e-5
0.101,97506.34688469264,2.3238571586227565e-5
0.10101,97506.10313113627,2.323138870222836e-5
0.10102,97505.8593781895,2.322417976708204e-5
0.10103,97505.61562585231,2.3216929150654104e-5
0.10104,97505.37187412468,2.3209627373496447e-5
0.10105,97505.12812300664,2.32022711068474e-5
0.10106,97504.88437249817,2.3194863172631656e-5
0.10107,97504.64062259927,2.3187412543460337e-5
0.10108,97504.39687330993,2.3179934342630944e-5
0.10109,97504.15312463017,2.317244984412742e-5
0.1011,97503.90937655997,2.3164986472620072e-5
0.10111,97503.66562909934,2.3157577803465618e-5
0.10112,97503.42188224828,2.3150263562707205e-5
0.10113,97503.17813600677,2.3143049494092573e-5
0.10114,97502.93439037482,2.3135873933800915e-5
0.10115,97502.69064535244,2.3128705773116317e-5
0.10116,97502.44690093961,2.3121520498980567e-5
0.10117,97502.20315713635,2.31142997475718e-5
0.10118,97501.95941394263,2.3107031304304527e-5
0.10119,97501.71567135847,2.3099709103829654e-5
0.1012,97501.47192938386,2.3092333230034436e-5
0.10121,97501.2281880188,2.308490991604251e-5
0.10122,97500.98444726328,2.3077451544213884e-5
0.10123,97500.74070711731,2.3069976646144954e-5
0.10124,97500.4969675809,2.306250990266848e-5
0.10125,97500.25322865402,2.3055082143853574e-5
0.10126,97500.00949033668,2.3047730349005772e-5
0.10127,97499.76575262888,2.3040488970333644e-5
0.10128,97499.52201553063,2.303331042487258e-5
0.10129,97499.27827904192,2.3026152189314766e-5
0.1013,97499.03454316274,2.3018987014045438e-5
0.10131,97498.79080789309,2.3011793797240003e-5
0.10132,97498.54707323298,2.3004557584864075e-5
0.10133,97498.30333918241,2.2997269570673455e-5
0.10134,97498.05960574136,2.2989927096214173e-5
0.10135,97497.81587290984,2.298253365082242e-5
0.10136,97497.57214068784,2.2975098871624588e-5
0.10137,97497.32840907539,2.29676385435373e-5
0.10138,97497.08467807244,2.2960174599267336e-5
0.10139,97496.84094767903,2.2952735119311693e-5
0.1014,97496.59721789512,2.2945354331957548e-5
0.10141,97496.35348872075,2.293807261328231e-5
0.10142,97496.10976015589,2.293088446331436e-5
0.10143,97495.86603220055,2.292373078099729e-5
0.10144,97495.62230485471,2.2916581575360606e-5
0.10145,97495.3785781184,2.2909413002273362e-5
0.10146,97495.13485199159,2.2902207363950787e-5
0.10147,97494.89112647431,2.289495310895425e-5
0.10148,97494.64740156652,2.28876448321913e-5
0.10149,97494.40367726824,2.2880283274915624e-5
0.1015,97494.15995357948,2.287287532472705e-5
0.10151,97493.91623050021,2.2865434015571592e-5
0.10152,97493.67250803045,2.2857978527741394e-5
0.10153,97493.42878617019,2.285053418787476e-5
0.10154,97493.18506491942,2.2843132468956145e-5
0.10155,97492.94134427817,2.2835810990316176e-5
0.10156,97492.69762424639,2.282859972750935e-5
0.10157,97492.45390482413,2.2821444646699015e-5
0.10158,97492.21018601135,2.281430670818341e-5
0.10159,97491.96646780806,2.2807159321241137e-5
0.1016,97491.72275021426,2.279998204005235e-5
0.10161,97491.47903322996,2.27927605636988e-5
0.10162,97491.23531685515,2.2785486736163845e-5
0.10163,97490.99160108982,2.277815854633241e-5
0.10164,97490.74788593396,2.277078012799101e-5
0.10165,97490.5041713876,2.276336175982774e-5
0.10166,97490.26045745071,2.2755919865432314e-5
0.10167,97490.01674412332,2.2748477013296e-5
0.10168,97489.77303140539,2.2741061916811652e-5
0.10169,97489.52931929695,2.273370943427375e-5
0.1017,97489.28560779798,2.272646017391317e-5
0.10171,97489.04189690849,2.271929715689838e-5
0.10172,97488.79818662845,2.2712165203638982e-5
0.10173,97488.5544769579,2.2705034972531876e-5
0.10174,97488.31076789682,2.2697883265432247e-5
0.10175,97488.0670594452,2.269069302765361e-5
0.10176,97487.82335160305,2.2683453347967788e-5
0.10177,97487.57964437036,2.2676159458604955e-5
0.10178,97487.33593774714,2.266881273525357e-5
0.10179,97487.09223173338,2.2661420697060405e-5
0.1018,97486.84852632908,2.265399700663059e-5
0.10181,97486.60482153425,2.2646561470027538e-5
0.10182,97486.36111734886,2.263914003677299e-5
0.10183,97486.11741377292,2.2631764799847e-5
0.10184,97485.87371080645,2.2624473995687957e-5
0.10185,97485.63000844944,2.2617291958927375e-5
0.10186,97485.38630670187,2.2610160123398036e-5
0.10187,97485.14260556374,2.2603042438799393e-5
0.10188,97484.89890503508,2.259591295036922e-5
0.10189,97484.65520511585,2.2588751845362716e-5
0.1019,97484.41150580607,2.2581545453052513e-5
0.10191,97484.16780710572,2.2574286244728686e-5
0.10192,97483.92410901483,2.256697283369872e-5
0.10193,97483.68041153337,2.255960997528752e-5
0.10194,97483.43671466135,2.2552208566837446e-5
0.10195,97483.19301839877,2.2544785647708263e-5
0.10196,97482.94932274563,2.253736439927717e-5
0.10197,97482.70562770191,2.252997414493878e-5
0.10198,97482.46193326764,2.2522650350105165e-5
0.10199,97482.2182394428,2.251543298279779e-5
0.102,97481.97454622739,2.250829480551026e-5
0.10201,97481.7308536214,2.2501184472737128e-5
0.10202,97481.48716162484,2.249407326882332e-5
0.10203,97481.2434702377,2.2486938618690534e-5
0.10204,97480.99977945999,2.2479764087837282e-5
0.10205,97480.7560892917,2.2472539382338924e-5
0.10206,97480.51239973283,2.2465260348847586e-5
0.10207,97480.26871078338,2.2457928974592223e-5
0.10208,97480.02502244334,2.2450553387378595e-5
0.10209,97479.78133471272,2.2443147855589285e-5
0.1021,97479.53764759153,2.2435732788183677e-5
0.10211,97479.29396107973,2.242833473469795e-5
0.10212,97479.05027517736,2.2420986385245132e-5
0.10213,97478.80658988439,2.241372657051503e-5
0.10214,97478.56290520083,2.240657286881331e-5
0.10215,97478.31922112667,2.2399464101616767e-5
0.10216,97478.07553766192,2.2392366663117042e-5
0.10217,97477.83185480659,2.2385255211638115e-5
0.10218,97477.58817256065,2.2378110544639474e-5
0.10219,97477.3444909241,2.2370919598716133e-5
0.1022,97477.10080989696,2.236367544959859e-5
0.10221,97476.85712947922,2.2356377312152843e-5
0.10222,97476.61344967087,2.2349030540380397e-5
0.10223,97476.36977047191,2.234164662741829e-5
0.10224,97476.12609188235,2.233424320553902e-5
0.10225,97475.88241390219,2.2326844046150615e-5
0.10226,97475.6387365314,2.2319479059796594e-5
0.10227,97475.39505977002,2.2312184296156003e-5
0.10228,97475.15138361801,2.230499821748494e-5
0.10229,97474.90770807539,2.2297884631809666e-5
0.1023,97474.66403314215,2.2290795848469203e-5
0.10231,97474.4203588183,2.228370375491897e-5
0.10232,97474.17668510384,2.2276586376309746e-5
0.10233,97473.93301199874,2.2269427875487665e-5
0.10234,97473.68933950303,2.2262218552994243e-5
0.10235,97473.4456676167,2.225495484706632e-5
0.10236,97473.20199633973,2.22476393336361e-5
0.10237,97472.95832567215,2.2240280726331172e-5
0.10238,97472.71465561393,2.2232893876474446e-5
0.10239,97472.47098616509,2.2225499773084213e-5
0.1024,97472.22731732561,2.2218125542874094e-5
0.10241,97471.9836490955,2.2210804450253104e-5
0.10242,97471.73998147476,2.220357589732559e-5
0.10243,97471.49631446337,2.219644965352473e-5
0.10244,97471.25264806135,2.2189363817519995e-5
0.10245,97471.0089822687,2.218228665026851e-5
0.10246,97470.7653170854,2.2175193400348976e-5
0.10247,97470.52165251147,2.216806545259626e-5
0.10248,97470.27798854688,2.2160890328101433e-5
0.10249,97470.03432519165,2.2153661684211708e-5
0.1025,97469.79066244578,2.2146379314530477e-5
0.10251,97469.54700030926,2.213904914891729e-5
0.10252,97469.30333878209,2.21316832534879e-5
0.10253,97469.05967786426,2.212429983061421e-5
0.10254,97468.81601755579,2.2116923218924282e-5
0.10255,97468.57235785665,2.2109583893302382e-5
0.10256,97468.32869876688,2.210231846488892e-5
0.10257,97468.08504028643,2.2095163047077675e-5
0.10258,97467.84138241532,2.2088073846700072e-5
0.10259,97467.59772515357,2.2081006576847862e-5
0.1026,97467.35406850115,2.207393370528461e-5
0.10261,97467.11041245806,2.206683383458933e-5
0.10262,97466.86675702431,2.2059691702156547e-5
0.10263,97466.6231021999,2.2052498180196214e-5
0.10264,97466.37944798481,2.204525027573376e-5
0.10265,97466.13579437906,2.2037951130610072e-5
0.10266,97465.89214138263,2.203061002148153e-5
0.10267,97465.64848899553,2.2023242359819953e-5
0.10268,97465.40483721776,2.201586969191263e-5
0.10269,97465.16118604931,2.2008519698862307e-5
0.1027,97464.9175354902,2.2001226196587233e-5
0.10271,97464.6738855404,2.1994029135821082e-5
0.10272,97464.43023619991,2.1986929499740786e-5
0.10273,97464.18658746875,2.197986649489729e-5
0.10274,97463.9429393469,2.1972809654533826e-5
0.10275,97463.69929183437,2.1965734794723647e-5
0.10276,97463.45564493115,2.195862386491527e-5
0.10277,97463.21199863724,2.1951464947932498e-5
0.10278,97462.96835295265,2.1944252259974382e-5
0.10279,97462.72470787737,2.193698615061523e-5
0.1028,97462.4810634114,2.1929673102804644e-5
0.10281,97462.23741955472,2.192232573286747e-5
0.10282,97461.99377630735,2.1914962790503817e-5
0.10283,97461.7501336693,2.1907609158789063e-5
0.10284,97461.50649164052,2.1900295854173873e-5
0.10285,97461.26285022107,2.1893060026484155e-5
0.10286,97461.01920941091,2.1885934632864237e-5
0.10287,97460.77556921005,2.187886965071689e-5
0.10288,97460.53192961848,2.1871823891183377e-5
0.10289,97460.28829063619,2.186477037957028e-5
0.1029,97460.04465226321,2.18576882731222e-5
0.10291,97459.80101449952,2.1850562861021754e-5
0.10292,97459.55737734512,2.1843385564389556e-5
0.10293,97459.3137408,2.183615393628422e-5
0.10294,97459.07010486418,2.182887166170237e-5
0.10295,97458.82646953764,2.1821548557578654e-5
0.10296,97458.58283482038,2.1814200572785704e-5
0.10297,97458.3392007124,2.1806849788134156e-5
0.10298,97458.0955672137,2.179952441637268e-5
0.10299,97457.85193432428,2.1792258802187933e-5
0.103,97457.60830204414,2.178509340045552e-5
0.10301,97457.36467037328,2.1778019582274073e-5
0.10302,97457.12103931169,2.177097934348057e-5
0.10303,97456.87740885938,2.1763942914358475e-5
0.10304,97456.63377901632,2.1756886655694608e-5
0.10305,97456.39014978254,2.174979305877918e-5
0.10306,97456.14652115804,2.1742650745405752e-5
0.10307,97455.90289314279,2.1735454467871235e-5
0.10308,97455.65926573682,2.1728205108975915e-5
0.10309,97455.4156389401,2.1720909682023457e-5
0.1031,97455.17201275265,2.1713581330820864e-5
0.10311,97454.92838717446,2.170623932967852e-5
0.10312,97454.68476220554,2.169890908341015e-5
0.10313,97454.44113784586,2.1691622127332885e-5
0.10314,97454.19751409543,2.168441612726718e-5
0.10315,97453.95389095426,2.1677320124435365e-5
0.10316,97453.71026842235,2.1670279230125456e-5
0.10317,97453.4666464997,2.1663255008299683e-5
0.10318,97453.22302518628,2.1656221019049576e-5
0.10319,97452.97940448212,2.1649156951535853e-5
0.1032,97452.7357843872,2.1642048623988442e-5
0.10321,97452.49216490153,2.1634887983706443e-5
0.10322,97452.2485460251,2.162767310705815e-5
0.10323,97452.00492775792,2.1620408199481076e-5
0.10324,97451.76131009999,2.1613103595481895e-5
0.10325,97451.51769305128,2.1605775758636488e-5
0.10326,97451.27407661181,2.1598447281589915e-5
0.10327,97451.03046078158,2.159114688605646e-5
0.10328,97450.7868455606,2.1583909422819572e-5
0.10329,97450.54323094882,2.1576775413780773e-5
0.1033,97450.29961694629,2.1569727065177107e-5
0.10331,97450.05600355299,2.1562709559623156e-5
0.10332,97449.81239076892,2.1555693652280098e-5
0.10333,97449.56877859407,2.1548656225944845e-5
0.10334,97449.32516702845,2.154158029105009e-5
0.10335,97449.08155607205,2.1534454985664258e-5
0.10336,97448.83794572488,2.1527275575491513e-5
0.10337,97448.59433598693,2.1520043453871778e-5
0.10338,97448.35072685819,2.1512766141780744e-5
0.10339,97448.10711833868,2.1505457287829824e-5
0.1034,97447.86351042837,2.1498136668266188e-5
0.10341,97447.6199031273,2.149083018697278e-5
0.10342,97447.37629643542,2.1483569875468257e-5
0.10343,97447.13269035277,2.1476393892907056e-5
0.10344,97446.88908487931,2.1469326662360106e-5
0.10345,97446.64548001508,2.1462309759711854e-5
0.10346,97446.40187576004,2.1455307131142737e-5
0.10347,97446.15827211422,2.144829284885819e-5
0.10348,97445.9146690776,2.1441247111266572e-5
0.10349,97445.67106665017,2.1434156242979124e-5
0.1035,97445.42746483196,2.1427012694809986e-5
0.10351,97445.18386362294,2.141981504377618e-5
0.10352,97444.94026302312,2.141256799309766e-5
0.10353,97444.69666303249,2.1405282372197252e-5
0.10354,97444.45306365106,2.1397975136700685e-5
0.10355,97444.20946487882,2.1390669368436574e-5
0.10356,97443.96586671578,2.1383394275436466e-5
0.10357,97443.72226916192,2.137618519193477e-5
0.10358,97443.47867221726,2.1369082141739677e-5
0.10359,97443.23507588178,2.1362059099840608e-5
0.1036,97442.99148015548,2.135506432478363e-5
0.10361,97442.74788503838,2.1348069073976993e-5
0.10362,97442.50429053046,2.1341050729597007e-5
0.10363,97442.26069663171,2.13339927985881e-5
0.10364,97442.01710334215,2.1326884912662744e-5
0.10365,97441.77351066176,2.1319722828301487e-5
0.10366,97441.52991859056,2.131250842675299e-5
0.10367,97441.28632712853,2.130524971403396e-5
0.10368,97441.04273627566,2.1297960820929197e-5
0.10369,97440.79914603198,2.1290662002991567e-5
0.1037,97440.55555639746,2.1283379640542042e-5
0.10371,97440.31196737211,2.1276146238669646e-5
0.10372,97440.06837895593,2.1269000427231485e-5
0.10373,97439.82479114892,2.126196137488708e-5
0.10374,97439.58120395106,2.1254968399586093e-5
0.10375,97439.33761736238,2.124798744590926e-5
0.10376,97439.09403138286,2.1240993075588007e-5
0.10377,97438.8504460125,2.1233965973687112e-5
0.10378,97438.60686125129,2.1226892948604666e-5
0.10379,97438.36327709923,2.1219766932072094e-5
0.1038,97438.11969355633,2.121258697915414e-5
0.10381,97437.8761106226,2.120535826824891e-5
0.10382,97437.63252829801,2.1198092101087806e-5
0.10383,97437.38894658258,2.119080590273557e-5
0.10384,97437.14536547629,2.1183523221590288e-5
0.10385,97436.90178497914,2.1176273729383363e-5
0.10386,97436.65820509115,2.1169093221179525e-5
0.10387,97436.41462581231,2.1162020688643966e-5
0.10388,97436.17104714259,2.1155022824247158e-5
0.10389,97435.92746908203,2.114805080500404e-5
0.1039,97435.6838916306,2.1141076367985364e-5
0.10391,97435.44031478833,2.1134077372161895e-5
0.10392,97435.19673855517,2.1127037798404383e-5
0.10393,97434.95316293115,2.1119947749483577e-5
0.10394,97434.70958791628,2.111280345007022e-5
0.10395,97434.46601351054,2.110560724673508e-5
0.10396,97434.22243971392,2.1098367607948893e-5
0.10397,97433.97886652644,2.1091099124082405e-5
0.10398,97433.73529394808,2.1083822507406373e-5
0.10399,97433.49172197885,2.1076564592091537e-5
0.104,97433.24815061873,2.1069358334208637e-5
0.10401,97433.00457986776,2.1062242811728412e-5
0.10402,97432.76100972589,2.1055231376052362e-5
0.10403,97432.51744019314,2.104826229361611e-5
0.10404,97432.27387126953,2.1041303120942345e-5
0.10405,97432.03030295503,2.1034328886701217e-5
0.10406,97431.78673524964,2.102732074003031e-5
0.10407,97431.54316815335,2.1020265950534583e-5
0.10408,97431.2996016662,2.101315790828641e-5
0.10409,97431.05603578815,2.1005996123825593e-5
0.1041,97430.8124705192,2.099878622815931e-5
0.10411,97430.56890585937,2.0991539972762168e-5
0.10412,97430.32534180864,2.0984275229576154e-5
0.10413,97430.08177836702,2.0977015991010707e-5
0.10414,97429.8382155345,2.096979236994263e-5
0.10415,97429.5946533111,2.096264059971614e-5
0.10416,97429.35109169678,2.0955598145252548e-5
0.10417,97429.10753069156,2.0948625360523714e-5
0.10418,97428.86397029544,2.0941676148520652e-5
0.10419,97428.62041050842,2.0934722703404272e-5
0.1042,97428.3768513305,2.092774333837207e-5
0.10421,97428.13329276166,2.0920722485658058e-5
0.10422,97427.88973480191,2.0913650696532837e-5
0.10423,97427.64617745126,2.090652464130353e-5
0.10424,97427.40262070969,2.0899347109313868e-5
0.10425,97427.15906457722,2.0892127008944095e-5
0.10426,97426.91550905383,2.0884879367611015e-5
0.10427,97426.67195413951,2.087762533176802e-5
0.10428,97426.42839983429,2.0870392166905034e-5
0.10429,97426.18484613815,2.0863213257548536e-5
0.1043,97425.94129305107,2.085612810726156e-5
0.10431,97425.69774057309,2.0849143766430025e-5
0.10432,97425.45418870417,2.084219857010127e-5
0.10433,97425.21063744432,2.083526130710128e-5
0.10434,97424.96708679356,2.0828307450477482e-5
0.10435,97424.72353675187,2.082131859088578e-5
0.10436,97424.47998731925,2.081428243659056e-5
0.10437,97424.23643849569,2.080719281346469e-5
0.10438,97423.9928902812,2.0800049664989563e-5
0.10439,97423.74934267579,2.0792859052255018e-5
0.1044,97423.50579567942,2.078563315395939e-5
0.10441,97423.26224929212,2.077839026640952e-5
0.10442,97423.01870351388,2.0771154803520725e-5
0.10443,97422.77515834471,2.0763957296816796e-5
0.10444,97422.5316137846,2.0756834395430027e-5
0.10445,97422.28806983354,2.0749821589299432e-5
0.10446,97422.04452649153,2.0742873815679498e-5
0.10447,97421.80098375857,2.0735947486608388e-5
0.10448,97421.55744163466,2.0729015230769182e-5
0.10449,97421.31390011981,2.0722055793029145e-5
0.1045,97421.07035921402,2.0715054034439663e-5
0.10451,97420.82681891725,2.070800093223628e-5
0.10452,97420.58327922956,2.0700893579838706e-5
0.10453,97420.33974015088,2.069373518685079e-5
0.10454,97420.09620168126,2.0686535079060536e-5
0.10455,97419.85266382068,2.0679308698440084e-5
0.10456,97419.60912656914,2.0672077603145763e-5
0.10457,97419.36558992663,2.066486946751802e-5
0.10458,97419.12205389317,2.0657718082081456e-5
0.10459,97418.87851846873,2.0650663353544855e-5
0.1046,97418.63498365333,2.0643705631226852e-5
0.10461,97418.39144944696,2.063678433998949e-5
0.10462,97418.14791584962,2.062986913618453e-5
0.10463,97417.90438286132,2.0622935914692697e-5
0.10464,97417.66085048203,2.0615966685156434e-5
0.10465,97417.41731871178,2.0608949571979942e-5
0.10466,97417.17378755055,2.0601878814329222e-5
0.10467,97416.93025699834,2.0594754766132003e-5
0.10468,97416.68672705516,2.0587583896077777e-5
0.10469,97416.44319772099,2.0580378787617794e-5
0.1047,97416.19966899585,2.0573158138965096e-5
0.10471,97415.95614087972,2.0565946763094444e-5
0.10472,97415.7126133726,2.0558775587742385e-5
0.10473,97415.46908647449,2.0551681655407203e-5
0.10474,97415.22556018541,2.0544698084741704e-5
0.10475,97414.98203450533,2.0537775280741776e-5
0.10476,97414.73850943426,2.053087193245996e-5
0.10477,97414.49498497219,2.05239610806124e-5
0.10478,97414.25146111914,2.05170218792539e-5
0.10479,97414.00793787508,2.0510039595777993e-5
0.1048,97413.76441524003,2.05030056109169e-5
0.10481,97413.520893214,2.0495917418741574e-5
0.10482,97413.27737179694,2.0488778626661635e-5
0.10483,97413.0338509889,2.0481598955425414e-5
0.10484,97412.79033078984,2.047439423911997e-5
0.10485,97412.54681119978,2.0467186425171042e-5
0.10486,97412.30329221871,2.0460003574343076e-5
0.10487,97412.05977384665,2.0452879860739205e-5
0.10488,97411.81625608356,2.044585557034543e-5
0.10489,97411.57273892948,2.0438924041874575e-5
0.1049,97411.32922238437,2.043202669825089e-5
0.10491,97411.08570644826,2.0425133721859183e-5
0.10492,97410.84219112112,2.0418221406998695e-5
0.10493,97410.59867640297,2.0411272159883014e-5
0.10494,97410.35516229381,2.0404274498640116e-5
0.10495,97410.11164879362,2.0397223053312397e-5
0.10496,97409.8681359024,2.0390118565856612e-5
0.10497,97409.62462362018,2.0382967890143913e-5
0.10498,97409.38111194693,2.0375783991959826e-5
0.10499,97409.13760088265,2.0368585949004302e-5
0.105,97408.89409042733,2.0361398950891637e-5
0.10501,97408.650580581,2.035425429915053e-5
0.10502,97408.40707134364,2.0347189407224083e-5
0.10503,97408.16356271523,2.034023468213561e-5
0.10504,97407.9200546958,2.0333336831330887e-5
0.10505,97407.67654728533,2.0326456581999068e-5
0.10506,97407.43304048383,2.031956736452052e-5
0.10507,97407.18953429128,2.0312648719764716e-5
0.10508,97406.9460287077,2.0305686299090247e-5
0.10509,97406.70252373308,2.0298671864344857e-5
0.1051,97406.45901936741,2.029160328786539e-5
0.10511,97406.2155156107,2.0284484552477824e-5
0.10512,97405.97201246294,2.0277325751497255e-5
0.10513,97405.72850992414,2.0270143088727923e-5
0.10514,97405.48500799428,2.026295887846318e-5
0.10515,97405.24150667338,2.0255801545485494e-5
0.10516,97404.99800596143,2.024870562506647e-5
0.10517,97404.75450585842,2.024171159049499e-5
0.10518,97404.51100636437,2.0234806052958913e-5
0.10519,97404.26750747925,2.0227932721382803e-5
0.1052,97404.02400920307,2.0221062158063996e-5
0.10521,97403.78051153584,2.021417103436396e-5
0.10522,97403.53701447754,2.020724213070831e-5
0.10523,97403.29351802818,2.0200264336586822e-5
0.10524,97403.05002218776,2.0193232650553446e-5
0.10525,97402.80652695626,2.0186148180226247e-5
0.10526,97402.56303233371,2.0179018142287454e-5
0.10527,97402.31953832008,2.0171855862483475e-5
0.10528,97402.07604491539,2.0164680775624833e-5
0.10529,97401.83255211962,2.0157518425586223e-5
0.1053,97401.58905993278,2.0150400465306473e-5
0.10531,97401.34556835487,2.01433646567886e-5
0.10532,97401.10207738588,2.0136438414551755e-5
0.10533,97400.85858702581,2.012956552379428e-5
0.10534,97400.61509727465,2.012270851057658e-5
0.10535,97400.37160813244,2.011584117258949e-5
0.10536,97400.12811959912,2.0108943415163805e-5
0.10537,97399.88463167472,2.010200125127036e-5
0.10538,97399.64114435925,2.0095006801520017e-5
0.10539,97399.39765765269,2.0087958294163636e-5
0.1054,97399.15417155503,2.0080860065092087e-5
0.10541,97398.91068606629,2.007372255783626e-5
0.10542,97398.66720118644,2.0066562323567075e-5
0.10543,97398.42371691552,2.005940202109545e-5
0.10544,97398.1802332535,2.0052270416872306e-5
0.10545,97397.93675020037,2.0045202384988612e-5
0.10546,97397.69326775616,2.003823830204217e-5
0.10547,97397.44978592085,2.003135870075373e-5
0.10548,97397.20630469442,2.002450946601895e-5
0.10549,97396.96282407691,2.00176615176821e-5
0.1055,97396.71934406829,2.0010791881806737e-5
0.10551,97396.47586466857,2.000388369067574e-5
0.10552,97396.23238587772,1.9996926182791353e-5
0.10553,97395.98890769579,1.99899147028751e-5
0.10554,97395.74543012274,1.998285070186785e-5
0.10555,97395.50195315857,1.997574173692978e-5
0.10556,97395.2584768033,1.9968601471440422e-5
0.10557,97395.0150010569,1.9961449674998607e-5
0.10558,97394.77152591941,1.995431222342249e-5
0.10559,97394.52805139078,1.9947221098749552e-5
0.1056,97394.28457747104,1.994021438923662e-5
0.10561,97394.04110416018,1.9933316297861075e-5
0.10562,97393.7976314582,1.9926468395523372e-5
0.10563,97393.5541593651,1.991963477313426e-5
0.10564,97393.31068788086,1.991278957332885e-5
0.10565,97393.0672170055,1.990591304354293e-5
0.10566,97392.82374673901,1.9898991536012928e-5
0.10567,97392.5802770814,1.9892017507775955e-5
0.10568,97392.33680803266,1.9884989520669757e-5
0.10569,97392.09333959277,1.9877912241332732e-5
0.1057,97391.84987176176,1.987079644120397e-5
0.10571,97391.60640453962,1.9863658996523176e-5
0.10572,97391.36293792633,1.9856522888330735e-5
0.10573,97391.1194719219,1.984941720246767e-5
0.10574,97390.87600652633,1.9842377129575694e-5
0.10575,97390.63254173963,1.9835442700802428e-5
0.10576,97390.38907756178,1.982858900359417e-5
0.10577,97390.14561399278,1.982176396907358e-5
0.10578,97389.90215103264,1.981493885229566e-5
0.10579,97389.65868868136,1.980809101169838e-5
0.1058,97389.41522693892,1.980120390910264e-5
0.10581,97389.17176580532,1.9794267109712333e-5
0.10582,97388.92830528058,1.9787276282114264e-5
0.10583,97388.6848453647,1.9780233198278196e-5
0.10584,97388.44138605765,1.9773145733556843e-5
0.10585,97388.19792735943,1.9766027866685888e-5
0.10586,97387.95446927007,1.9758899679783936e-5
0.10587,97387.71101178955,1.9751787358352552e-5
0.10588,97387.46755491786,1.974472319127627e-5
0.10589,97387.22409865502,1.973774557082255e-5
0.1059,97386.98064300099,1.9730875332054265e-5
0.10591,97386.7371879558,1.972405246615566e-5
0.10592,97386.49373351946,1.9717242405050583e-5
0.10593,97386.25027969194,1.9710419614026037e-5
0.10594,97386.00682647325,1.970356466033645e-5
0.10595,97385.7633738634,1.969666421320369e-5
0.10596,97385.51992186236,1.9689711043817013e-5
0.10597,97385.27647047015,1.9682704025333103e-5
0.10598,97385.03301968677,1.967564813287605e-5
0.10599,97384.78956951221,1.966855444353739e-5
0.106,97384.54611994646,1.966144013637604e-5
0.10601,97384.30267098955,1.9654328492418347e-5
0.10602,97384.05922264143,1.964724889465807e-5
0.10603,97383.81577490215,1.9640236828056408e-5
0.10604,97383.57232777168,1.9633331767119043e-5
0.10605,97383.32888125001,1.962650396255177e-5
0.10606,97383.08543533715,1.9619703248535275e-5
0.10607,97382.8419900331,1.9612901193070175e-5
0.10608,97382.59854533788,1.9606075464709034e-5
0.10609,97382.35510125145,1.9599209832556343e-5
0.1061,97382.11165777383,1.959229416626854e-5
0.10611,97381.868214905,1.958532443605399e-5
0.10612,97381.62477264498,1.9578302712672967e-5
0.10613,97381.38133099377,1.957123716743772e-5
0.10614,97381.13788995135,1.9564142072212397e-5
0.10615,97380.89444951773,1.9557037799413094e-5
0.10616,97380.6510096929,1.9549950822007824e-5
0.10617,97380.40757047686,1.9542913713516565e-5
0.10618,97380.16413186963,1.9535965148011196e-5
0.10619,97379.92069387119,1.9529122499079415e-5
0.1062,97379.67725648153,1.9522324735563815e-5
0.10621,97379.43381970066,1.951553842046529e-5
0.10622,97379.19038352858,1.950873831951027e-5
0.10623,97378.94694796529,1.9501905297560808e-5
0.10624,97378.70351301077,1.9495026318614618e-5
0.10625,97378.46007866504,1.9488094445804995e-5
0.10626,97378.21664492809,1.948110884140087e-5
0.10627,97377.97321179992,1.94740747668068e-5
0.10628,97377.72977928052,1.9467003582562983e-5
0.10629,97377.48634736991,1.9459912748345216e-5
0.1063,97377.24291606806,1.9452825822964916e-5
0.10631,97376.999485375,1.9445772464369164e-5
0.10632,97376.7560552907,1.943878842964062e-5
0.10633,97376.51262581517,1.9431912464448235e-5
0.10634,97376.26919694841,1.942511055999553e-5
0.10635,97376.02576869042,1.9418334302050773e-5
0.10636,97375.7823410412,1.9411555549400063e-5
0.10637,97375.53891400073,1.9404752258547608e-5
0.10638,97375.29548756903,1.9397908483715757e-5
0.10639,97375.05206174609,1.939101437684494e-5
0.1064,97374.8086365319,1.938406618759371e-5
0.10641,97374.56521192649,1.9377066263338723e-5
0.10642,97374.32178792982,1.9370023049174764e-5
0.10643,97374.0783645419,1.936295108791471e-5
0.10644,97373.83494176275,1.9355871020089544e-5
0.10645,97373.59151959234,1.9348809583948395e-5
0.10646,97373.34809803068,1.934179961545846e-5
0.10647,97373.10467707778,1.9334880048305078e-5
0.10648,97372.86125673362,1.9328064762967103e-5
0.10649,97372.61783699821,1.932129218411814e-5
0.1065,97372.37441787153,1.931452981266359e-5
0.10651,97372.1309993536,1.9307752692637723e-5
0.10652,97371.88758144442,1.9300941964374772e-5
0.10653,97371.64416414397,1.929408486450896e-5
0.10654,97371.40074745227,1.928717472597446e-5
0.10655,97371.15733136928,1.92802109780054e-5
0.10656,97370.91391589504,1.9273199146135915e-5
0.10657,97370.67050102954,1.9266150852200074e-5
0.10658,97370.42708677278,1.9259083814331922e-5
0.10659,97370.18367312473,1.9252021846965468e-5
0.1066,97369.94026008541,1.924499486083471e-5
0.10661,97369.69684765482,1.9238038862973584e-5
0.10662,97369.45343583297,1.9231191737678644e-5
0.10663,97369.21002461984,1.9224415758107305e-5
0.10664,97368.96661401543,1.9217664105870982e-5
0.10665,97368.72320401973,1.9210908908411077e-5
0.10666,97368.47979463276,1.9204128388052818e-5
0.10667,97368.2363858545,1.9197306862005305e-5
0.10668,97367.99297768496,1.9190434742361445e-5
0.10669,97367.74957012414,1.9183508536097996e-5
0.1067,97367.50616317203,1.9176530845075553e-5
0.10671,97367.26275682864,1.916951036603857e-5
0.10672,97367.01935109396,1.9162461890615318e-5
0.10673,97366.77594596798,1.91554063053179e-5
0.10674,97366.53254145071,1.91483705915423e-5
0.10675,97366.28913754215,1.9141387825568303e-5
0.10676,97366.04573424229,1.913449717855955e-5
0.10677,97365.80233155112,1.912770906714558e-5
0.10678,97365.55892946868,1.9120961770279926e-5
0.10679,97365.31552799493,1.9114223552149584e-5
0.1068,97365.07212712987,1.9107469712945533e-5
0.10681,97364.8287268735,1.910068164632971e-5
0.10682,97364.58532722584,1.9093846839434963e-5
0.10683,97364.34192818687,1.9086958872865088e-5
0.10684,97364.0985297566,1.908001742069481e-5
0.10685,97363.85513193501,1.9073028250469823e-5
0.10686,97363.61173472212,1.906600322320672e-5
0.10687,97363.3683381179,1.905896029339304e-5
0.10688,97363.12494212238,1.9051923508987284e-5
0.10689,97362.88154673555,1.904492301141887e-5
0.1069,97362.63815195739,1.903799503558815e-5
0.10691,97362.39475778793,1.9031176511633212e-5
0.10692,97362.15136422713,1.9024426497380916e-5
0.10693,97361.90797127501,1.901769961331764e-5
0.10694,97361.66457893158,1.9010968233386363e-5
0.10695,97361.42118719681,1.900421082358995e-5
0.10696,97361.17779607073,1.8997411941991235e-5
0.10697,97360.93440555331,1.8990562238712933e-5
0.10698,97360.69101564457,1.8983658455937684e-5
0.10699,97360.4476263445,1.8976703427908078e-5
0.107,97360.20423765309,1.8969706080926594e-5
0.10701,97359.96084957036,1.8962681433355637e-5
0.10702,97359.71746209628,1.8955650595617535e-5
0.10703,97359.47407523087,1.894864077019455e-5
0.10704,97359.23068897412,1.894168525162885e-5
0.10705,97358.98730332602,1.893482342652252e-5
0.10706,97358.7439182866,1.8928062335478317e-5
0.10707,97358.50053385583,1.8921340431283316e-5
0.10708,97358.2571500337,1.8914626586678165e-5
0.10709,97358.01376682024,1.890789633590341e-5
0.1071,97357.77038421543,1.8901131303849416e-5
0.10711,97357.52700221927,1.8894319206056355e-5
0.10712,97357.28362083176,1.888745384871418e-5
0.10713,97357.0402400529,1.8880535128662698e-5
0.10714,97356.79685988268,1.8873569033391486e-5
0.10715,97356.55348032112,1.8866567641039952e-5
0.10716,97356.3101013682,1.8859549120397285e-5
0.10717,97356.06672302392,1.8852537730902525e-5
0.10718,97355.82334528827,1.884556382264449e-5
0.10719,97355.57996816127,1.8838663836361808e-5
0.1072,97355.33659164289,1.8831873693908216e-5
0.10721,97355.09321573317,1.8825149699440232e-5
0.10722,97354.84984043207,1.8818447757173497e-5
0.10723,97354.6064657396,1.8811740465487984e-5
0.10724,97354.36309165577,1.8805006512004434e-5
0.10725,97354.11971818058,1.8798230673584274e-5
0.10726,97353.876345314,1.879140381632967e-5
0.10727,97353.63297305605,1.8784522895583503e-5
0.10728,97353.38960140673,1.8777590955929414e-5
0.10729,97353.14623036604,1.8770617131191745e-5
0.1073,97352.90285993397,1.8763616644435553e-5
0.10731,97352.65949011051,1.875661080796666e-5
0.10732,97352.41612089568,1.874962702333158e-5
0.10733,97352.17275228945,1.874269878131757e-5
0.10734,97351.92938429186,1.8735865661952595e-5
0.10735,97351.68601690287,1.872913147284141e-5
0.10736,97351.4426501225,1.87224350838943e-5
0.10737,97351.19928395073,1.8715745842211403e-5
0.10738,97350.95591838758,1.870903949405638e-5
0.10739,97350.71255343304,1.870229787352461e-5
0.1074,97350.4691890871,1.8695508902543125e-5
0.10741,97350.22582534977,1.8688666590870638e-5
0.10742,97349.98246222104,1.8681771036097585e-5
0.10743,97349.73909970092,1.8674828423646056e-5
0.10744,97349.4957377894,1.8667851026769837e-5
0.10745,97349.25237648649,1.8660857206554383e-5
0.10746,97349.00901579215,1.8653871411916874e-5
0.10747,97348.76565570643,1.864692417960614e-5
0.10748,97348.52229622929,1.8640052134202697e-5
0.10749,97348.27893736075,1.8633290172251955e-5
0.1075,97348.0355791008,1.8626592264558964e-5
0.10751,97347.79222144945,1.8619915447664897e-5
0.10752,97347.54886440668,1.861323252238713e-5
0.10753,97347.3055079725,1.860652237596704e-5
0.10754,97347.0621521469,1.8599769982069958e-5
0.10755,97346.81879692989,1.859296640078518e-5
0.10756,97346.57544232147,1.8586108778625997e-5
0.10757,97346.33208832162,1.857920034852966e-5
0.10758,97346.08873493035,1.8572250429857398e-5
0.10759,97345.84538214766,1.8565274428394393e-5
0.1076,97345.60202997355,1.8558293836349845e-5
0.10761,97345.35867840801,1.855133623235689e-5
0.10762,97345.11532745104,1.8544435281472644e-5
0.10763,97344.87197710265,1.853763073517819e-5
0.10764,97344.62862736284,1.8530923362908646e-5
0.10765,97344.38527823158,1.8524252622376886e-5
0.10766,97344.1419297089,1.851758822121523e-5
0.10767,97343.89858179478,1.8510906095730846e-5
0.10768,97343.65523448923,1.8504188267247855e-5
0.10769,97343.41188779223,1.8497422842107363e-5
0.1077,97343.16854170381,1.849060401166744e-5
0.10771,97342.92519622394,1.848373205230318e-5
0.10772,97342.68185135262,1.8476813325406614e-5
0.10773,97342.43850708987,1.8469860277386754e-5
0.10774,97342.19516343567,1.8462891439669627e-5
0.10775,97341.95182039002,1.8455931428698203e-5
0.10776,97341.70847795293,1.844901094593245e-5
0.10777,97341.46513612439,1.8442166777849297e-5
0.10778,97341.2217949044,1.843543281372379e-5
0.10779,97340.97845429296,1.8428761070872682e-5
0.1078,97340.73511429004,1.842210957173955e-5
0.10781,97340.4917748957,1.8415451297614926e-5
0.10782,97340.24843610989,1.8408765313401113e-5
0.10783,97340.00509793262,1.8402036767612248e-5
0.10784,97339.76176036388,1.8395256892374258e-5
0.10785,97339.51842340369,1.838842300342492e-5
0.10786,97339.27508705204,1.8381538500113796e-5
0.10787,97339.03175130892,1.8374612865402264e-5
0.10788,97338.78841617434,1.836766166586351e-5
0.10789,97338.54508164828,1.8360706551682555e-5
0.1079,97338.30174773076,1.8353775256656206e-5
0.10791,97338.05841442177,1.8346901598193087e-5
0.10792,97337.8150817213,1.8340125477313656e-5
0.10793,97337.57174962937,1.8333444867898533e-5
0.10794,97337.32841814595,1.8326799918267808e-5
0.10795,97337.08508727106,1.8320160602430142e-5
0.10796,97336.8417570047,1.831350302478302e-5
0.10797,97336.59842734685,1.830680937193335e-5
0.10798,97336.35509829751,1.8300067912697497e-5
0.10799,97336.11176985671,1.8293272998101317e-5
0.108,97335.86844202441,1.82864250613801e-5
0.10801,97335.62511480064,1.8279530617978598e-5
0.10802,97335.38178818536,1.8272602265551016e-5
0.10803,97335.13846217861,1.8265658683961045e-5
0.10804,97334.89513678037,1.8258724635281806e-5
0.10805,97334.65181199062,1.825183096379589e-5
0.10806,97334.40848780939,1.8245014595995334e-5
0.10807,97334.16516423666,1.8238308464396415e-5
0.10808,97333.92184127244,1.8231662974088153e-5
0.10809,97333.67851891673,1.8225036992727308e-5
0.1081,97333.4351971695,1.821840366014508e-5
0.10811,97333.19187603077,1.8211742196979838e-5
0.10812,97332.94855550055,1.820503790467713e-5
0.10813,97332.70523557882,1.819828216548968e-5
0.10814,97332.46191626559,1.8191472442477425e-5
0.10815,97332.21859756084,1.8184612279507447e-5
0.10816,97331.9752794646,1.8177711301254014e-5
0.10817,97331.73196197684,1.81707852131986e-5
0.10818,97331.48864509756,1.816385580162984e-5
0.10819,97331.24532882679,1.8156950933643553e-5
0.1082,97331.00201316449,1.8150104557142733e-5
0.10821,97330.75869811067,1.8143356700837577e-5
0.10822,97330.51538366533,1.8136702828643944e-5
0.10823,97330.27206982848,1.8130083820214293e-5
0.10824,97330.0287566001,1.8123469840354166e-5
0.10825,97329.7854439802,1.8116837139685535e-5
0.10826,97329.54213196879,1.811016804823386e-5
0.10827,97329.29882056585,1.8103450975428092e-5
0.10828,97329.05550977137,1.80966804101007e-5
0.10829,97328.81219958537,1.8089856920487608e-5
0.1083,97328.56889000784,1.808298715422825e-5
0.10831,97328.32558103878,1.8076083838365542e-5
0.10832,97328.08227267819,1.806916577934591e-5
0.10833,97327.83896492605,1.8062257863019258e-5
0.10834,97327.5956577824,1.8055391054638963e-5
0.10835,97327.35235124719,1.8048602398861937e-5
0.10836,97327.10904532045,1.8041923950991822e-5
0.10837,97326.86574000218,1.8035304809110487e-5
0.10838,97326.62243529235,1.8028704551761128e-5
0.10839,97326.37913119097,1.8022096455491128e-5
0.1084,97326.13582769806,1.8015459874849186e-5
0.10841,97325.89252481361,1.8008780242385337e-5
0.10842,97325.6492225376,1.8002049068650972e-5
0.10843,97325.40592087005,1.7995263942198795e-5
0.10844,97325.16261981093,1.7988428529582856e-5
0.10845,97324.91931936027,1.7981552575358527e-5
0.10846,97324.67601951805,1.7974651902082545e-5
0.10847,97324.43272028428,1.796774841031296e-5
0.10848,97324.18942165896,1.7960870078609158e-5
0.10849,97323.94612364208,1.795405096353185e-5
0.1085,97323.70282623362,1.794733119814868e-5
0.10851,97323.45952943362,1.79407040643558e-5
0.10852,97323.21623324204,1.793411115414689e-5
0.10853,97322.97293765891,1.7927522765952593e-5
0.10854,97322.72964268421,1.7920915274802558e-5
0.10855,97322.48634831794,1.79142711323255e-5
0.10856,97322.2430545601,1.7907578866749144e-5
0.10857,97321.99976141067,1.7900833082900304e-5
0.10858,97321.75646886969,1.7894034462204793e-5
0.10859,97321.51317693714,1.7887189762687473e-5
0.1086,97321.269885613,1.7880311818972273e-5
0.10861,97321.02659489728,1.7873419542282127e-5
0.10862,97320.78330478999,1.786653792043903e-5
0.10863,97320.54001529112,1.7859698017864002e-5
0.10864,97320.29672640067,1.7852936975577138e-5
0.10865,97320.05343811863,1.784628607700833e-5
0.10866,97319.81015044502,1.783969338631867e-5
0.10867,97319.5668633798,1.7833119064569622e-5
0.10868,97319.32357692301,1.782653650323036e-5
0.10869,97319.08029107463,1.7819925168967413e-5
0.1087,97318.83700583465,1.781327060364465e-5
0.10871,97318.59372120308,1.7806564424323308e-5
0.10872,97318.35043717994,1.7799804323261948e-5
0.10873,97318.10715376517,1.7792994067916485e-5
0.10874,97317.86387095883,1.778614350094017e-5
0.10875,97317.62058876087,1.777926854018363e-5
0.10876,97317.37730717132,1.7772391178694802e-5
0.10877,97317.13402619016,1.7765539484718983e-5
0.10878,97316.8907458174,1.775874760169883e-5
0.10879,97316.64746605305,1.7752055729713205e-5
0.1088,97316.40418689708,1.774545537141194e-5
0.10881,97316.16090834951,1.7738888721951007e-5
0.10882,97315.91763041033,1.773232618519297e-5
0.10883,97315.67435307954,1.7725744238798157e-5
0.10884,97315.43107635713,1.7719125434224664e-5
0.10885,97315.18780024312,1.771245839672839e-5
0.10886,97314.94452473748,1.7705737825362992e-5
0.10887,97314.70124984023,1.76989644929799e-5
0.10888,97314.45797555136,1.7692145246228323e-5
0.10889,97314.21470187088,1.768529300555526e-5
0.1089,97313.97142879876,1.767842676520548e-5
0.10891,97313.72815633503,1.7671571593221503e-5
0.10892,97313.48488447968,1.7664758631443668e-5
0.10893,97313.24161323269,1.7658025095510067e-5
0.10894,97312.99834259407,1.765140162423781e-5
0.10895,97312.75507256384,1.764483549313755e-5
0.10896,97312.51180314197,1.763828732293831e-5
0.10897,97312.26853432847,1.763173059824725e-5
0.10898,97312.02526612334,1.7625144876072715e-5
0.10899,97311.78199852657,1.7618515785824204e-5
0.109,97311.53873153817,1.7611835029312424e-5
0.10901,97311.29546515812,1.760510038074921e-5
0.10902,97311.05219938644,1.7598315686747576e-5
0.10903,97310.80893422311,1.759149086632173e-5
0.10904,97310.56566966815,1.7584641910887024e-5
0.10905,97310.32240572154,1.7577790884259983e-5
0.10906,97310.07914238329,1.7570965922658305e-5
0.10907,97309.83587965337,1.756420123470087e-5
0.10908,97309.59261753183,1.755753705635339e-5
0.10909,97309.34935601863,1.7550963522563953e-5
0.1091,97309.10609511378,1.7544423300761112e-5
0.10911,97308.86283481726,1.7537886878462408e-5
0.10912,97308.61957512911,1.7531330814191963e-5
0.10913,97308.3763160493,1.7524737737480433e-5
0.10914,97308.13305757781,1.7518096348865068e-5
0.10915,97307.88979971469,1.7511401419889647e-5
0.10916,97307.64654245989,1.750465379310452e-5
0.10917,97307.40328581343,1.749786038206658e-5
0.10918,97307.1600297753,1.7491034171339307e-5
0.10919,97306.91677434552,1.748419421649272e-5
0.1092,97306.67351952406,1.7477365644103383e-5
0.10921,97306.43026531095,1.747057965175446e-5
0.10922,97306.18701170615,1.746387350803563e-5
0.10923,97305.94375870969,1.7457277352181964e-5
0.10924,97305.70050632156,1.7450737893262782e-5
0.10925,97305.45725454175,1.7444216093628534e-5
0.10926,97305.21400337026,1.7437685509304302e-5
0.10927,97304.9707528071,1.743112576592645e-5
0.10928,97304.72750285226,1.742452255874265e-5
0.10929,97304.48425350573,1.7417867652611836e-5
0.1093,97304.24100476752,1.7411158882004243e-5
0.10931,97303.99775663763,1.7404400151001365e-5
0.10932,97303.75450911606,1.739760143329602e-5
0.10933,97303.5112622028,1.739077877219229e-5
0.10934,97303.26801589785,1.7383954280605524e-5
0.10935,97303.02477020121,1.73771561410624e-5
0.10936,97302.78152511288,1.7370418605700845e-5
0.10937,97302.53828063286,1.7363781925272286e-5
0.10938,97302.29503676113,1.7357235269137732e-5
0.10939,97302.05179349773,1.7350721644844767e-5
0.1094,97301.80855084262,1.7344211601903014e-5
0.10941,97301.5653087958,1.7337681758038804e-5
0.10942,97301.3220673573,1.7331114799195158e-5
0.10943,97301.07882652708,1.7324499479531817e-5
0.10944,97300.83558630517,1.7317830621425197e-5
0.10945,97300.59234669154,1.7311109115468418e-5
0.10946,97300.34910768623,1.730434192047131e-5
0.10947,97300.10586928918,1.7297542063460383e-5
0.10948,97299.86263150044,1.7290728639678855e-5
0.10949,97299.61939431999,1.7283926812586628e-5
0.1095,97299.37615774781,1.727716781386033e-5
0.10951,97299.13292178394,1.7270488943393262e-5
0.10952,97298.88968642835,1.7263919999001044e-5
0.10953,97298.64645168102,1.725740732780167e-5
0.10954,97298.403217542,1.7250912119726827e-5
0.10955,97298.15998401125,1.7244407980585228e-5
0.10956,97297.91675108876,1.723787458300789e-5
0.10957,97297.67351877457,1.72312976664482e-5
0.10958,97297.43028706865,1.722466903718183e-5
0.10959,97297.187055971,1.7217986568306787e-5
0.1096,97296.94382548162,1.7211254199743433e-5
0.10961,97296.70059560052,1.7204481938234427e-5
0.10962,97296.45736632768,1.7197685857344772e-5
0.10963,97296.21413766312,1.719088809746178e-5
0.10964,97295.97090960681,1.7184116865795124e-5
0.10965,97295.72768215877,1.7177406436376774e-5
0.10966,97295.48445531899,1.7170797060882075e-5
0.10967,97295.24122908748,1.716427733829921e-5
0.10968,97294.99800346424,1.7157790483344755e-5
0.10969,97294.75477844923,1.715130708590084e-5
0.1097,97294.5115540425,1.714480380127883e-5
0.10971,97294.26833024401,1.7138263350219335e-5
0.10972,97294.02510705379,1.713167451889215e-5
0.10973,97293.78188447181,1.71250321588963e-5
0.10974,97293.53866249809,1.7118337187260028e-5
0.10975,97293.29544113262,1.7111596586440818e-5
0.10976,97293.0522203754,1.7104823404325345e-5
0.10977,97292.8090002264,1.7098036754229503e-5
0.10978,97292.56578068568,1.709126181489844e-5
0.10979,97292.32256175319,1.7084529830506486e-5
0.1098,97292.07934342892,1.707787811065721e-5
0.10981,97291.83612571293,1.7071336278773297e-5
0.10982,97291.59290860515,1.7064850512600473e-5
0.10983,97291.34969210562,1.7058382118251942e-5
0.10984,97291.10647621432,1.7051904729708285e-5
0.10985,97290.86326093125,1.7045398044988667e-5
0.10986,97290.62004625643,1.7038847826150867e-5
0.10987,97290.37683218982,1.7032245899291223e-5
0.10988,97290.13361873146,1.7025590154544666e-5
0.10989,97289.8904058813,1.701888454608473e-5
0.1099,97289.6471936394,1.7012139092123523e-5
0.10991,97289.40398200571,1.700536987491174e-5
0.10992,97289.16077098023,1.6998599040738664e-5
0.10993,97288.91756056299,1.6991854799932186e-5
0.10994,97288.67435075396,1.6985171426858756e-5
0.10995,97288.43114155316,1.6978589164648294e-5
0.10996,97288.18793296057,1.697209643288714e-5
0.10997,97287.9447249762,1.6965636520001584e-5
0.10998,97287.70151760004,1.6959180034642106e-5
0.10999,97287.4583108321,1.6952703648108455e-5
0.11,97287.21510467236,1.69461900943497e-5
0.11001,97286.97189912084,1.693962816996416e-5
0.11002,97286.72869417752,1.693301273419946e-5
0.11003,97286.48548984242,1.6926344708952517e-5
0.11004,97286.24228611552,1.6919631078769525e-5
0.11005,97285.99908299682,1.6912884890845962e-5
0.11006,97285.75588048632,1.690612525502659e-5
0.11007,97285.51267858403,1.689937734380548e-5
0.11008,97285.26947728993,1.6892672392325968e-5
0.11009,97285.02627660403,1.688604769838068e-5
0.1101,97284.78307652632,1.6879532882284382e-5
0.11011,97284.53987705681,1.6873074138884477e-5
0.11012,97284.2966781955,1.6866632780457712e-5
0.11013,97284.05347994238,1.686018244759609e-5
0.11014,97283.81028229745,1.6853702842152028e-5
0.11015,97283.5670852607,1.684717972723829e-5
0.11016,97283.32388883214,1.6840604927228038e-5
0.11017,97283.08069301177,1.68339763277548e-5
0.11018,97282.83749779958,1.682729787571252e-5
0.11019,97282.59430319558,1.6820579579255487e-5
0.1102,97282.35110919975,1.6813837507798382e-5
0.11021,97282.10791581211,1.6807093792016285e-5
0.11022,97281.86472303265,1.6800376623844638e-5
0.11023,97281.62153086135,1.6793720256479265e-5
0.11024,97281.37833929823,1.6787164916424037e-5
0.11025,97281.13514834328,1.678069923278332e-5
0.11026,97280.89195799651,1.6774266434324194e-5
0.11027,97280.64876825792,1.676783712693887e-5
0.11028,97280.40557912747,1.676138797639291e-5
0.11029,97280.16239060521,1.675490170832515e-5
0.1103,97279.91920269112,1.6748367108247765e-5
0.11031,97279.67601538518,1.6741779021546243e-5
0.11032,97279.43282868741,1.6735138353479408e-5
0.11033,97279.1896425978,1.6728452069179376e-5
0.11034,97278.94645711636,1.6721733193651596e-5
0.11035,97278.70327224306,1.671500081177482e-5
0.11036,97278.46008797792,1.6708280068301148e-5
0.11037,97278.21690432094,1.6701602167855972e-5
0.11038,97277.97372127211,1.6695004374937995e-5
0.11039,97277.73053883144,1.6688516477502713e-5
0.1104,97277.48735699891,1.6682084873849482e-5
0.11041,97277.24417577454,1.6675670772551245e-5
0.11042,97277.0009951583,1.666924779931138e-5
0.11043,97276.75781515022,1.666279563831971e-5
0.11044,97276.5146357503,1.6656300032252472e-5
0.11045,97276.2714569585,1.6649752782272298e-5
0.11046,97276.02827877484,1.664315174802829e-5
0.11047,97275.78510119933,1.6636500847655942e-5
0.11048,97275.54192423195,1.6629810057777176e-5
0.11049,97275.29874787272,1.662309541350033e-5
0.1105,97275.05557212161,1.6616379008420183e-5
0.11051,97274.81239697864,1.660968899461793e-5
0.11052,97274.56922244381,1.6603059582661176e-5
0.11053,97274.3260485171,1.6596530972745835e-5
0.11054,97274.08287519852,1.6590092393172942e-5
0.11055,97273.83970248808,1.6583686880006897e-5
0.11056,97273.59653038575,1.6577285014923664e-5
0.11057,97273.35335889156,1.6570863436698352e-5
0.11058,97273.11018800548,1.6564404841205148e-5
0.11059,97272.86701772753,1.6557897981417365e-5
0.1106,97272.6238480577,1.6551337667407417e-5
0.11061,97272.38067899598,1.654472476634685e-5
0.11062,97272.13751054238,1.65380662025063e-5
0.11063,97271.8943426969,1.6531374957255516e-5
0.11064,97271.65117545954,1.6524670069063386e-5
0.11065,97271.40800883027,1.6517976633497877e-5
0.11066,97271.16484280913,1.651132580322608e-5
0.11067,97270.9216773961,1.6504754788014188e-5
0.11068,97270.67851259117,1.6498293708990323e-5
0.11069,97270.43534839436,1.64918893600241e-5
0.1107,97270.19218480564,1.648550273500077e-5
0.11071,97269.94902182503,1.6479107423314086e-5
0.11072,97269.70585945252,1.647268307007037e-5
0.11073,97269.46269768811,1.6466215376088544e-5
0.11074,97269.21953653179,1.645969609790011e-5
0.11075,97268.97637598358,1.6453123047749188e-5
0.11076,97268.73321604346,1.6446500093592464e-5
0.11077,97268.49005671144,1.6439837159099228e-5
0.11078,97268.24689798751,1.6433150223651342e-5
0.11079,97268.00373987167,1.6426461322343293e-5
0.1108,97267.76058236392,1.6419798545982133e-5
0.11081,97267.51742546426,1.64131960410875e-5
0.11082,97267.27426917269,1.6406693967306866e-5
0.11083,97267.0311134892,1.640028254512235e-5
0.11084,97266.78795841378,1.6393904485627045e-5
0.11085,97266.54480394647,1.638753032486278e-5
0.11086,97266.30165008722,1.6381136653199598e-5
0.11087,97266.05849683605,1.637470611533568e-5
0.11088,97265.81534419296,1.636822741029739e-5
0.11089,97265.57219215795,1.6361695291439286e-5
0.1109,97265.32904073103,1.635511056644408e-5
0.11091,97265.08588991215,1.6348480097322666e-5
0.11092,97264.84273970136,1.6341816800414097e-5
0.11093,97264.59959009865,1.633513964638564e-5
0.11094,97264.35644110398,1.6328473660232703e-5
0.11095,97264.1132927174,1.6321849921278872e-5
0.11096,97263.87014493888,1.6315305563175906e-5
0.11097,97263.62699776841,1.630887119623783e-5
0.11098,97263.38385120602,1.6302494213749478e-5
0.11099,97263.14070525169,1.62961352813536e-5
0.111,97262.89755990541,1.6289767930719146e-5
0.11101,97262.6544151672,1.6283371746460925e-5
0.11102,97262.41127103702,1.627693236613965e-5
0.11103,97262.16812751493,1.62704414802619e-5
0.11104,97261.92498460088,1.6263896832280186e-5
0.11105,97261.68184229487,1.6257302218592868e-5
0.11106,97261.43870059692,1.6250667488544202e-5
0.11107,97261.19555950702,1.624400854442436e-5
0.11108,97260.95241902515,1.6237347341469372e-5
0.11109,97260.70927915134,1.6230711887861166e-5
0.1111,97260.46613988558,1.622413624472755e-5
0.11111,97260.22300122786,1.6217660509587553e-5
0.11112,97259.97986317817,1.6211276294073986e-5
0.11113,97259.73672573653,1.6204925853004963e-5
0.11114,97259.49358890293,1.619857965539853e-5
0.11115,97259.25045267736,1.6192214221836827e-5
0.11116,97259.00731705982,1.6185812124466145e-5
0.11117,97258.76418205032,1.6179361986996888e-5
0.11118,97258.52104764886,1.6172858484703617e-5
0.11119,97258.27791385542,1.6166302344425e-5
0.1112,97258.03478067,1.615970034456384e-5
0.11121,97257.79164809262,1.6153065315087058e-5
0.11122,97257.54851612326,1.614641613752574e-5
0.11123,97257.30538476193,1.6139777744975067e-5
0.11124,97257.06225400863,1.6133181122094356e-5
0.11125,97256.81912386334,1.6126663305107073e-5
0.11126,97256.57599432608,1.6120255535439263e-5
0.11127,97256.33286539683,1.6113906026725477e-5
0.11128,97256.0897370756,1.6107574999262722e-5
0.11129,97255.84660936237,1.6101235905651225e-5
0.1113,97255.60348225717,1.6094868248674843e-5
0.11131,97255.36035575999,1.6088457581301082e-5
0.11132,97255.1172298708,1.608199550668114e-5
0.11133,97254.87410458963,1.607547967814984e-5
0.11134,97254.63097991646,1.6068913799225662e-5
0.11135,97254.3878558513,1.606230762361075e-5
0.11136,97254.14473239415,1.6055676955190917e-5
0.11137,97253.90160954499,1.6049043648035603e-5
0.11138,97253.65848730385,1.604243560639792e-5
0.11139,97253.41536567069,1.6035886784714645e-5
0.1114,97253.17224464554,1.602943718672537e-5
0.11141,97252.92912422838,1.6023080221852126e-5
0.11142,97252.68600441923,1.601675755919363e-5
0.11143,97252.44288521806,1.601043957941297e-5
0.11144,97252.1997666249,1.6004102711979284e-5
0.11145,97251.95664863971,1.5997729435167758e-5
0.11146,97251.71353126252,1.599130827605964e-5
0.11147,97251.4704144933,1.5984833810542256e-5
0.11148,97251.22729833209,1.5978306663308962e-5
0.11149,97250.98418277886,1.597173350785918e-5
0.1115,97250.7410678336,1.596512706649841e-5
0.11151,97250.49795349633,1.5958506110338177e-5
0.11152,97250.25483976705,1.595189545929609e-5
0.11153,97250.01172664574,1.594532598209579e-5
0.11154,97249.76861413241,1.5938834596267007e-5
0.11155,97249.52550222704,1.5932453298060257e-5
0.11156,97249.28239092967,1.592613136476805e-5
0.11157,97249.03928024025,1.5919828449653257e-5
0.11158,97248.79617015882,1.5913517904930952e-5
0.11159,97248.55306068534,1.5907179130245968e-5
0.1116,97248.30995181984,1.590079757267286e-5
0.11161,97248.06684356231,1.589436472671598e-5
0.11162,97247.82373591274,1.588787813430938e-5
0.11163,97247.58062887113,1.588134138481688e-5
0.11164,97247.33752243749,1.5874764115032032e-5
0.11165,97247.0944166118,1.5868162009178162e-5
0.11166,97246.85131139407,1.5861556798908323e-5
0.11167,97246.60820678431,1.5854976263305305e-5
0.11168,97246.3651027825,1.5848454228881682e-5
0.11169,97246.12199938863,1.5842030569579744e-5
0.1117,97245.87889660272,1.5835700884440275e-5
0.11171,97245.63579442477,1.5829406154215932e-5
0.11172,97245.39269285477,1.5823116641814335e-5
0.11173,97245.14959189271,1.581680866432653e-5
0.11174,97244.9064915386,1.581046458489669e-5
0.11175,97244.66339179243,1.5804072812722143e-5
0.11176,97244.42029265422,1.5797627803053316e-5
0.11177,97244.17719412394,1.5791130057193766e-5
0.11178,97243.9340962016,1.5784586122500168e-5
0.11179,97243.6909988872,1.5778008592382347e-5
0.1118,97243.44790218075,1.5771416106303234e-5
0.11181,97243.20480608221,1.5764833349778876e-5
0.11182,97242.96171059163,1.5758291054378482e-5
0.11183,97242.71861570897,1.5751825997724346e-5
0.11184,97242.47552143424,1.574547103224062e-5
0.11185,97242.23242776745,1.5739176768986353e-5
0.11186,97241.98933470857,1.573290216741276e-5
0.11187,97241.74624225764,1.5726620458143947e-5
0.11188,97241.50315041462,1.5720310916479684e-5
0.11189,97241.26005917953,1.5713958862395398e-5
0.1119,97241.01696855236,1.57075556605422e-5
0.11191,97240.77387853312,1.5701098720246842e-5
0.11192,97240.53078912178,1.5694591495511736e-5
0.11193,97240.28770031838,1.568804348501498e-5
0.11194,97240.04461212289,1.568147023211031e-5
0.11195,97239.8015245353,1.567489332482714e-5
0.11196,97239.55843755564,1.5668340395870517e-5
0.11197,97239.31535118389,1.56618451226212e-5
0.11198,97239.07226542004,1.5655447227135565e-5
0.11199,97238.8291802641,1.5649144814141844e-5
0.112,97238.58609571608,1.5642878163231444e-5
0.11201,97238.34301177596,1.5636617361600264e-5
0.11202,97238.09992844374,1.563033859279037e-5
0.11203,97237.85684571942,1.5624024083642322e-5
0.11204,97237.613763603,1.5617662104295218e-5
0.11205,97237.3706820945,1.561124696818664e-5
0.11206,97237.12760119388,1.5604779032052685e-5
0.11207,97236.88452090116,1.5598264695927983e-5
0.11208,97236.64144121633,1.5591716403145645e-5
0.11209,97236.3983621394,1.5585152640337308e-5
0.1121,97236.15528367036,1.5578597937433103e-5
0.11211,97235.91220580922,1.557208286766171e-5
0.11212,97235.66912855595,1.5565644047550284e-5
0.11213,97235.42605191059,1.555931526114672e-5
0.11214,97235.1829758731,1.555304875442582e-5
0.11215,97234.9399004435,1.5546802660642138e-5
0.11216,97234.69682562178,1.554055006765583e-5
0.11217,97234.45375140794,1.5534270105251212e-5
0.11218,97234.21067780198,1.5527947945136784e-5
0.11219,97233.9676048039,1.5521574800945176e-5
0.1122,97233.72453241369,1.55151479282332e-5
0.11221,97233.48146063137,1.550867062448181e-5
0.11222,97233.2383894569,1.5502152229096148e-5
0.11223,97232.99531889033,1.5495608123405497e-5
0.11224,97232.75224893162,1.5489059730663297e-5
0.11225,97232.50917958078,1.548253451604717e-5
0.11226,97232.26611083781,1.547606598665888e-5
0.11227,97232.0230427027,1.546969369152436e-5
0.11228,97231.77997517545,1.546341851619005e-5
0.11229,97231.53690825606,1.5457180083505075e-5
0.1123,97231.29384194454,1.5450948229478694e-5
0.11231,97231.05077624088,1.544469898290949e-5
0.11232,97230.80771114508,1.5438414413150477e-5
0.11233,97230.56464665715,1.5432082630109156e-5
0.11234,97230.32158277705,1.5425697784247445e-5
0.11235,97230.07851950482,1.5419260066581713e-5
0.11236,97229.83545684043,1.5412775708682808e-5
0.11237,97229.5923947839,1.5406256982675995e-5
0.11238,97229.34933333522,1.539972220124101e-5
0.11239,97229.10627249439,1.539319571761202e-5
0.1124,97228.8632122614,1.5386707925577664e-5
0.11241,97228.62015263626,1.5380295259481024e-5
0.11242,97228.37709361897,1.5373992481587342e-5
0.11243,97228.13403520951,1.5367753808470746e-5
0.11244,97227.8909774079,1.5361536408830054e-5
0.11245,97227.64792021412,1.5355313206575365e-5
0.11246,97227.40486362817,1.534906316480228e-5
0.11247,97227.16180765007,1.5342771285791927e-5
0.11248,97226.9187522798,1.5336428611010917e-5
0.11249,97226.67569751736,1.5330032221111362e-5
0.1125,97226.43264336276,1.5323585235930916e-5
0.11251,97226.18958981597,1.5317096814492708e-5
0.11252,97225.94653687702,1.5310582155005375e-5
0.11253,97225.7034845459,1.530406249486307e-5
0.11254,97225.4604328226,1.5297565110645456e-5
0.11255,97225.21738170713,1.5291123318117694e-5
0.11256,97224.97433119948,1.528477647223045e-5
0.11257,97224.73128129964,1.527852847108658e-5
0.11258,97224.48823200763,1.527231838598379e-5
0.11259,97224.24518332344,1.5266115708297198e-5
0.1126,97224.00213524705,1.5259896290982697e-5
0.11261,97223.7590877785,1.525364202481105e-5
0.11262,97223.51604091773,1.5247340838367826e-5
0.11263,97223.2729946648,1.5240986698053454e-5
0.11264,97223.02994901966,1.5234579608083192e-5
0.11265,97222.78690398234,1.5228125610487166e-5
0.11266,97222.54385955282,1.5221636785110323e-5
0.11267,97222.30081573113,1.5215131249612447e-5
0.11268,97222.05777251722,1.520863315946819e-5
0.11269,97221.81472991112,1.5202172707967027e-5
0.1127,97221.57168791282,1.5195786126213275e-5
0.11271,97221.3286465223,1.5189509169016435e-5
0.11272,97221.0856057396,1.5183298395713756e-5
0.11273,97220.8425655647,1.5177109867068348e-5
0.11274,97220.59952599758,1.517091632200556e-5
0.11275,97220.35648703825,1.5164696535895897e-5
0.11276,97220.11344868672,1.5158435320554973e-5
0.11277,97219.870410943,1.515212352424354e-5
0.11278,97219.62737380703,1.514575803166747e-5
0.11279,97219.38433727887,1.51393417639778e-5
0.1128,97219.1413013585,1.5132883678770668e-5
0.11281,97218.8982660459,1.512639877008735e-5
0.11282,97218.6552313411,1.5119908068414249e-5
0.11283,97218.41219724406,1.5113438640682925e-5
0.11284,97218.1691637548,1.510702359027004e-5
0.11285,97217.92613087333,1.5100702056997392e-5
0.11286,97217.68309859962,1.5094481135359516e-5
0.11287,97217.4400669337,1.5088299516648219e-5
0.11288,97217.19703587555,1.5082126235163753e-5
0.11289,97216.95400542518,1.5075936946983771e-5
0.1129,97216.71097558257,1.5069713343263601e-5
0.11291,97216.46794634774,1.5063443150236202e-5
0.11292,97216.22491772067,1.5057120129212184e-5
0.11293,97215.98188970136,1.5050744076579837e-5
0.11294,97215.73886228981,1.5044320823805078e-5
0.11295,97215.49583548604,1.5037862237431487e-5
0.11296,97215.25280929002,1.503138621908028e-5
0.11297,97215.00978370177,1.5024916705450366e-5
0.11298,97214.76675872126,1.501848366831827e-5
0.11299,97214.52373434852,1.5012123114538181e-5
0.113,97214.28071058354,1.5005871771574057e-5
0.11301,97214.0376874263,1.499968895227339e-5
0.11302,97213.79466487683,1.4993529461380502e-5
0.11303,97213.5516429351,1.4987365831799418e-5
0.11304,97213.30862160111,1.4981176630145483e-5
0.11305,97213.06560087488,1.4974946456745305e-5
0.11306,97212.82258075639,1.4968665945636797e-5
0.11307,97212.57956124564,1.496233176456915e-5
0.11308,97212.33654234264,1.4955946615002875e-5
0.11309,97212.09352404738,1.494951923210975e-5
0.1131,97211.85050635986,1.494306438477284e-5
0.11311,97211.60748928008,1.4936602875586532e-5
0.11312,97211.36447280804,1.4930161540856476e-5
0.11313,97211.12145694373,1.4923773250599624e-5
0.11314,97210.87844168715,1.491747690854421e-5
0.11315,97210.63542703832,1.491128293835773e-5
0.11316,97210.3924129972,1.4905129893017875e-5
0.11317,97210.14939956382,1.4898986217732386e-5
0.11318,97209.90638673816,1.489282735071341e-5
0.11319,97209.66337452024,1.4886634762517206e-5
0.1132,97209.42036291004,1.4880395956044179e-5
0.11321,97209.17735190755,1.4874104466538862e-5
0.11322,97208.9343415128,1.4867759861589959e-5
0.11323,97208.69133172576,1.486136774113028e-5
0.11324,97208.44832254644,1.4854939737436788e-5
0.11325,97208.20531397483,1.484849351513057e-5
0.11326,97207.96230601094,1.4842052771176883e-5
0.11327,97207.71929865477,1.4835647234885093e-5
0.11328,97207.4762919063,1.4829312667908708e-5
0.11329,97207.23328576557,1.4823086714230064e-5
0.1133,97206.99028023254,1.481693188964193e-5
0.11331,97206.74727530719,1.4810801591695523e-5
0.11332,97206.50427098958,1.4804668126336065e-5
0.11333,97206.26126727965,1.4798509830486227e-5
0.11334,97206.01826417743,1.4792311072046079e-5
0.11335,97205.77526168292,1.4786062249893114e-5
0.11336,97205.5322597961,1.4779759793882275e-5
0.11337,97205.28925851699,1.4773406164845904e-5
0.11338,97205.04625784558,1.4767009854593777e-5
0.11339,97204.80325778185,1.4760585385913084e-5
0.1134,97204.56025832583,1.4754153312568466e-5
0.11341,97204.3172594775,1.4747740219301959e-5
0.11342,97204.07426123685,1.4741378721833025e-5
0.11343,97203.83126360389,1.4735107466858578e-5
0.11344,97203.58826657863,1.4728940285423152e-5
0.11345,97203.34527016105,1.4722815907387094e-5
0.11346,97203.10227435116,1.4716702037365445e-5
0.11347,97202.85927914895,1.4710573874781108e-5
0.11348,97202.61628455442,1.4704412648669514e-5
0.11349,97202.37329056757,1.4698205617678668e-5
0.1135,97202.1302971884,1.4691946070069127e-5
0.11351,97201.88730441692,1.4685633323714031e-5
0.11352,97201.6443122531,1.467927272609906e-5
0.11353,97201.40132069695,1.4672875654322453e-5
0.11354,97201.15832974849,1.4666459515095035e-5
0.11355,97200.9153394077,1.4660047744740169e-5
0.11356,97200.67234967457,1.4653669809193785e-5
0.11357,97200.42936054911,1.4647361204004365e-5
0.11358,97200.18637203133,1.4641160396172053e-5
0.11359,97199.9433841212,1.4635033592255587e-5
0.1136,97199.70039681873,1.4628932630020008e-5
0.11361,97199.45741012394,1.4622829567525128e-5
0.11362,97199.2144240368,1.4616702491080527e-5
0.11363,97198.97143855733,1.4610535515245577e-5
0.11364,97198.7284536855,1.4604318782829438e-5
0.11365,97198.48546942134,1.4598048464891083e-5
0.11366,97198.24248576483,1.4591726760739249e-5
0.11367,97197.99950271597,1.4585361897932473e-5
0.11368,97197.75652027478,1.4578968132279072e-5
0.11369,97197.51353844123,1.4572565747837179e-5
0.1137,97197.27055721532,1.4566181056914693e-5
0.11371,97197.02757659706,1.45598464000693e-5
0.11372,97196.78459658645,1.4553600146108507e-5
0.11373,97196.54161718348,1.454745955503618e-5
0.11374,97196.29863838817,1.4541363923983398e-5
0.11375,97196.05566020048,1.4535280046488314e-5
0.11376,97195.81268262042,1.4529182862270203e-5
0.11377,97195.56970564803,1.4523053337938399e-5
0.11378,97195.32672928326,1.451687846699231e-5
0.11379,97195.08375352612,1.4510651269821452e-5
0.1138,97194.84077837662,1.4504370793705397e-5
0.11381,97194.59780383475,1.4498042112813798e-5
0.11382,97194.35482990052,1.4491676328206387e-5
0.11383,97194.1118565739,1.4485290567832994e-5
0.11384,97193.86888385493,1.4478907986533509e-5
0.11385,97193.62591174357,1.4472557766037895e-5
0.11386,97193.38294023984,1.4466275114966224e-5
0.11387,97193.13996934373,1.4460099191875102e-5
0.11388,97192.89699905524,1.445400041839439e-5
0.11389,97192.65402937437,1.4447928920969089e-5
0.1139,97192.41106030112,1.4441856488862461e-5
0.11391,97192.1680918355,1.4435760936871837e-5
0.11392,97191.92512397747,1.4429626105328662e-5
0.11393,97191.68215672707,1.442344186009846e-5
0.11394,97191.43919008427,1.4417204092580888e-5
0.11395,97191.1962240491,1.4410914719709675e-5
0.11396,97190.95325862154,1.440458168395264e-5
0.11397,97190.71029380157,1.4398218953311734e-5
0.11398,97190.46732958921,1.439184652132298e-5
0.11399,97190.22436598445,1.4385490407056502e-5
0.114,97189.98140298731,1.4379182655116517e-5
0.11401,97189.73844059776,1.4372961335641369e-5
0.11402,97189.49547881582,1.436684710057549e-5
0.11403,97189.25251764146,1.4360780280496722e-5
0.11404,97189.00955707472,1.4354726569708874e-5
0.11405,97188.76659711557,1.4348660627356778e-5
0.11406,97188.523637764,1.4342563136763957e-5
0.11407,97188.28067902003,1.4336420805432603e-5
0.11408,97188.03772088364,1.4330226365043616e-5
0.11409,97187.79476335486,1.4323978571456545e-5
0.1141,97187.55180643366,1.431768220470963e-5
0.11411,97187.30885012004,1.4311348069019781e-5
0.11412,97187.06589441402,1.4304992992782615e-5
0.11413,97186.82293931556,1.42986398285724e-5
0.11414,97186.5799848247,1.4292317453142086e-5
0.11415,97186.33703094142,1.4286060767423325e-5
0.11416,97186.09407766571,1.4279909452085597e-5
0.11417,97185.85112499757,1.4273838701030882e-5
0.11418,97185.60817293702,1.4267796782269098e-5
0.11419,97185.36522148404,1.4261755195470657e-5
0.1142,97185.12227063865,1.4255691463127973e-5
0.11421,97184.87932040081,1.4249589130555478e-5
0.11422,97184.63637077055,1.4243437765889655e-5
0.11423,97184.39342174785,1.423723296008899e-5
0.11424,97184.15047333272,1.4230976326933992e-5
0.11425,97183.90752552515,1.4224675503027188e-5
0.11426,97183.66457832514,1.421834414779316e-5
0.11427,97183.42163173271,1.4212001943478477e-5
0.11428,97183.17868574783,1.420567459515174e-5
0.11429,97182.9357403705,1.4199393830703596e-5
0.1143,97182.69279560076,1.419319740084669e-5
0.11431,97182.44985143855,1.4187109252191225e-5
0.11432,97182.2069078839,1.4181071289835595e-5
0.11433,97181.9639649368,1.417504790528696e-5
0.11434,97181.72102259725,1.4169013456394456e-5
0.11435,97181.47808086526,1.4162948322470941e-5
0.11436,97181.2351397408,1.4156838904292988e-5
0.11437,97180.99219922391,1.4150677624100911e-5
0.11438,97180.74925931454,1.4144462925598722e-5
0.11439,97180.50632001273,1.4138199273954142e-5
0.1144,97180.26338131847,1.4131897155798644e-5
0.11441,97180.02044323174,1.4125573079227393e-5
0.11442,97179.77750575254,1.4119249573799278e-5
0.11443,97179.53456888089,1.4112955190536899e-5
0.11444,97179.29163261678,1.4106724501926606e-5
0.11445,97179.0486969602,1.4100597504069472e-5
0.11446,97178.80576191115,1.409455474829692e-5
0.11447,97178.56282746964,1.4088542505641282e-5
0.11448,97178.31989363565,1.4082531965487241e-5
0.11449,97178.07696040919,1.4076500337325806e-5
0.1145,97177.83402779026,1.407043085075429e-5
0.11451,97177.59109577886,1.4064312755476354e-5
0.11452,97177.34816437498,1.4058141321301949e-5
0.11453,97177.10523357862,1.4051917838147338e-5
0.11454,97176.86230338979,1.4045649616035135e-5
0.11455,97176.61937380847,1.4039349985094237e-5
0.11456,97176.37644483466,1.4033038295559873e-5
0.11457,97176.13351646838,1.4026739917773575e-5
0.11458,97175.89058870962,1.4020486242183224e-5
0.11459,97175.64766155837,1.4014314679342984e-5
0.1146,97175.40473501461,1.4008252313220605e-5
0.11461,97175.16180907839,1.4002243237014217e-5
0.11462,97174.91888374966,1.3996250322975248e-5
0.11463,97174.67595902845,1.3990247606946321e-5
0.11464,97174.43303491473,1.3984215143521783e-5
0.11465,97174.19011140853,1.397813900604774e-5
0.11466,97173.94718850983,1.3972011286622e-5
0.11467,97173.70426621863,1.3965830096094107e-5
0.11468,97173.46134453492,1.3959599564065325e-5
0.11469,97173.21842345872,1.3953329838888675e-5
0.1147,97172.97550299001,1.3947037087668879e-5
0.11471,97172.7325831288,1.3940743496262387e-5
0.11472,97172.4896638751,1.3934477269277406e-5
0.11473,97172.24674522887,1.3928272630073842e-5
0.11474,97172.00382719014,1.3922169648117802e-5
0.11475,97171.76090975889,1.3916154839808164e-5
0.11476,97171.51799293513,1.3910172353312178e-5
0.11477,97171.27507671886,1.3904193047000302e-5
0.11478,97171.03216111008,1.3898193796642907e-5
0.11479,97170.78924610878,1.389215749541026e-5
0.1148,97170.54633171496,1.3886073053872551e-5
0.11481,97170.3034179286,1.3879935399999857e-5
0.11482,97170.06050474974,1.387374547916215e-5
0.11483,97169.81759217835,1.3867510254129335e-5
0.11484,97169.57468021444,1.3861242705071195e-5
0.11485,97169.331768858,1.3854961829557421e-5
0.11486,97169.08885810904,1.3848692642557603e-5
0.11487,97168.84594796755,1.384246617644126e-5
0.11488,97168.60303843352,1.3836319480977783e-5
0.11489,97168.36012950697,1.3830282560855932e-5
0.1149,97168.11722118789,1.382430237934556e-5
0.11491,97167.87431347626,1.3818340063512688e-5
0.11492,97167.6314063721,1.3812369306492604e-5
0.11493,97167.3884998754,1.3806369817470468e-5
0.11494,97167.14559398615,1.3800327321681337e-5
0.11495,97166.90268870437,1.379423356041012e-5
0.11496,97166.65978403005,1.3788086290991597e-5
0.11497,97166.41687996317,1.378188928681045e-5
0.11498,97166.17397650376,1.3775652337301211e-5
0.11499,97165.93107365181,1.3769391247948293e-5
0.115,97165.6881714073,1.3763127840285978e-5
0.11501,97165.44526977024,1.3756889951898445e-5
0.11502,97165.20236874062,1.3750711436419723e-5
0.11503,97164.95946831846,1.3744632161601402e-5
0.11504,97164.71656850373,1.3738645230585298e-5
0.11505,97164.47366929645,1.3732692561181026e-5
0.11506,97164.23077069662,1.372674466009479e-5
0.11507,97163.98787270422,1.3720778048732547e-5
0.11508,97163.74497531926,1.3714775263200031e-5
0.11509,97163.50207854176,1.3708724854302703e-5
0.1151,97163.25918237166,1.3702621387545787e-5
0.11511,97163.01628680903,1.3696465443134252e-5
0.11512,97162.7733918538,1.3690263615972843e-5
0.11513,97162.53049750603,1.3684028515666036e-5
0.11514,97162.28760376567,1.3677778766518056e-5
0.11515,97162.04471063275,1.3671539007532909e-5
0.11516,97161.80181810724,1.3665339892414328e-5
0.11517,97161.55892618917,1.3659218089565806e-5
0.11518,97161.31603487852,1.3653206249344402e-5
0.11519,97161.07314417529,1.3647254949542878e-5
0.1152,97160.83025407948,1.36413233413626e-5
0.11521,97160.58736459109,1.3635384754643297e-5
0.11522,97160.34447571012,1.362941853257432e-5
0.11523,97160.10158743657,1.3623410031694573e-5
0.11524,97159.85869977044,1.3617350621892567e-5
0.11525,97159.61581271171,1.3611237686406383e-5
0.11526,97159.3729262604,1.3605074621823722e-5
0.11527,97159.1300404165,1.3598870838081848e-5
0.11528,97158.88715518,1.3592641758467616e-5
0.11529,97158.64427055091,1.3586408819617463e-5
0.1153,97158.40138652922,1.3580199471517446e-5
0.11531,97158.15850311494,1.3574047177503173e-5
0.11532,97157.91562030808,1.3567991414259852e-5
0.11533,97157.6727381086,1.3562032151018911e-5
0.11534,97157.42985651652,1.3556109339101985e-5
0.11535,97157.18697553185,1.3550192997552344e-5
0.11536,97156.94409515455,1.3544259272855844e-5
0.11537,97156.70121538467,1.3538290323498776e-5
0.11538,97156.45833622219,1.3532274319967803e-5
0.11539,97156.21545766709,1.3526205444749997e-5
0.1154,97155.97257971937,1.3520083892332855e-5
0.11541,97155.72970237905,1.3513915869204255e-5
0.11542,97155.48682564612,1.350771359385249e-5
0.11543,97155.24394952058,1.3501495296766244e-5
0.11544,97155.0010740024,1.3495285220434632e-5
0.11545,97154.75819909162,1.3489113619347149e-5
0.11546,97154.51532478823,1.3483016759993698e-5
0.11547,97154.27245109221,1.3477029607443977e-5
0.11548,97154.02957800357,1.3471107153432925e-5
0.11549,97153.7867055223,1.3465206343061169e-5
0.1155,97153.54383364841,1.345930012231808e-5
0.11551,97153.3009623819,1.3453367447847062e-5
0.11552,97153.05809172275,1.344739328694549e-5
0.11553,97152.81522167099,1.3441368617564746e-5
0.11554,97152.57235222658,1.343529042831021e-5
0.11555,97152.32948338953,1.3429161718441283e-5
0.11556,97152.08661515987,1.3422991497871339e-5
0.11557,97151.84374753757,1.3416794787167759e-5
0.11558,97151.60088052262,1.3410592617551943e-5
0.11559,97151.35801411505,1.340441203089927e-5
0.1156,97151.11514831481,1.3398286079739124e-5
0.11561,97150.87228312195,1.3392253827254886e-5
0.11562,97150.62941853645,1.3386321804352529e-5
0.11563,97150.3865545583,1.338042886851264e-5
0.11564,97150.1436911875,1.337454422283309e-5
0.11565,97149.90082842406,1.3368643618326603e-5
0.11566,97149.65796626797,1.3362708815316261e-5
0.11567,97149.41510471923,1.3356727583435534e-5
0.11568,97149.17224377782,1.3350693701628268e-5
0.11569,97148.92938344378,1.334460695814871e-5
0.1157,97148.68652371707,1.3338473150561467e-5
0.11571,97148.44366459771,1.3332304085741532e-5
0.11572,97148.20080608569,1.3326117579874272e-5
0.11573,97147.957948181,1.331993745845546e-5
0.11574,97147.71509088368,1.3313793556291225e-5
0.11575,97147.47223419367,1.3307721717498074e-5
0.11576,97147.229378111,1.3301758838438895e-5
0.11577,97146.98652263568,1.3295865169707893e-5
0.11578,97146.74366776767,1.3289995226621942e-5
0.11579,97146.500813507,1.3284121550776785e-5
0.1158,97146.25795985365,1.3278222691737987e-5
0.11581,97146.01510680765,1.3272283207040883e-5
0.11582,97145.77225436896,1.3266293662190601e-5
0.11583,97145.5294025376,1.3260250630662088e-5
0.11584,97145.28655131356,1.3254156693900062e-5
0.11585,97145.04370069684,1.3248020441319045e-5
0.11586,97144.80085068745,1.3241856470303344e-5
0.11587,97144.55800128538,1.3235685386207086e-5
0.11588,97144.31515249061,1.3229533802354166e-5
0.11589,97144.07230430318,1.3223434340038279e-5
0.1159,97143.82945672305,1.3217425628522935e-5
0.11591,97143.58660975024,1.3211520368972112e-5
0.11592,97143.34376338474,1.3205657304245067e-5
0.11593,97143.10091762655,1.3199804471161785e-5
0.11594,97142.85807247566,1.3193937204767044e-5
0.11595,97142.61522793208,1.3188036846735137e-5
0.11596,97142.37238399581,1.3182090745369905e-5
0.11597,97142.12954066684,1.3176092255604722e-5
0.11598,97141.88669794517,1.3170040739002528e-5
0.11599,97141.6438558308,1.3163941563755777e-5
0.116,97141.40101432374,1.3157806104686463e-5
0.11601,97141.15817342397,1.3151651743246148e-5
0.11602,97140.91533313149,1.3145501867515909e-5
0.11603,97140.67249344631,1.313938587220637e-5
0.11604,97140.42965436843,1.3133339158657689e-5
0.11605,97140.18681589783,1.3127400122713462e-5
0.11606,97139.94397803453,1.3121535152313013e-5
0.11607,97139.70114077852,1.3115696123410816e-5
0.11608,97139.45830412979,1.3109855152795877e-5
0.11609,97139.21546808834,1.3103990362543598e-5
0.1161,97138.97263265419,1.3098085880015797e-5
0.11611,97138.72979782731,1.30921318378607e-5
0.11612,97138.48696360772,1.308612437401297e-5
0.11613,97138.2441299954,1.3080065631693658e-5
0.11614,97138.00129699036,1.307396375941024e-5
0.11615,97137.7584645926,1.306783291095659e-5
0.11616,97137.51563280211,1.3061693245413029e-5
0.11617,97137.2728016189,1.3055570927146259e-5
0.11618,97137.02997104297,1.3049498125809398e-5
0.11619,97136.7871410743,1.3043513016342002e-5
0.1162,97136.54431171289,1.303763400030469e-5
0.11621,97136.30148295875,1.3031800776386118e-5
0.11622,97136.05865481189,1.3025979851229004e-5
0.11623,97135.81582727228,1.3020146123569044e-5
0.11624,97135.57300033994,1.3014280496084385e-5
0.11625,97135.33017401486,1.300836987539565e-5
0.11626,97135.08734829703,1.3002407172065968e-5
0.11627,97134.84452318648,1.2996391300600914e-5
0.11628,97134.60169868317,1.2990327179448553e-5
0.11629,97134.35887478713,1.2984225730999413e-5
0.1163,97134.11605149832,1.2978103881586532e-5
0.11631,97133.87322881678,1.297198456148539e-5
0.11632,97133.63040674248,1.2965896704913947e-5
0.11633,97133.38758527544,1.2959875250032672e-5
0.11634,97133.14476441564,1.2953959617314767e-5
0.11635,97132.9019441631,1.294812323034868e-5
0.11636,97132.65912451778,1.2942315138738514e-5
0.11637,97132.41630547972,1.2936507014115326e-5
0.11638,97132.1734870489,1.2930676530712626e-5
0.11639,97131.93066922532,1.2924807365366408e-5
0.1164,97131.68785200898,1.2918889197515133e-5
0.11641,97131.44503539987,1.2912917709199763e-5
0.11642,97131.202219398,1.2906894585063709e-5
0.11643,97130.95940400336,1.2900827512352863e-5
0.11644,97130.71658921595,1.289473018091561e-5
0.11645,97130.47377503577,1.2888622283202792e-5
0.11646,97130.23096146283,1.2882529514267733e-5
0.11647,97129.98814849711,1.2876483571766221e-5
0.11648,97129.74533613863,1.287052215595655e-5
0.11649,97129.50252438735,1.2864668825991119e-5
0.1165,97129.25971324331,1.2858865386042226e-5
0.11651,97129.0169027065,1.2853076442138955e-5
0.11652,97128.77409277689,1.2847276436315244e-5
0.11653,97128.53128345452,1.2841445811870814e-5
0.11654,97128.28847473935,1.283557101337115e-5
0.11655,97128.0456666314,1.2829644486647535e-5
0.11656,97127.80285913066,1.2823664678797e-5
0.11657,97127.56005223714,1.2817636038182356e-5
0.11658,97127.31724595084,1.2811569014432179e-5
0.11659,97127.07444027172,1.2805480058440843e-5
0.1166,97126.83163519984,1.2799391622368468e-5
0.11661,97126.58883073514,1.279333215964095e-5
0.11662,97126.34602687767,1.2787336124949978e-5
0.11663,97126.10322362739,1.2781443452365894e-5
0.11664,97125.86042098432,1.277563550405186e-5
0.11665,97125.61761894844,1.276985834758872e-5
0.11666,97125.37481751975,1.2764083189068547e-5
0.11667,97125.13201669828,1.2758287234514165e-5
0.11668,97124.88921648399,1.2752453689879167e-5
0.11669,97124.6464168769,1.2746571761047943e-5
0.1167,97124.40361787702,1.2740636653835621e-5
0.11671,97124.1608194843,1.2734649573988115e-5
0.11672,97123.91802169879,1.27286177271821e-5
0.11673,97123.67522452047,1.272255431902504e-5
0.11674,97123.43242794933,1.2716478555055153e-5
0.11675,97123.18963198537,1.2710415640741423e-5
0.11676,97122.9468366286,1.2704396781483624e-5
0.11677,97122.70404187901,1.2698459182612285e-5
0.11678,97122.4612477366,1.2692630950281527e-5
0.11679,97122.21845420137,1.2686857208838131e-5
0.1168,97121.97566127332,1.268110029541271e-5
0.11681,97121.73286895244,1.2675334175013714e-5
0.11682,97121.49007723875,1.2669538811247345e-5
0.11683,97121.24728613222,1.2663700166317532e-5
0.11684,97121.00449563286,1.2657810201025963e-5
0.11685,97120.76170574068,1.2651866874772045e-5
0.11686,97120.51891645567,1.2645874145552916e-5
0.11687,97120.2761277778,1.2639841969963482e-5
0.11688,97120.03333970712,1.2633786303196361e-5
0.11689,97119.7905522436,1.2627729099041911e-5
0.1169,97119.54776538725,1.262169830988823e-5
0.11691,97119.30497913805,1.2615727886721166e-5
0.11692,97119.062193496,1.260985773735094e-5
0.11693,97118.81940846113,1.2604078051126714e-5
0.11694,97118.5766240334,1.2598331800385868e-5
0.11695,97118.33384021284,1.2592589705399088e-5
0.11696,97118.09105699943,1.2586828483702347e-5
0.11697,97117.84827439317,1.258103085009689e-5
0.11698,97117.60549239405,1.2575185516649262e-5
0.11699,97117.36271100209,1.2569287192691269e-5
0.117,97117.11993021728,1.2563336584819994e-5
0.11701,97116.8771500396,1.2557340396897828e-5
0.11702,97116.63437046908,1.2551311330052412e-5
0.11703,97116.3915915057,1.2545268082676678e-5
0.11704,97116.14881314946,1.253923535042883e-5
0.11705,97115.90603540034,1.2533243826232381e-5
0.11706,97115.66325825838,1.2527330200276087e-5
0.11707,97115.42048172356,1.252152645398909e-5
0.11708,97115.17770579587,1.2515782295115707e-5
0.11709,97114.9349304753,1.251005743556386e-5
0.1171,97114.69215576188,1.2504325343092394e-5
0.11711,97114.44938165558,1.2498565481392106e-5
0.11712,97114.20660815641,1.2492763310085762e-5
0.11713,97113.96383526438,1.2486910284728056e-5
0.11714,97113.72106297947,1.2481003856805642e-5
0.11715,97113.47829130168,1.2475047473737108e-5
0.11716,97113.23552023101,1.2469050578873021e-5
0.11717,97112.99274976747,1.2463028611495874e-5
0.11718,97112.74997991105,1.2457003006820105e-5
0.11719,97112.50721066174,1.2451001195992129e-5
0.1172,97112.26444201956,1.2445056606090284e-5
0.11721,97112.02167398448,1.2439208660124866e-5
0.11722,97111.77890655652,1.2433456924505532e-5
0.11723,97111.53613973568,1.2427741521023078e-5
0.11724,97111.29337352194,1.2422032562731607e-5
0.11725,97111.05060791531,1.2416306258505695e-5
0.11726,97110.80784291579,1.2410544811818589e-5
0.11727,97110.56507852337,1.2404736420742229e-5
0.11728,97110.32231473808,1.2398875277947208e-5
0.11729,97110.07955155987,1.2392961570702792e-5
0.1173,97109.83678898876,1.2387001480876945e-5
0.11731,97109.59402702477,1.2381007184936283e-5
0.11732,97109.35126566786,1.2374996853946102e-5
0.11733,97109.10850491805,1.2368994653570365e-5
0.11734,97108.86574477535,1.236303074407173e-5
0.11735,97108.62298523972,1.2357141280311511e-5
0.11736,97108.3802263112,1.2351361394250369e-5
0.11737,97108.13746798977,1.234564666977685e-5
0.11738,97107.89471027542,1.2339953860150078e-5
0.11739,97107.65195316817,1.2334255915717722e-5
0.1174,97107.409196668,1.232853178009478e-5
0.11741,97107.16644077492,1.2322766390163595e-5
0.11742,97106.92368548892,1.231695067607382e-5
0.11743,97106.68093081,1.2311081561242443e-5
0.11744,97106.43817673817,1.2305161962353802e-5
0.11745,97106.19542327341,1.2299200789359539e-5
0.11746,97105.95267041573,1.2293212945478639e-5
0.11747,97105.70991816513,1.228721932719741e-5
0.11748,97105.46716652159,1.2281246824269509e-5
0.11749,97105.22441548514,1.2275328319715904e-5
0.1175,97104.98166505575,1.2269502689824902e-5
0.11751,97104.73891523344,1.226377815124889e-5
0.11752,97104.49616601819,1.22580935059535e-5
0.11753,97104.25341741001,1.2252417732027894e-5
0.11754,97104.01066940889,1.2246726509523388e-5
0.11755,97103.76792201484,1.224100151042934e-5
0.11756,97103.52517522786,1.2235230398673082e-5
0.11757,97103.28242904792,1.2229406830119962e-5
0.11758,97103.03968347506,1.2223530452573327e-5
0.11759,97102.79693850924,1.221760690577455e-5
0.1176,97102.55419415049,1.2211647821402988e-5
0.11761,97102.31145039879,1.2205670823076001e-5
0.11762,97102.06870725413,1.2199699526348984e-5
0.11763,97101.82596471654,1.2193763538715308e-5
0.11764,97101.583222786,1.218789845960636e-5
0.11765,97101.3404814625,1.2182141803349473e-5
0.11766,97101.09774074605,1.2176456330920494e-5
0.11767,97100.85500063664,1.217079553832436e-5
0.11768,97100.61226113429,1.216513183833633e-5
0.11769,97100.36952223897,1.215944363434401e-5
0.1177,97100.12678395069,1.215371532034729e-5
0.11771,97099.88404626945,1.2147937280958381e-5
0.11772,97099.64130919526,1.2142105891401807e-5
0.11773,97099.3985727281,1.2136223517514424e-5
0.11774,97099.15583686797,1.2130298515745378e-5
0.11775,97098.91310161487,1.212434523315614e-5
0.11776,97098.6703669688,1.2118384007420488e-5
0.11777,97098.42763292977,1.2112441166824533e-5
0.11778,97098.18489949776,1.2106549030266682e-5
0.11779,97097.94216667279,1.210074590725765e-5
0.1178,97097.69943445484,1.2095047734042171e-5
0.11781,97097.45670284392,1.2089393725241526e-5
0.11782,97097.21397184001,1.2083751156034237e-5
0.11783,97096.97124144313,1.2078095157512988e-5
0.11784,97096.72851165326,1.2072406850058737e-5
0.11785,97096.48578247042,1.206667334334066e-5
0.11786,97096.24305389459,1.206088773631618e-5
0.11787,97096.00032592578,1.2055049117230991e-5
0.11788,97095.75759856399,1.2049162563619007e-5
0.11789,97095.5148718092,1.20432391423024e-5
0.1179,97095.27214566142,1.2037295909391571e-5
0.11791,97095.02942012066,1.20313559102852e-5
0.11792,97094.7866951869,1.2025448179670187e-5
0.11793,97094.54397086015,1.201960774152168e-5
0.11794,97094.30124714039,1.201387369142036e-5
0.11795,97094.05852402766,1.2008217252292544e-5
0.11796,97093.81580152191,1.2002588412711638e-5
0.11797,97093.57307962317,1.1996959027800292e-5
0.11798,97093.33035833143,1.1991306940644863e-5
0.11799,97093.08763764668,1.1985615982295363e-5
0.118,97092.84491756893,1.1979875971765491e-5
0.11801,97092.60219809816,1.1974082716032617e-5
0.11802,97092.3594792344,1.1968238010037815e-5
0.11803,97092.11676097763,1.1962349636685816e-5
0.11804,97091.87404332784,1.1956431366845029e-5
0.11805,97091.63132628505,1.1950502959347562e-5
0.11806,97091.38860984924,1.1944590160989188e-5
0.11807,97091.1458940204,1.1938724706529359e-5
0.11808,97090.90317879856,1.1932944318691204e-5
0.11809,97090.6604641837,1.1927271653530646e-5
0.1181,97090.41775017582,1.1921648124724264e-5
0.11811,97090.17503677492,1.191603875109433e-5
0.11812,97089.93232398099,1.1910418094754197e-5
0.11813,97089.68961179405,1.1904766704457584e-5
0.11814,97089.44690021407,1.18990711155986e-5
0.11815,97089.20418924106,1.1893323850211736e-5
0.11816,97088.96147887503,1.188752341697189e-5
0.11817,97088.71876911598,1.188167431119432e-5
0.11818,97088.47605996388,1.1875787014834681e-5
0.11819,97088.23335141875,1.1869877996489004e-5
0.1182,97087.99064348059,1.1863969711393728e-5
0.11821,97087.74793614939,1.185809060142566e-5
0.11822,97087.50522942515,1.1852275095101984e-5
0.11823,97087.26252330789,1.1846563047118904e-5
0.11824,97087.01981779757,1.1840935384114311e-5
0.11825,97086.77711289421,1.1835338400510109e-5
0.11826,97086.5344085978,1.1829743373782986e-5
0.11827,97086.29170490835,1.1824127566726673e-5
0.11828,97086.04900182586,1.1818474227451905e-5
0.11829,97085.80629935031,1.1812772589386436e-5
0.1183,97085.56359748173,1.1807017871275065e-5
0.11831,97085.32089622007,1.1801211277179589e-5
0.11832,97085.07819556538,1.1795359996478838e-5
0.11833,97084.83549551762,1.1789477203868653e-5
0.11834,97084.59279607682,1.1783582059361925e-5
0.11835,97084.35009724295,1.177769970828854e-5
0.11836,97084.10739901602,1.1771861281295403e-5
0.11837,97083.86470139603,1.1766103894346475e-5
0.11838,97083.62200438298,1.1760455866108116e-5
0.11839,97083.37930797688,1.1754862624051466e-5
0.1184,97083.1366121777,1.1749286405728176e-5
0.11841,97082.89391698544,1.174370118430723e-5
0.11842,97082.65122240013,1.1738086916952326e-5
0.11843,97082.40852842176,1.1732429544821914e-5
0.11844,97082.1658350503,1.1726720993069188e-5
0.11845,97081.92314228577,1.1720959170842108e-5
0.11846,97081.68045012817,1.1715147971283357e-5
0.11847,97081.4377585775,1.1709297271530364e-5
0.11848,97081.19506763373,1.1703422932715328e-5
0.11849,97080.9523772969,1.1697546799965171e-5
0.1185,97080.70968756698,1.1691696702401568e-5
0.11851,97080.46699844398,1.1685906453140928e-5
0.11852,97080.2243099279,1.1680215836400224e-5
0.11853,97079.98162201873,1.1674616651703113e-5
0.11854,97079.73893471649,1.166905139210733e-5
0.11855,97079.49624802114,1.1663490737492734e-5
0.11856,97079.25356193271,1.1657911350413602e-5
0.11857,97079.0108764512,1.1652295876098666e-5
0.11858,97078.76819157659,1.164663294245109e-5
0.11859,97078.52550730888,1.1640917160048507e-5
0.1186,97078.28282364807,1.1635149122142971e-5
0.11861,97078.04014059417,1.1629335404660983e-5
0.11862,97077.79745814718,1.1623488566203482e-5
0.11863,97077.55477630708,1.1617627148045875e-5
0.11864,97077.31209507387,1.1611775674137988e-5
0.11865,97077.06941444757,1.1605964651104088e-5
0.11866,97076.82673442816,1.1600230568242912e-5
0.11867,97076.58405501566,1.159460630504221e-5
0.11868,97076.34137621002,1.1589043117614158e-5
0.11869,97076.0986980113,1.1583499981310657e-5
0.1187,97075.85602041945,1.1577950260418978e-5
0.11871,97075.6133434345,1.1572373300582242e-5
0.11872,97075.37066705643,1.1566754428799428e-5
0.11873,97075.12799128525,1.1561084953425405e-5
0.11874,97074.88531612094,1.1555362164170885e-5
0.11875,97074.64264156352,1.1549589332102452e-5
0.11876,97074.39996761299,1.154377570964255e-5
0.11877,97074.15729426932,1.1537936530569502e-5
0.11878,97073.91462153255,1.1532093010017484e-5
0.11879,97073.67194940263,1.152627234447653e-5
0.1188,97073.4292778796,1.1520507711792562e-5
0.11881,97073.18660696343,1.151483827116735e-5
0.11882,97072.94393665413,1.1509266956329392e-5
0.11883,97072.70126695171,1.1503733251717231e-5
0.11884,97072.45859785617,1.1498206952053377e-5
0.11885,97072.21592936748,1.149266409974021e-5
0.11886,97071.97326148565,1.148708671721994e-5
0.11887,97071.73059421069,1.1481462806974577e-5
0.11888,97071.48792754259,1.1475786351525976e-5
0.11889,97071.24526148135,1.1470057313435783e-5
0.1189,97071.00259602698,1.1464281635305464e-5
0.11891,97070.75993117946,1.145847123977632e-5
0.11892,97070.5172669388,1.1452644029529447e-5
0.11893,97070.27460330499,1.1446823887285767e-5
0.11894,97070.03194027803,1.144104067580601e-5
0.11895,97069.78927785793,1.143533023789074e-5
0.11896,97069.54661604467,1.1429728881618654e-5
0.11897,97069.30395483825,1.1424195475483144e-5
0.11898,97069.0612942387,1.1418685312701684e-5
0.11899,97068.81863424598,1.1413171128794636e-5
0.119,97068.5759748601,1.1407631638007019e-5
0.11901,97068.33331608107,1.1402051533308488e-5
0.11902,97068.09065790888,1.1396421486393375e-5
0.11903,97067.84800034353,1.1390738147680635e-5
0.11904,97067.60534338502,1.1385004146313869e-5
0.11905,97067.36268703334,1.1379228090161354e-5
0.11906,97067.12003128849,1.1373424565815989e-5
0.11907,97066.87737615049,1.1367614138595328e-5
0.11908,97066.63472161931,1.136182335254157e-5
0.11909,97066.39206769496,1.1356084730421583e-5
0.1191,97066.14941437743,1.1350436773726858e-5
0.11911,97065.90676166675,1.1344892176796701e-5
0.11912,97065.66410956287,1.1339389818745928e-5
0.11913,97065.42145806583,1.1333897823557943e-5
0.11914,97065.17880717562,1.132839159364413e-5
0.11915,97064.9361568922,1.1322852508826612e-5
0.11916,97064.69350721563,1.1317267926338263e-5
0.11917,97064.45085814586,1.1311631180822673e-5
0.11918,97064.20820968291,1.130594158433417e-5
0.11919,97063.96556182679,1.1300204426337806e-5
0.1192,97063.72291457746,1.1294430973709398e-5
0.11921,97063.48026793495,1.128863847073546e-5
0.11922,97063.23762189926,1.1282850139113252e-5
0.11923,97062.99497647038,1.1277095177950784e-5
0.11924,97062.75233164828,1.1271408763766778e-5
0.11925,97062.50968743302,1.1265829486215285e-5
0.11926,97062.26704382454,1.1260325544437582e-5
0.11927,97062.02440082288,1.125484820918575e-5
0.11928,97061.78175842801,1.1249369567415343e-5
0.11929,97061.53911663993,1.1243867682178727e-5
0.1193,97061.29647545867,1.1238326592625056e-5
0.11931,97061.0538348842,1.1232736314000304e-5
0.11932,97060.81119491652,1.1227092837647222e-5
0.11933,97060.56855555564,1.1221398131005351e-5
0.11934,97060.32591680154,1.1215660137611064e-5
0.11935,97060.08327865425,1.1209892777097498e-5
0.11936,97059.84064111373,1.1204115945194602e-5
0.11937,97059.59800418,1.1198355513729113e-5
0.11938,97059.35536785306,1.1192643330624586e-5
0.11939,97059.11273213291,1.1187017219901354e-5
0.1194,97058.87009701954,1.1181498169790164e-5
0.11941,97058.62746251294,1.1176026908190085e-5
0.11942,97058.38482861314,1.1170569131560886e-5
0.11943,97058.1421953201,1.1165099582561683e-5
0.11944,97057.89956263384,1.1159598978635642e-5
0.11945,97057.65693055437,1.1154054012010005e-5
0.11946,97057.41429908166,1.1148457349696049e-5
0.11947,97057.17166821573,1.1142807633489103e-5
0.11948,97056.92903795656,1.1137109479968572e-5
0.11949,97056.68640830417,1.1131373480497895e-5
0.1195,97056.44377925854,1.1125616201224577e-5
0.11951,97056.20115081969,1.111986018308016e-5
0.11952,97055.95852298758,1.1114133941780273e-5
0.11953,97055.71589576226,1.1108471967824575e-5
0.11954,97055.47326914368,1.1102913988033869e-5
0.11955,97055.23064313187,1.1097439147717372e-5
0.11956,97054.98801772682,1.1091994454417643e-5
0.11957,97054.74539292853,1.1086551326768553e-5
0.11958,97054.50276873699,1.1081087156878582e-5
0.11959,97054.2601451522,1.107558531033084e-5
0.1196,97054.01752217417,1.1070035126183026e-5
0.11961,97053.77489980288,1.1064431916967457e-5
0.11962,97053.53227803836,1.1058776968691049e-5
0.11963,97053.28965688057,1.105307754083535e-5
0.11964,97053.04703632953,1.1047346866356497e-5
0.11965,97052.80441638525,1.1041604151685234e-5
0.11966,97052.56179704769,1.1035874576726942e-5
0.11967,97052.31917831689,1.1030189294861583e-5
0.11968,97052.07656019281,1.1024585432943735e-5
0.11969,97051.8339426755,1.1019090769028884e-5
0.1197,97051.5913257649,1.1013650309805457e-5
0.11971,97051.34870946105,1.1008226628420154e-5
0.11972,97051.10609376393,1.1002793788027963e-5
0.11973,97050.86347867353,1.0997331823951164e-5
0.11974,97050.62086418988,1.0991826743679357e-5
0.11975,97050.37825031296,1.0986270526869418e-5
0.11976,97050.13563704275,1.0980661125345518e-5
0.11977,97049.89302437929,1.0975002463099151e-5
0.11978,97049.65041232255,1.096930443628909e-5
0.11979,97049.40780087252,1.0963582913241402e-5
0.1198,97049.16519002922,1.0957859734449453e-5
0.11981,97048.92257979263,1.0952162712573929e-5
0.11982,97048.67997016278,1.0946525632442789e-5
0.11983,97048.43736113963,1.0940988235215857e-5
0.11984,97048.19475272321,1.0935542084851146e-5
0.11985,97047.95214491349,1.0930129805903883e-5
0.11986,97047.7095377105,1.092472212896939e-5
0.11987,97047.4669311142,1.0919295755503899e-5
0.11988,97047.22432512463,1.0913833357824583e-5
0.11989,97046.98171974176,1.0908323579109519e-5
0.1199,97046.7391149656,1.0902761033397698e-5
0.11991,97046.49651079615,1.0897146305589055e-5
0.11992,97046.25390723339,1.0891485951444428e-5
0.11993,97046.01130427734,1.0885792497585576e-5
0.11994,97045.768701928,1.0880084441495172e-5
0.11995,97045.52610018535,1.0874386251516837e-5
0.11996,97045.2834990494,1.0868728366855084e-5
0.11997,97045.04089852014,1.0863147197575352e-5
0.11998,97044.79829859757,1.0857675788191114e-5
0.11999,97044.55569928171,1.0852265790606415e-5
0.12,97044.31310057253,1.0846876041072132e-5
0.12001,97044.07050247004,1.0841479903579524e-5
0.12002,97043.82790497426,1.083605671167524e-5
0.12003,97043.58530808515,1.0830591768461278e-5
0.12004,97043.34271180272,1.082507634659501e-5
0.12005,97043.10011612698,1.081950768828917e-5
0.12006,97042.85752105793,1.081388900531189e-5
0.12007,97042.61492659556,1.0808229478986644e-5
0.12008,97042.37233273986,1.0802544260192274e-5
0.12009,97042.12973949085,1.0796854469363017e-5
0.1201,97041.8871468485,1.0791187196488456e-5
0.12011,97041.64455481284,1.0785575501113552e-5
0.12012,97041.40196338385,1.0780058412338626e-5
0.12013,97041.15937256152,1.0774640134771158e-5
0.12014,97040.91678234587,1.0769259997956134e-5
0.12015,97040.6741927369,1.0763887670410626e-5
0.12016,97040.43160373459,1.0758499143324994e-5
0.12017,97040.18901533894,1.0753076376139342e-5
0.12018,97039.94642754996,1.074760729654355e-5
0.12019,97039.70384036764,1.074208580047726e-5
0.1202,97039.46125379199,1.0736511752129897e-5
0.12021,97039.21866782299,1.0730890983940636e-5
0.12022,97038.97608246065,1.0725235296598422e-5
0.12023,97038.73349770498,1.0719562459041963e-5
0.12024,97038.49091355594,1.0713896208459755e-5
0.12025,97038.24833001358,1.0708266250290036e-5
0.12026,97038.00574707786,1.0702708258220815e-5
0.12027,97037.76316474879,1.0697259020656665e-5
0.12028,97037.52058302637,1.0691879094767702e-5
0.12029,97037.2780019106,1.0686523071259162e-5
0.1203,97037.03542140148,1.0681163595379226e-5
0.12031,97036.79284149899,1.0675779279321113e-5
0.12032,97036.55026220316,1.0670354702223034e-5
0.12033,97036.30768351397,1.0664880410168207e-5
0.12034,97036.06510543141,1.065935291618489e-5
0.12035,97035.82252795549,1.0653774700246325e-5
0.12036,97035.57995108621,1.0648154209270775e-5
0.12037,97035.33737482358,1.0642505857121508e-5
0.12038,97035.09479916756,1.063685002460683e-5
0.12039,97034.85222411818,1.0631213059480029e-5
0.1204,97034.60964967545,1.0625627276439417e-5
0.12041,97034.36707583933,1.0620130957128308e-5
0.12042,97034.12450260983,1.0614739054551209e-5
0.12043,97033.88192998698,1.0609390740637367e-5
0.12044,97033.63935797074,1.0604053621103189e-5
0.12045,97033.39678656113,1.059870295730154e-5
0.12046,97033.15421575814,1.0593319976228875e-5
0.12047,97032.91164556176,1.0587891870525255e-5
0.12048,97032.66907597202,1.0582411798474353e-5
0.12049,97032.42650698888,1.0576878884003467e-5
0.1205,97032.18393861236,1.0571298216683485e-5
0.12051,97031.94137084247,1.0565680851728903e-5
0.12052,97031.69880367917,1.0560043809997846e-5
0.12053,97031.4562371225,1.0554410077992025e-5
0.12054,97031.21367117243,1.054880860785677e-5
0.12055,97030.97110582897,1.0543274317381013e-5
0.12056,97030.72854109212,1.0537846239016843e-5
0.12057,97030.48597696188,1.053249594301212e-5
0.12058,97030.24341343823,1.0527173394940788e-5
0.12059,97030.00085052119,1.0521850501741921e-5
0.1206,97029.75828821075,1.051650513469752e-5
0.12061,97029.5157265069,1.0511121129432537e-5
0.12062,97029.27316540966,1.0505688285914857e-5
0.12063,97029.03060491901,1.0500202368455338e-5
0.12064,97028.78804503496,1.049466510570776e-5
0.12065,97028.5454857575,1.0489084190668852e-5
0.12066,97028.30292708664,1.0483473280678285e-5
0.12067,97028.06036902235,1.0477851997418693e-5
0.12068,97027.81781156467,1.0472245926915636e-5
0.12069,97027.57525471356,1.0466686619537619e-5
0.1207,97027.33269846905,1.0461211589996111e-5
0.12071,97027.0901428311,1.0455844579966703e-5
0.12072,97026.84758779976,1.0450527719889712e-5
0.12073,97026.60503337499,1.0445225624279862e-5
0.12074,97026.3624795568,1.0439912805146271e-5
0.12075,97026.11992634519,1.0434569737539843e-5
0.12076,97025.87737374016,1.042918285955328e-5
0.12077,97025.6348217417,1.0423744572321116e-5
0.12078,97025.39227034981,1.0418253240019667e-5
0.12079,97025.1497195645,1.0412713189867057e-5
0.1208,97024.90716938575,1.0407134712123206e-5
0.12081,97024.66461981359,1.0401534060089867e-5
0.12082,97024.42207084797,1.0395933450110569e-5
0.12083,97024.17952248894,1.0390361061570645e-5
0.12084,97023.93697473645,1.0384851036897257e-5
0.12085,97023.69442759054,1.0379443198750101e-5
0.12086,97023.45188105118,1.0374122036063247e-5
0.12087,97023.20933511839,1.0368832665149814e-5
0.12088,97022.96678979216,1.0363546235177511e-5
0.12089,97022.72424507247,1.0358239857056642e-5
0.1209,97022.48170095935,1.0352896603440123e-5
0.12091,97022.23915745279,1.0347505508723466e-5
0.12092,97021.99661455277,1.0342061569044819e-5
0.12093,97021.75407225931,1.0336565742284912e-5
0.12094,97021.51153057239,1.0331024948067082e-5
0.12095,97021.26898949202,1.0325452067757298e-5
0.12096,97021.0264490182,1.0319865944464115e-5
0.12097,97020.78390915092,1.03142913830387e-5
0.12098,97020.54136989018,1.030875915007482e-5
0.12099,97020.298831236,1.0303305973908878e-5
0.121,97020.05629318835,1.0297962428011977e-5
0.12101,97019.81375574722,1.0292676600240523e-5
0.12102,97019.57121891265,1.028740929932298e-5
0.12103,97019.3286826846,1.028213426845113e-5
0.12104,97019.0861470631,1.0276831211264704e-5
0.12105,97018.84361204812,1.0271485791851379e-5
0.12106,97018.60107763969,1.02660896347468e-5
0.12107,97018.35854383776,1.0260640324934545e-5
0.12108,97018.11601064238,1.0255141407846142e-5
0.12109,97017.87347805352,1.0249602389361064e-5
0.1211,97017.63094607118,1.0244038735806755e-5
0.12111,97017.38841469536,1.0238471873958586e-5
0.12112,97017.14588392607,1.0232929191039876e-5
0.12113,97016.90335376331,1.022744403472192e-5
0.12114,97016.66082420707,1.0222055713123933e-5
0.12115,97016.41829525732,1.0216763051783124e-5
0.12116,97016.17576691411,1.0211506509620156e-5
0.12117,97015.93323917741,1.020625638082039e-5
0.12118,97015.69071204722,1.0200988996452632e-5
0.12119,97015.44818552354,1.0195686646740997e-5
0.1212,97015.20565960636,1.0190337581064926e-5
0.12121,97014.9631342957,1.0184936007959148e-5
0.12122,97014.72060959155,1.0179482095113701e-5
0.12123,97014.4780854939,1.0173981969373928e-5
0.12124,97014.23556200275,1.0168447716740495e-5
0.12125,97013.99303911811,1.0162897382369357e-5
0.12126,97013.75051683997,1.0157354970571772e-5
0.12127,97013.50799516831,1.015185044481433e-5
0.12128,97013.26547410317,1.0146419727718902e-5
0.12129,97013.02295364453,1.0141098295589784e-5
0.1213,97012.78043379236,1.0135843023028806e-5
0.12131,97012.5379145467,1.013061023949845e-5
0.12132,97012.29539590754,1.012537289995982e-5
0.12133,97012.05287787486,1.0120109917236305e-5
0.12134,97011.81036044865,1.0114806162013577e-5
0.12135,97011.56784362896,1.0109452462839623e-5
0.12136,97011.32532741573,1.0104045606124688e-5
0.12137,97011.082811809,1.0098588336141307e-5
0.12138,97010.84029680875,1.0093089355024324e-5
0.12139,97010.59778241497,1.0087563322770848e-5
0.1214,97010.35526862768,1.0082030857240284e-5
0.12141,97010.11275544687,1.0076518534154313e-5
0.12142,97009.87024287252,1.0071058887096927e-5
0.12143,97009.62773090466,1.0065690407514387e-5
0.12144,97009.38521954327,1.006042465048398e-5
0.12145,97009.14270878835,1.0055200535206645e-5
0.12146,97008.90019863991,1.0049986499514501e-5
0.12147,97008.65768909793,1.0044758075303176e-5
0.12148,97008.41518016241,1.0039496751036691e-5
0.12149,97008.17267183337,1.003418997174749e-5
0.1215,97007.93016411079,1.0028831139036395e-5
0.12151,97007.68765699466,1.0023419611072636e-5
0.12152,97007.44515048501,1.001796070259386e-5
0.12153,97007.2026445818,1.0012465684906096e-5
0.12154,97006.96013928507,1.0006951785883782e-5
0.12155,97006.71763459478,1.0001442189969753e-5
0.12156,97006.47513051095,9.995966038175264e-6
0.12157,97006.23262703358,9.990558428079949e-6
0.12158,97005.99012416265,9.985257864050727e-6
0.12159,97005.74762189818,9.980032611105777e-6
0.1216,97005.50512024015,9.974834016654849e-6
0.12161,97005.26261918858,9.969634228125703e-6
0.12162,97005.02011874346,9.964411348222977e-6
0.12163,97004.77761890477,9.9591494349282e-6
0.12164,97004.53511967252,9.95383850149976e-6
0.12165,97004.29262104673,9.948474516472924e-6
0.12166,97004.05012302737,9.943059403659827e-6
0.12167,97003.80762561444,9.937601042149504e-6
0.12168,97003.56512880795,9.932113266307836e-6
0.12169,97003.3226326079,9.926615865777588e-6
0.1217,97003.08013701429,9.921134585478413e-6
0.12171,97002.83764202711,9.915701125606822e-6
0.12172,97002.59514764635,9.910353141636208e-6
0.12173,97002.35265387202,9.90511247238431e-6
0.12174,97002.11016070413,9.89992032605841e-6
0.12175,97001.86766814266,9.89474212713458e-6
0.12176,97001.62517618762,9.889552589028388e-6
0.12177,97001.38268483899,9.884332379142558e-6
0.12178,97001.14019409679,9.879068118867007e-6
0.12179,97000.89770396102,9.8737523835788e-6
0.1218,97000.65521443165,9.868383702642165e-6
0.12181,97000.41272550871,9.862966559408525e-6
0.12182,97000.17023719219,9.857511391216443e-6
0.12183,96999.92774948207,9.852034589391664e-6
0.12184,96999.68526237836,9.846558499247086e-6
0.12185,96999.44277588108,9.841111420082805e-6
0.12186,96999.2002899902,9.835727605186056e-6
0.12187,96998.95780470573,9.83044679534891e-6
0.12188,96998.71532002767,9.82525096480758e-6
0.12189,96998.47283595601,9.820086177415619e-6
0.1219,96998.23035249075,9.814923753783198e-6
0.12191,96997.98786963189,9.809740967218421e-6
0.12192,96997.74538737944,9.804521043727359e-6
0.12193,96997.50290573339,9.799253162014007e-6
0.12194,96997.26042469373,9.793932453480304e-6
0.12195,96997.01794426047,9.788560002226154e-6
0.12196,96996.7754644336,9.783142845049385e-6
0.12197,96996.53298521313,9.777693971445777e-6
0.12198,96996.29050659903,9.772232323609044e-6
0.12199,96996.04802859135,9.76678279643087e-6
0.122,96995.80555119005,9.761376237500861e-6
0.12201,96995.56307439512,9.756049447106572e-6
0.12202,96995.3205982066,9.750832139796687e-6
0.12203,96995.07812262444,9.74567144516201e-6
0.12204,96994.83564764868,9.740528775248627e-6
0.12205,96994.5931732793,9.735378005749919e-6
0.12206,96994.35069951629,9.730198963770166e-6
0.12207,96994.10822635966,9.724977427824508e-6
0.12208,96993.86575380941,9.719705127838976e-6
0.12209,96993.62328186553,9.714379745150466e-6
0.1221,96993.38081052803,9.709004912506782e-6
0.12211,96993.13833979689,9.703590214066582e-6
0.12212,96992.89586967214,9.698151185399402e-6
0.12213,96992.65340015374,9.692709313485685e-6
0.12214,96992.41093124171,9.68729203671673e-6
0.12215,96992.16846293605,9.681932744894718e-6
0.12216,96991.92599523676,9.67667077923271e-6
0.12217,96991.68352814381,9.67150366671995e-6
0.12218,96991.44106165724,9.666372247456736e-6
0.12219,96991.19859577702,9.661246953719512e-6
0.1222,96990.95613050317,9.656104210201925e-6
0.12221,96990.71366583568,9.650926391722932e-6
0.12222,96990.47120177453,9.64570182322675e-6
0.12223,96990.22873831974,9.640424779782886e-6
0.12224,96989.9862754713,9.63509548658615e-6
0.12225,96989.74381322922,9.629720118956618e-6
0.12226,96989.50135159347,9.624310802339656e-6
0.12227,96989.25889056409,9.618885612305912e-6
0.12228,96989.01643014104,9.613468574551338e-6
0.12229,96988.77397032434,9.608089664897154e-6
0.1223,96988.53151111398,9.602784809289856e-6
0.12231,96988.28905250995,9.597589257935267e-6
0.12232,96988.04659451229,9.592459435181172e-6
0.12233,96987.80413712094,9.587351932058255e-6
0.12234,96987.56168033594,9.58223976735427e-6
0.12235,96987.31922415727,9.577101908696818e-6
0.12236,96987.07676858494,9.571923272553315e-6
0.12237,96986.83431361894,9.566694724231003e-6
0.12238,96986.59185925926,9.561413077876973e-6
0.12239,96986.34940550593,9.55608109647813e-6
0.1224,96986.10695235891,9.55070749186121e-6
0.12241,96985.86449981823,9.545306924692776e-6
0.12242,96985.62204788387,9.539900004479242e-6
0.12243,96985.37959655582,9.534513289566831e-6
0.12244,96985.1371458341,9.529179287141597e-6
0.12245,96984.89469571871,9.523936453229424e-6
0.12246,96984.65224620963,9.518796281446338e-6
0.12247,96984.40979730687,9.513697731217917e-6
0.12248,96984.16734901041,9.508609280373076e-6
0.12249,96983.9249013203,9.50350648584881e-6
0.1225,96983.68245423646,9.498370852138416e-6
0.12251,96983.44000775895,9.493189831291525e-6
0.12252,96983.19756188776,9.487956822914088e-6
0.12253,96982.95511662286,9.482671174168397e-6
0.12254,96982.71267196428,9.477338179773055e-6
0.12255,96982.47022791201,9.471969082002983e-6
0.12256,96982.22778446603,9.466581070689455e-6
0.12257,96981.98534162635,9.461197283220042e-6
0.12258,96981.74289939298,9.455846804538655e-6
0.12259,96981.50045776591,9.450564667145518e-6
0.1226,96981.25801674514,9.445389416739898e-6
0.12261,96981.01557633065,9.440289820232062e-6
0.12262,96980.77313652246,9.435217064129881e-6
0.12263,96980.53069732057,9.43014329117177e-6
0.12264,96980.28825872496,9.425046590372795e-6
0.12265,96980.04582073566,9.419910997024706e-6
0.12266,96979.80338335263,9.414726492695922e-6
0.12267,96979.56094657589,9.409489005231557e-6
0.12268,96979.31851040544,9.404200408753381e-6
0.12269,96979.07607484127,9.398868523659844e-6
0.1227,96978.83363988338,9.393507116626064e-6
0.12271,96978.59120553177,9.388135900603858e-6
0.12272,96978.34877178645,9.382780534821697e-6
0.12273,96978.1063386474,9.377472624784722e-6
0.12274,96977.86390611462,9.372249722274776e-6
0.12275,96977.62147418813,9.367134355526283e-6
0.12276,96977.3790428679,9.36206811192395e-6
0.12277,96977.13661215395,9.357016162123691e-6
0.12278,96976.89418204626,9.351953176163884e-6
0.12279,96976.65175254486,9.346859769083242e-6
0.1228,96976.4093236497,9.341722500920834e-6
0.12281,96976.16689536082,9.336533876716099e-6
0.12282,96975.9244676782,9.331292346508817e-6
0.12283,96975.68204060185,9.326002305339125e-6
0.12284,96975.43961413176,9.32067409324751e-6
0.12285,96975.19718826792,9.315323995274835e-6
0.12286,96974.95476301033,9.309974241462294e-6
0.12287,96974.71233835902,9.304653006851447e-6
0.12288,96974.46991431394,9.2993944114842e-6
0.12289,96974.22749087513,9.294238190455445e-6
0.1229,96973.98506804257,9.289168105152098e-6
0.12291,96973.74264581625,9.284129615390875e-6
0.12292,96973.50022419619,9.279093968747125e-6
0.12293,96973.25780318238,9.274038356522033e-6
0.12294,96973.01538277481,9.268945913742662e-6
0.12295,96972.77296297348,9.263805719161928e-6
0.12296,96972.53054377841,9.258612795258632e-6
0.12297,96972.28812518956,9.253368108237422e-6
0.12298,96972.04570720697,9.248078568028804e-6
0.12299,96971.8032898306,9.242757028289176e-6
0.123,96971.56087306047,9.237422286400773e-6
0.12301,96971.31845689658,9.232099083471707e-6
0.12302,96971.07604133892,9.226818104335943e-6
0.12303,96970.83362638751,9.221615977553333e-6
0.12304,96970.59121204232,9.216523420882257e-6
0.12305,96970.34879830334,9.211488854444083e-6
0.12306,96970.10638517061,9.206473005242856e-6
0.12307,96969.8639726441,9.201449637377221e-6
0.12308,96969.62156072381,9.196398457396982e-6
0.12309,96969.37914940975,9.191305114303102e-6
0.1231,96969.13673870191,9.186161199547722e-6
0.12311,96968.89432860029,9.180964247034124e-6
0.12312,96968.65191910489,9.175717733116754e-6
0.12313,96968.40951021569,9.170431076601215e-6
0.12314,96968.16710193272,9.165119638744288e-6
0.12315,96967.92469425597,9.159804723253896e-6
0.12316,96967.68228718542,9.154513576289114e-6
0.12317,96967.43988072108,9.149279386460208e-6
0.12318,96967.19747486296,9.144141284828579e-6
0.12319,96966.95506961105,9.139099779919905e-6
0.1232,96966.71266496534,9.134095011118047e-6
0.12321,96966.47026092584,9.129097169143923e-6
0.12322,96966.22785749253,9.124082528632566e-6
0.12323,96965.98545466542,9.119033305391912e-6
0.12324,96965.74305244454,9.113937656402828e-6
0.12325,96965.50065082982,9.10878967981907e-6
0.12326,96965.25824982133,9.103589414967303e-6
0.12327,96965.01584941903,9.098342842347095e-6
0.12328,96964.77344962291,9.093061883630947e-6
0.12329,96964.53105043298,9.087764401664238e-6
0.1233,96964.28865184926,9.08247420046526e-6
0.12331,96964.04625387171,9.077221025225233e-6
0.12332,96963.80385650037,9.072040562308262e-6
0.12333,96963.5614597352,9.066968996546611e-6
0.12334,96963.31906357621,9.061965407230425e-6
0.12335,96963.07666802342,9.056985196049935e-6
0.12336,96962.8342730768,9.052001202282008e-6
0.12337,96962.59187873638,9.046992205097388e-6
0.12338,96962.34948500212,9.041942923560696e-6
0.12339,96962.10709187404,9.036844016630445e-6
0.1234,96961.86469935214,9.031692083159006e-6
0.12341,96961.62230743641,9.026489661892627e-6
0.12342,96961.37991612685,9.02124523147145e-6
0.12343,96961.13752542347,9.015973210429478e-6
0.12344,96960.89513532627,9.010693957194596e-6
0.12345,96960.65274583522,9.005433770088553e-6
0.12346,96960.41035695035,9.000224887327004e-6
0.12347,96960.16796867164,8.995105487019455e-6
0.12348,96959.92558099909,8.990090318832973e-6
0.12349,96959.6831939327,8.985118657782121e-6
0.1235,96959.44080747248,8.980158239748023e-6
0.12351,96959.1984216184,8.975184403806154e-6
0.12352,96958.95603637051,8.970178427649682e-6
0.12353,96958.71365172876,8.965127527589496e-6
0.12354,96958.47126769315,8.960024858554155e-6
0.12355,96958.22888426372,8.954869514089928e-6
0.12356,96957.98650144042,8.949666526360768e-6
0.12357,96957.74411922328,8.94442686614835e-6
0.12358,96957.5017376123,8.939167442852022e-6
0.12359,96957.25935660745,8.933911104488828e-6
0.1236,96957.01697620876,8.928686637693533e-6
0.12361,96956.7745964162,8.923528767718576e-6
0.12362,96956.53221722979,8.918476585218713e-6
0.12363,96956.28983864952,8.91350319900836e-6
0.12364,96956.04746067539,8.908558098363678e-6
0.12365,96955.8050833074,8.903613178803039e-6
0.12366,96955.56270654555,8.898646273190222e-6
0.12367,96955.32033038982,8.89364115173443e-6
0.12368,96955.07795484024,8.888587521990253e-6
0.12369,96954.83557989678,8.88348102885769e-6
0.1237,96954.59320555946,8.878323254582136e-6
0.12371,96954.35083182825,8.873121718754416e-6
0.12372,96954.1084587032,8.867889878310737e-6
0.12373,96953.86608618425,8.86264712753271e-6
0.12374,96953.62371427144,8.85741879804737e-6
0.12375,96953.38134296474,8.852236158827138e-6
0.12376,96953.13897226416,8.847136416189848e-6
0.12377,96952.89660216971,8.842145178599852e-6
0.12378,96952.65423268138,8.83720594068521e-6
0.12379,96952.41186379916,8.832282503617431e-6
0.1238,96952.16949552306,8.827349251970364e-6
0.12381,96951.92712785308,8.822386506395402e-6
0.12382,96951.6847607892,8.817380523621519e-6
0.12383,96951.44239433143,8.812323496455226e-6
0.12384,96951.20002847978,8.807213553780591e-6
0.12385,96950.95766323424,8.802054760559258e-6
0.12386,96950.71529859479,8.796857117830407e-6
0.12387,96950.47293456145,8.791636562710783e-6
0.12388,96950.23057113422,8.786414968394684e-6
0.12389,96949.9882083131,8.78122014415398e-6
0.1239,96949.74584609806,8.776085835338083e-6
0.12391,96949.50348448912,8.771051678089489e-6
0.12392,96949.26112348629,8.766107642894453e-6
0.12393,96949.01876308954,8.761197056370832e-6
0.12394,96948.77640329889,8.756290851346299e-6
0.12395,96948.53404411435,8.75136589546225e-6
0.12396,96948.29168553588,8.746404991173834e-6
0.12397,96948.04932756351,8.741396875749902e-6
0.12398,96947.80697019723,8.736336221273036e-6
0.12399,96947.56461343703,8.731223634639568e-6
0.124,96947.32225728291,8.726065657559538e-6
0.12401,96947.07990173489,8.720874766556718e-6
0.12402,96946.83754679294,8.715669372968607e-6
0.12403,96946.59519245707,8.71047382294645e-6
0.12404,96946.35283872728,8.705318397455198e-6
0.12405,96946.11048560357,8.700239312273543e-6
0.12406,96945.86813308594,8.695269804796645e-6
0.12407,96945.62578117437,8.690362229819404e-6
0.12408,96945.38342986889,8.68547526427199e-6
0.12409,96945.14107916948,8.680582319352314e-6
0.1241,96944.89872907613,8.675662739809577e-6
0.12411,96944.65637958885,8.670701803944208e-6
0.12412,96944.41403070764,8.66569072360791e-6
0.12413,96944.1716824325,8.66062664420364e-6
0.12414,96943.92933476342,8.65551264468563e-6
0.12415,96943.68698770039,8.650357737559357e-6
0.12416,96943.44464124343,8.645176868881553e-6
0.12417,96943.20229539255,8.639990918260239e-6
0.12418,96942.9599501477,8.634826698854667e-6
0.12419,96942.71760550892,8.62971695737536e-6
0.1242,96942.47526147618,8.624700374084094e-6
0.12421,96942.23291804951,8.619784139551815e-6
0.12422,96941.99057522889,8.614907397624725e-6
0.12423,96941.74823301431,8.610039483479156e-6
0.12424,96941.50589140579,8.605156280739782e-6
0.12425,96941.26355040331,8.600239605320172e-6
0.12426,96941.02121000687,8.595277205422757e-6
0.12427,96940.77887021648,8.590262761538846e-6
0.12428,96940.53653103215,8.58519588644865e-6
0.12429,96940.29419245383,8.580082125221235e-6
0.1243,96940.05185448157,8.574932955214553e-6
0.12431,96939.80951711534,8.56976578607543e-6
0.12432,96939.56718035515,8.564603959739593e-6
0.12433,96939.324844201,8.559476750431622e-6
0.12434,96939.08250865288,8.554419364664985e-6
0.12435,96938.84017371079,8.549469633165604e-6
0.12436,96938.59783937474,8.544592881371564e-6
0.12437,96938.3555056447,8.539741807418898e-6
0.12438,96938.1131725207,8.534888830396879e-6
0.12439,96937.87084000272,8.530012300421325e-6
0.1244,96937.62850809077,8.525096498634562e-6
0.12441,96937.38617678484,8.520131637205442e-6
0.12442,96937.14384608493,8.515113859329358e-6
0.12443,96936.90151599103,8.510045239228216e-6
0.12444,96936.65918650317,8.504933782150451e-6
0.12445,96936.41685762131,8.499793424371017e-6
0.12446,96936.17452934547,8.494644033191417e-6
0.12447,96935.93220167565,8.489511406939655e-6
0.12448,96935.68987461184,8.484427274970273e-6
0.12449,96935.44754815404,8.47942929766433e-6
0.1245,96935.20522230225,8.474538077183047e-6
0.12451,96934.96289705645,8.469694433432744e-6
0.12452,96934.72057241669,8.464864318874253e-6
0.12453,96934.4782483829,8.460022614428348e-6
0.12454,96934.23592495514,8.455150130779197e-6
0.12455,96933.99360213337,8.450233608374392e-6
0.12456,96933.7512799176,8.445265717424936e-6
0.12457,96933.50895830782,8.440245057905263e-6
0.12458,96933.26663730406,8.435176159553212e-6
0.12459,96933.02431690627,8.430069481870031e-6
0.1246,96932.78199711449,8.424941414120408e-6
0.12461,96932.53967792871,8.419814275332427e-6
0.12462,96932.29735934892,8.414716314297595e-6
0.12463,96932.0550413751,8.409681709570826e-6
0.12464,96931.81272400728,8.40475008841687e-6
0.12465,96931.57040724544,8.399903236556721e-6
0.12466,96931.3280910896,8.39508740010172e-6
0.12467,96931.08577553973,8.39027398738963e-6
0.12468,96930.84346059585,8.385440335257543e-6
0.12469,96930.60114625793,8.380569709041898e-6
0.1247,96930.35883252602,8.375651302578473e-6
0.12471,96930.11651940006,8.370680238202409e-6
0.12472,96929.8742068801,8.365657566748169e-6
0.12473,96929.63189496609,8.36059026754957e-6
0.12474,96929.38958365808,8.355491248439761e-6
0.12475,96929.14727295602,8.350379345751261e-6
0.12476,96928.90496285993,8.34527932431591e-6
0.12477,96928.66265336983,8.340221877464887e-6
0.12478,96928.42034448567,8.335243627028742e-6
0.12479,96928.1780362075,8.33037483206673e-6
0.1248,96927.93572853527,8.325563459276168e-6
0.12481,96927.69342146901,8.320770581705351e-6
0.12482,96927.45111500872,8.315970058941487e-6
0.12483,96927.20880915438,8.311141677809621e-6
0.12484,96926.966503906,8.306271152372668e-6
0.12485,96926.72419926358,8.30135012393143e-6
0.12486,96926.48189522712,8.296376161024548e-6
0.12487,96926.2395917966,8.291352759428545e-6
0.12488,96925.99728897204,8.286289342157792e-6
0.12489,96925.75498675343,8.281201259464556e-6
0.1249,96925.51268514075,8.276109788838941e-6
0.12491,96925.27038413404,8.271042135008928e-6
0.12492,96925.02808373327,8.266031429940356e-6
0.12493,96924.78578393844,8.261116732836948e-6
0.12494,96924.54348474956,8.256298623050211e-6
0.12495,96924.30118616662,8.251517292092241e-6
0.12496,96924.05888818961,8.246742971903364e-6
0.12497,96923.81659081855,8.241951967387623e-6
0.12498,96923.57429405343,8.237126509430118e-6
0.12499,96923.33199789422,8.232254754897001e-6
0.125,96923.08970234096,8.227330786635497e-6
0.12501,96922.84740739364,8.222354613473856e-6
0.12502,96922.60511305224,8.217332170221417e-6
0.12503,96922.36281931677,8.212275317668524e-6
0.12504,96922.12052618722,8.207201842586617e-6
0.12505,96921.8782336636,8.202135457728187e-6
0.12506,96921.63594174592,8.19710580182674e-6
0.12507,96921.39365043414,8.19214843959689e-6
0.12508,96921.15135972829,8.187299768588216e-6
0.12509,96920.90906962835,8.182519754571583e-6
0.1251,96920.66678013434,8.177763476299063e-6
0.12511,96920.42449124626,8.173003753355472e-6
0.12512,96920.18220296408,8.16821933005309e-6
0.12513,96919.93991528782,8.163394875431627e-6
0.12514,96919.69762821746,8.15852098325817e-6
0.12515,96919.45534175303,8.153594172027273e-6
0.12516,96919.21305589449,8.148616884960923e-6
0.12517,96918.97077064186,8.143597490008483e-6
0.12518,96918.72848599515,8.138550279846784e-6
0.12519,96918.48620195434,8.13349547188008e-6
0.1252,96918.24391851942,8.128459208240016e-6
0.12521,96918.00163569041,8.123473555785705e-6
0.12522,96917.7593534673,8.118576506103643e-6
0.12523,96917.5170718501,8.11378435687495e-6
0.12524,96917.27479083878,8.109036716924002e-6
0.12525,96917.03251043336,8.104300944789978e-6
0.12526,96916.79023063385,8.099552294845797e-6
0.12527,96916.54795144021,8.094771944937218e-6
0.12528,96916.30567285247,8.089946996382802e-6
0.12529,96916.06339487062,8.085070473973985e-6
0.1253,96915.82111749466,8.080141325975047e-6
0.12531,96915.57884072459,8.075164424123064e-6
0.12532,96915.33656456039,8.070150563628008e-6
0.12533,96915.09428900208,8.065116463172634e-6
0.12534,96914.85201404967,8.060084764912577e-6
0.12535,96914.60973970311,8.055084034476316e-6
0.12536,96914.36746596245,8.050148760965122e-6
0.12537,96914.12519282766,8.045318246146018e-6
0.12538,96913.88292029875,8.040568589096966e-6
0.12539,96913.64064837572,8.035848192423615e-6
0.1254,96913.39837705855,8.031128817193203e-6
0.12541,96913.15610634725,8.026388146691468e-6
0.12542,96912.91383624183,8.021609786422608e-6
0.12543,96912.67156674227,8.016783264109363e-6
0.12544,96912.42929784858,8.011904029692975e-6
0.12545,96912.18702956075,8.006973455333145e-6
0.12546,96911.9447618788,8.001998835408128e-6
0.12547,96911.7024948027,7.996993386514631e-6
0.12548,96911.46022833246,7.991976247467897e-6
0.12549,96911.21796246809,7.986972479301674e-6
0.1255,96910.97569720956,7.982013065268167e-6
0.12551,96910.7334325569,7.977134910838126e-6
0.12552,96910.4911685101,7.972365747447542e-6
0.12553,96910.24890506914,7.967650897184599e-6
0.12554,96910.00664223403,7.962953051601096e-6
0.12555,96909.76438000478,7.958246396049267e-6
0.12556,96909.52211838137,7.953511036848077e-6
0.12557,96909.27985736381,7.948733001283307e-6
0.12558,96909.0375969521,7.943904237607449e-6
0.12559,96908.79533714622,7.939022615039808e-6
0.1256,96908.5530779462,7.934091923766451e-6
0.12561,96908.31081935202,7.929121874940171e-6
0.12562,96908.06856136367,7.924128100680571e-6
0.12563,96907.82630398116,7.919132154074017e-6
0.12564,96907.58404720448,7.914161509173605e-6
0.12565,96907.34179103364,7.909249560999234e-6
0.12566,96907.09953546865,7.904435625537573e-6
0.12567,96906.85728050947,7.899715220642145e-6
0.12568,96906.61502615613,7.895029904004035e-6
0.12569,96906.37277240862,7.890350350569022e-6
0.1257,96906.13051926694,7.885653164108525e-6
0.12571,96905.88826673107,7.880920868110817e-6
0.12572,96905.64601480104,7.876141905780977e-6
0.12573,96905.40376347683,7.871310640040964e-6
0.12574,96905.16151275844,7.866427353529594e-6
0.12575,96904.91926264587,7.861498248602481e-6
0.12576,96904.67701313911,7.856535447332132e-6
0.12577,96904.43476423818,7.851556991507899e-6
0.12578,96904.19251594305,7.846586842635935e-6
0.12579,96903.95026825374,7.84165488193929e-6
0.1258,96903.70802117026,7.836796910357852e-6
0.12581,96903.46577469257,7.832048093985682e-6
0.12582,96903.22352882069,7.82736504088075e-6
0.12583,96902.98128355462,7.822704419273636e-6
0.12584,96902.73903889436,7.818039327028708e-6
0.12585,96902.49679483991,7.813348780479309e-6
0.12586,96902.25455139125,7.808617714427717e-6
0.12587,96902.01230854841,7.803836982145222e-6
0.12588,96901.77006631135,7.799003355372093e-6
0.12589,96901.5278246801,7.794119524317524e-6
0.1259,96901.28558365464,7.789194097659733e-6
0.12591,96901.04334323498,7.784241602545904e-6
0.12592,96900.80110342111,7.779282484592161e-6
0.12593,96900.55886421305,7.774343107883651e-6
0.12594,96900.31662561075,7.769455754974445e-6
0.12595,96900.07438761427,7.764658626887624e-6
0.12596,96899.83215022356,7.759964898069032e-6
0.12597,96899.58991343864,7.755313771401993e-6
0.12598,96899.3476772595,7.750673435521551e-6
0.12599,96899.10544168616,7.746019396248237e-6
0.126,96898.86320671858,7.741333076626534e-6
0.12601,96898.6209723568,7.736601816924942e-6
0.12602,96898.37873860079,7.73181887463595e-6
0.12603,96898.13650545056,7.72698342447599e-6
0.12604,96897.8942729061,7.722100558385518e-6
0.12605,96897.65204096741,7.717181285528973e-6
0.12606,96897.40980963451,7.71224253229474e-6
0.12607,96897.16757890736,7.707307142295244e-6
0.12608,96896.925348786,7.702403876366834e-6
0.12609,96896.6831192704,7.697567412569888e-6
0.1261,96896.44089036057,7.692836690788518e-6
0.12611,96896.1986620565,7.688184346389948e-6
0.12612,96895.9564343582,7.683560160490195e-6
0.12613,96895.71420726566,7.678936125048647e-6
0.12614,96895.47198077888,7.674290148005617e-6
0.12615,96895.22975489785,7.669606053282416e-6
0.12616,96894.9875296226,7.664873580781321e-6
0.12617,96894.74530495307,7.66008838638553e-6
0.12618,96894.50308088932,7.655252041959256e-6
0.12619,96894.26085743132,7.650372035347622e-6
0.1262,96894.01863457907,7.645461770376757e-6
0.12621,96893.77641233258,7.640540566853742e-6
0.12622,96893.53419069183,7.635633660566595e-6
0.12623,96893.29196965683,7.630772203284321e-6
0.12624,96893.04974922758,7.625993262756899e-6
0.12625,96892.80752940406,7.621322863057914e-6
0.12626,96892.56531018628,7.616704943058682e-6
0.12627,96892.32309157425,7.612103137537284e-6
0.12628,96892.08087356796,7.607491836003343e-6
0.12629,96891.83865616741,7.602851342704174e-6
0.1263,96891.59643937259,7.5981678766247405e-6
0.12631,96891.35422318352,7.593433571487622e-6
0.12632,96891.11200760017,7.588646475753103e-6
0.12633,96890.86979262254,7.583810552619062e-6
0.12634,96890.62757825066,7.5789356800210736e-6
0.12635,96890.38536448451,7.574037650632364e-6
0.12636,96890.14315132408,7.56913817186377e-6
0.12637,96889.90093876938,7.564264865863821e-6
0.12638,96889.65872682039,7.559451269518698e-6
0.12639,96889.41651547713,7.5547368292061275e-6
0.1264,96889.1743047396,7.550114004295159e-6
0.12641,96888.9320946078,7.545525375242066e-6
0.12642,96888.6898850817,7.5409418098175634e-6
0.12643,96888.44767616132,7.536340089284987e-6
0.12644,96888.20546784665,7.531702908400193e-6
0.12645,96887.9632601377,7.5270188754116445e-6
0.12646,96887.72105303446,7.5222825120603766e-6
0.12647,96887.47884653692,7.517494253579952e-6
0.12648,96887.2366406451,7.5126604486965454e-6
0.12649,96886.994435359,7.507793359628901e-6
0.1265,96886.7522306786,7.5029111620882916e-6
0.12651,96886.5100266039,7.498037945278602e-6
0.12652,96886.2678231349,7.493203711896285e-6
0.12653,96886.0256202716,7.4884443781303245e-6
0.12654,96885.783418014,7.483794353592299e-6
0.12655,96885.54121636211,7.479208558967066e-6
0.12656,96885.2990153159,7.474644508913385e-6
0.12657,96885.0568148754,7.4700754583906105e-6
0.12658,96884.81461504058,7.465480574606781e-6
0.12659,96884.57241581148,7.460844937018717e-6
0.1266,96884.33021718804,7.456159537331976e-6
0.12661,96884.0880191703,7.4514212795008135e-6
0.12662,96883.84582175825,7.446632979728267e-6
0.12663,96883.6036249519,7.441803366466113e-6
0.12664,96883.36142875122,7.436947080414824e-6
0.12665,96883.11923315622,7.432084674523655e-6
0.12666,96882.8770381669,7.427242613990598e-6
0.12667,96882.63484378326,7.422453276262346e-6
0.12668,96882.39265000532,7.417754951034381e-6
0.12669,96882.15045683304,7.413159198153554e-6
0.1267,96881.90826426644,7.40860515209486e-6
0.12671,96881.66607230552,7.404061385457309e-6
0.12672,96881.42388095026,7.399503534580619e-6
0.12673,96881.18169020068,7.39491314681208e-6
0.12674,96880.93950005677,7.3902776805065246e-6
0.12675,96880.69731051852,7.385590505026281e-6
0.12676,96880.45512158594,7.380850900741254e-6
0.12677,96880.21293325903,7.3760640590288895e-6
0.12678,96879.97074553778,7.37124108227413e-6
0.12679,96879.7285584222,7.366398983869496e-6
0.1268,96879.48637191227,7.361560688215046e-6
0.12681,96879.244186008,7.3567550307183375e-6
0.12682,96879.0020007094,7.3520167577945175e-6
0.12683,96878.75981601645,7.3473846017863995e-6
0.12684,96878.51763192915,7.34282974848625e-6
0.12685,96878.2754484475,7.338302586979464e-6
0.12686,96878.03326557152,7.333775219426769e-6
0.12687,96877.79108330117,7.329225657756888e-6
0.12688,96877.54890163647,7.324637823666501e-6
0.12689,96877.30672057743,7.320001548620211e-6
0.1269,96877.06454012402,7.315312573850614e-6
0.12691,96876.82236027626,7.310572550358265e-6
0.12692,96876.58018103415,7.305789038911639e-6
0.12693,96876.33800239768,7.300975510047222e-6
0.12694,96876.09582436684,7.296151344069401e-6
0.12695,96875.85364694164,7.291341831050565e-6
0.12696,96875.61147012208,7.2865781708310605e-6
0.12697,96875.36929390815,7.28189747301915e-6
0.12698,96875.12711829986,7.27732510563484e-6
0.12699,96874.8849432972,7.272804568694065e-6
0.127,96874.64276890017,7.26829984033047e-6
0.12701,96874.40059510877,7.263785393745114e-6
0.12702,96874.158421923,7.259241610669925e-6
0.12703,96873.91624934284,7.254654781367659e-6
0.12704,96873.67407736833,7.250017104631989e-6
0.12705,96873.43190599942,7.245326687787406e-6
0.12706,96873.18973523614,7.240587546689302e-6
0.12707,96872.94756507847,7.235809605723939e-6
0.12708,96872.70539552644,7.231008697808404e-6
0.12709,96872.46322658002,7.226206564390695e-6
0.1271,96872.2210582392,7.2214308554496684e-6
0.12711,96871.978890504,7.216715129495015e-6
0.12712,96871.73672337443,7.212098839885313e-6
0.12713,96871.49455685045,7.207573635895744e-6
0.12714,96871.25239093209,7.203082398791731e-6
0.12715,96871.01022561933,7.198596059737349e-6
0.12716,96870.76806091217,7.19409145719345e-6
0.12717,96870.52589681064,7.189551336917612e-6
0.12718,96870.28373331469,7.184964351964243e-6
0.12719,96870.04157042435,7.180325062684463e-6
0.1272,96869.7994081396,7.175633936726209e-6
0.12721,96869.55724646046,7.170897349034184e-6
0.12722,96869.31508538692,7.166127581849828e-6
0.12723,96869.07292491898,7.161342824711387e-6
0.12724,96868.83076505661,7.156567174453883e-6
0.12725,96868.58860579986,7.151830635209066e-6
0.12726,96868.34644714868,7.147169118405499e-6
0.12727,96868.1042891031,7.142616902397741e-6
0.12728,96867.8621316631,7.138128695532355e-6
0.12729,96867.61997482869,7.133662150622937e-6
0.1273,96867.37781859987,7.129190559558657e-6
0.12731,96867.13566297662,7.124693120294099e-6
0.12732,96866.89350795897,7.120154936849222e-6
0.12733,96866.65135354688,7.115567019309324e-6
0.12734,96866.40919974039,7.110926283825113e-6
0.12735,96866.16704653947,7.106235552612678e-6
0.12736,96865.92489394413,7.10150355395344e-6
0.12737,96865.68274195436,7.096744922194238e-6
0.12738,96865.44059057016,7.091980197747285e-6
0.12739,96865.19843979152,7.087235827090129e-6
0.1274,96864.95628961847,7.082544162765737e-6
0.12741,96864.71414005099,7.077943463382447e-6
0.12742,96864.47199108906,7.07344534111804e-6
0.12743,96864.2298427327,7.068988961890823e-6
0.12744,96863.9876949819,7.064542905409457e-6
0.12745,96863.74554783668,7.060082818538421e-6
0.12746,96863.503401297,7.055590252977604e-6
0.12747,96863.26125536289,7.051052665262268e-6
0.12748,96863.01911003434,7.046463416763125e-6
0.12749,96862.77696531134,7.0418217736862925e-6
0.1275,96862.5348211939,7.037132907073264e-6
0.12751,96862.29267768201,7.032407892800979e-6
0.12752,96862.05053477567,7.027663711581788e-6
0.12753,96861.80839247488,7.022923248963411e-6
0.12754,96861.56625077964,7.018215295329033e-6
0.12755,96861.32410968994,7.0135745458971955e-6
0.12756,96861.0819692058,7.009039764327246e-6
0.12757,96860.83982932719,7.004582597998753e-6
0.12758,96860.59769005413,7.00015328211619e-6
0.12759,96860.35555138662,6.99572390917696e-6
0.1276,96860.11341332464,6.991272475284798e-6
0.12761,96859.8712758682,6.986782880149746e-6
0.12762,96859.62913901728,6.982244927088216e-6
0.12763,96859.38700277191,6.977654323022964e-6
0.12764,96859.14486713208,6.973012678483043e-6
0.12765,96858.90273209778,6.968327507603886e-6
0.12766,96858.66059766899,6.963612228127261e-6
0.12767,96858.41846384575,6.958886161401238e-6
0.12768,96858.17633062803,6.954174532380279e-6
0.12769,96857.93419801584,6.949508469625128e-6
0.1277,96857.69206600917,6.944925005302911e-6
0.12771,96857.44993460803,6.9404499831337e-6
0.12772,96857.2078038124,6.936027287549633e-6
0.12773,96856.9656736223,6.931620670969095e-6
0.12774,96856.72354403771,6.927204570638208e-6
0.12775,96856.48141505863,6.92275932617987e-6
0.12776,96856.23928668509,6.918271179593837e-6
0.12777,96855.99715891705,6.913732275256681e-6
0.12778,96855.75503175451,6.909140659921754e-6
0.12779,96855.5129051975,6.904500282719275e-6
0.1278,96855.27077924598,6.89982099515623e-6
0.12781,96855.02865389998,6.895118551116462e-6
0.12782,96854.7865291595,6.89041460686063e-6
0.12783,96854.5444050245,6.885736721026173e-6
0.12784,96854.30228149501,6.881118354627385e-6
0.12785,96854.06015857102,6.876598869625413e-6
0.12786,96853.81803625255,6.872171338500733e-6
0.12787,96853.57591453956,6.867778192388105e-6
0.12788,96853.33379343206,6.863390306419138e-6
0.12789,96853.09167293007,6.858984456872887e-6
0.1279,96852.84955303356,6.854543321175929e-6
0.12791,96852.60743374255,6.850055477902323e-6
0.12792,96852.36531505705,6.845515406773574e-6
0.12793,96852.12319697702,6.840923488658722e-6
0.12794,96851.88107950248,6.836286005574236e-6
0.12795,96851.63896263343,6.8316151406841115e-6
0.12796,96851.39684636985,6.826928978299824e-6
0.12797,96851.15473071177,6.822251503880296e-6
0.12798,96850.91261565917,6.81761260403197e-6
0.12799,96850.67050121205,6.813048066508773e-6
0.128,96850.4283873704,6.8085926811051485e-6
0.12801,96850.18627413423,6.804202382004878e-6
0.12802,96849.94416150355,6.799834260866599e-6
0.12803,96849.70204947832,6.795461527364283e-6
0.12804,96849.45993805859,6.791063291091973e-6
0.12805,96849.21782724431,6.786624561563691e-6
0.12806,96848.97571703552,6.782136248213521e-6
0.12807,96848.73360743218,6.777595160395574e-6
0.12808,96848.4914984343,6.77300400738395e-6
0.12809,96848.2493900419,6.768371398372813e-6
0.1281,96848.00728225497,6.763711842476352e-6
0.12811,96847.7651750735,6.759045748728747e-6
0.12812,96847.52306849748,6.754399426084238e-6
0.12813,96847.28096252693,6.749805083417095e-6
0.12814,96847.03885716182,6.745300829521576e-6
0.12815,96846.7967524022,6.740899977179972e-6
0.12816,96846.554648248,6.7365418316640065e-6
0.12817,96846.31254469926,6.7321946029334585e-6
0.12818,96846.07044175599,6.727833829479329e-6
0.12819,96845.82833941815,6.723440948489658e-6
0.1282,96845.58623768577,6.719003295849589e-6
0.12821,96845.34413655884,6.714514106141341e-6
0.12822,96845.10203603734,6.709972512644166e-6
0.12823,96844.8599361213,6.705383547334426e-6
0.12824,96844.61783681069,6.700758140885555e-6
0.12825,96844.37573810553,6.696113122668018e-6
0.12826,96844.1336400058,6.691471220749393e-6
0.12827,96843.89154251151,6.686861061894329e-6
0.12828,96843.64944562266,6.682317171564508e-6
0.12829,96843.40734933925,6.6778785551271535e-6
0.1283,96843.16525366127,6.673519246903734e-6
0.12831,96842.92315858872,6.669188569785424e-6
0.12832,96842.6810641216,6.6648584879034e-6
0.12833,96842.43897025991,6.660506862865584e-6
0.12834,96842.19687700365,6.656117453756718e-6
0.12835,96841.95478435281,6.651679917138327e-6
0.12836,96841.71269230741,6.647189807048681e-6
0.12837,96841.47060086741,6.642648575002873e-6
0.12838,96841.22851003284,6.638063569992777e-6
0.12839,96840.9864198037,6.633448038487014e-6
0.1284,96840.74433017996,6.628821124431038e-6
0.12841,96840.50224116165,6.624207869247035e-6
0.12842,96840.26015274876,6.619639211834014e-6
0.12843,96840.01806494128,6.615151988567767e-6
0.12844,96839.7759777392,6.610773574818043e-6
0.12845,96839.53389114254,6.606449145004736e-6
0.12846,96839.29180515128,6.602141639518129e-6
0.12847,96839.04971976545,6.597825341142715e-6
0.12848,96838.807634985,6.5934804289209664e-6
0.12849,96838.56555080997,6.589092978153303e-6
0.1285,96838.32346724035,6.584654960398054e-6
0.12851,96838.08138427611,6.5801642434715315e-6
0.12852,96837.83930191728,6.575624591447997e-6
0.12853,96837.59722016385,6.571045664659616e-6
0.12854,96837.35513901582,6.566443019696554e-6
0.12855,96837.11305847319,6.561838109406871e-6
0.12856,96836.87097853594,6.557258282896613e-6
0.12857,96836.6288992041,6.552736785529769e-6
0.12858,96836.38682047764,6.548312758928238e-6
0.12859,96836.14474235657,6.543982885264913e-6
0.1286,96835.90266484088,6.539688487747918e-6
0.12861,96835.66058793059,6.535400240725504e-6
0.12862,96835.41851162567,6.531094739965327e-6
0.12863,96835.17643592614,6.526754476275134e-6
0.12864,96834.934360832,6.522367835502721e-6
0.12865,96834.69228634324,6.517929098536025e-6
0.12866,96834.45021245985,6.51343844130302e-6
0.12867,96834.20813918185,6.508901934771807e-6
0.12868,96833.96606650921,6.504331544950576e-6
0.12869,96833.72399444196,6.499745132887565e-6
0.1287,96833.48192298006,6.495166454671141e-6
0.12871,96833.23985212356,6.49062516142976e-6
0.12872,96832.99778187241,6.486156799331927e-6
0.12873,96832.75571222663,6.481797197748355e-6
0.12874,96832.51364318622,6.477505077231012e-6
0.12875,96832.27157475118,6.473236250897659e-6
0.12876,96832.02950692149,6.468963728023065e-6
0.12877,96831.78743969717,6.464666411703915e-6
0.12878,96831.54537307823,6.460329098858785e-6
0.12879,96831.30330706463,6.4559424802282155e-6
0.1288,96831.06124165638,6.451503140374624e-6
0.12881,96830.8191768535,6.4470135576823835e-6
0.12882,96830.57711265597,6.4424821043577884e-6
0.12883,96830.3350490638,6.437923046429017e-6
0.12884,96830.09298607698,6.433356543746208e-6
0.12885,96829.8509236955,6.428808649981418e-6
0.12886,96829.60886191938,6.424311312628592e-6
0.12887,96829.3668007486,6.419902373003629e-6
0.12888,96829.12474018316,6.415598302403143e-6
0.12889,96828.88268022308,6.411338901454967e-6
0.1289,96828.64062086833,6.407091565463164e-6
0.12891,96828.39856211893,6.402831606599442e-6
0.12892,96828.15650397487,6.398540229639684e-6
0.12893,96827.91444643613,6.394204531963915e-6
0.12894,96827.67238950274,6.389817503556268e-6
0.12895,96827.43033317469,6.38537802700505e-6
0.12896,96827.18827745196,6.380890877502711e-6
0.12897,96826.94622233458,6.376366722845807e-6
0.12898,96826.70416782252,6.37182212343507e-6
0.12899,96826.46211391578,6.367279532275375e-6
0.129,96826.22006061439,6.362767294975701e-6
0.12901,96825.97800791831,6.358319649749206e-6
0.12902,96825.73595582755,6.353975918101531e-6
0.12903,96825.49390434212,6.3497145732502235e-6
0.12904,96825.25185346202,6.345483266359713e-6
0.12905,96825.00980318722,6.3412537154664395e-6
0.12906,96824.76775351775,6.337003529994126e-6
0.12907,96824.5257044536,6.33271621075374e-6
0.12908,96824.28365599476,6.328381149943455e-6
0.12909,96824.04160814124,6.3239936311487265e-6
0.1291,96823.79956089302,6.319554829342255e-6
0.12911,96823.55751425012,6.315071810883945e-6
0.12912,96823.31546821253,6.3105575335209864e-6
0.12913,96823.07342278025,6.306030846387813e-6
0.12914,96822.83137795326,6.301516490006062e-6
0.12915,96822.5893337316,6.297045096284669e-6
0.12916,96822.34729011523,6.292653188519762e-6
0.12917,96822.10524710416,6.288370507459022e-6
0.12918,96821.8632046984,6.284144695754678e-6
0.12919,96821.62116289792,6.279937234450698e-6
0.1292,96821.37912170275,6.275722134401149e-6
0.12921,96821.13708111287,6.271479296633529e-6
0.12922,96820.89504112829,6.2671945123487365e-6
0.12923,96820.653001749,6.2628594629211326e-6
0.12924,96820.410962975,6.258471719898512e-6
0.12925,96820.16892480629,6.254034745002067e-6
0.12926,96819.92688724287,6.249557890126455e-6
0.12927,96819.68485028474,6.245056397339768e-6
0.12928,96819.44281393189,6.240551398883491e-6
0.12929,96819.20077818431,6.236069917172591e-6
0.1293,96818.95874304204,6.231644864795419e-6
0.12931,96818.71670850503,6.227315044513791e-6
0.12932,96818.47467457331,6.223082579747408e-6
0.12933,96818.23264124687,6.218887511255916e-6
0.12934,96817.9906085257,6.21470001940463e-6
0.12935,96817.7485764098,6.2104964022279336e-6
0.12936,96817.50654489917,6.206258846722702e-6
0.12937,96817.26451399381,6.2019754288483775e-6
0.12938,96817.02248369374,6.1976401135269315e-6
0.12939,96816.78045399892,6.193252754642829e-6
0.1294,96816.53842490938,6.188819095043115e-6
0.12941,96816.2963964251,6.184350766537315e-6
0.12942,96816.05436854607,6.179865289897522e-6
0.12943,96815.81234127232,6.1753860748583555e-6
0.12944,96815.57031460381,6.1709424201169335e-6
0.12945,96815.32828854058,6.166569513332937e-6
0.12946,96815.0862630826,6.162304516209577e-6
0.12947,96814.84423822988,6.158110755983579e-6
0.12948,96814.60221398242,6.153942014538454e-6
0.12949,96814.3601903402,6.1497709837152095e-6
0.1295,96814.11816730324,6.145576243108332e-6
0.12951,96813.87614487152,6.1413422600658724e-6
0.12952,96813.63412304506,6.137059389689353e-6
0.12953,96813.39210182385,6.132723874833847e-6
0.12954,96813.15008120787,6.128337846107948e-6
0.12955,96812.90806119716,6.123909321873729e-6
0.12956,96812.66604179167,6.119452208246816e-6
0.12957,96812.42402299143,6.114986299096354e-6
0.12958,96812.18200479643,6.110537276044966e-6
0.12959,96811.93998720666,6.1061367084688315e-6
0.1296,96811.69797022213,6.101822053497647e-6
0.12961,96811.45595384283,6.097614049792901e-6
0.12962,96811.21393806877,6.093453810967905e-6
0.12963,96810.97192289995,6.089307349471598e-6
0.12964,96810.72990833635,6.0851496343134825e-6
0.12965,96810.48789437798,6.080961521048008e-6
0.12966,96810.24588102484,6.076729751774489e-6
0.12967,96810.00386827692,6.0724469551371785e-6
0.12968,96809.76185613424,6.06811164632524e-6
0.12969,96809.51984459677,6.063728227072706e-6
0.1297,96809.27783366451,6.059306985658553e-6
0.12971,96809.0358233375,6.054864096906663e-6
0.12972,96808.79381361569,6.05042162218579e-6
0.12973,96808.55180449909,6.046007509409633e-6
0.12974,96808.30979598772,6.041655593036793e-6
0.12975,96808.06778808156,6.03740535636371e-6
0.12976,96807.82578078061,6.033241973114732e-6
0.12977,96807.58377408487,6.029110671826284e-6
0.12978,96807.34176799434,6.0249828077489e-6
0.12979,96807.09976250902,6.020835621469383e-6
0.1298,96806.85775762891,6.016652238910769e-6
0.12981,96806.615753354,6.012421671332397e-6
0.12982,96806.3737496843,6.008138815329873e-6
0.12983,96806.13174661978,6.003804452835036e-6
0.12984,96805.88974416048,5.999425251116029e-6
0.12985,96805.64774230638,5.9950137627772645e-6
0.12986,96805.40574105746,5.990588425759383e-6
0.12987,96805.16374041376,5.9861735633393336e-6
0.12988,96804.92174037524,5.981799384130329e-6
0.12989,96804.67974094191,5.977501982081817e-6
0.1299,96804.43774211378,5.9733139459709235e-6
0.12991,96804.19574389083,5.9691869942883304e-6
0.12992,96803.95374627307,5.965080412694922e-6
0.12993,96803.7117492605,5.960967823617468e-6
0.12994,96803.46975285311,5.956828733614426e-6
0.12995,96803.2277570509,5.952648533376006e-6
0.12996,96802.9857618539,5.94841849772414e-6
0.12997,96802.74376726204,5.944135785612444e-6
0.12998,96802.50177327539,5.939803440126292e-6
0.12999,96802.25977989391,5.935430388482778e-6
0.13,96802.0177871176,5.9310314420306795e-6
0.13001,96801.77579494647,5.926627296250544e-6
0.13002,96801.5338033805,5.922244530754589e-6
0.13003,96801.29181241972,5.917915609286791e-6
0.13004,96801.0498220641,5.913678879722846e-6
0.13005,96800.80783231364,5.909543243771145e-6
0.13006,96800.56584316837,5.905447972198294e-6
0.13007,96800.32385462825,5.901362253884545e-6
0.13008,96800.08186669329,5.897261972848175e-6
0.13009,96799.8398793635,5.893128896037e-6
0.1301,96799.59789263888,5.888950673328343e-6
0.13011,96799.3559065194,5.884720837528995e-6
0.13012,96799.11392100509,5.8804388043752875e-6
0.13013,96798.87193609594,5.876109872533057e-6
0.13014,96798.62995179194,5.87174522359761e-6
0.13015,96798.38796809308,5.867361922093805e-6
0.13016,96798.14598499938,5.862982915475957e-6
0.13017,96797.90400251084,5.8586370341279236e-6
0.13018,96797.66202062745,5.854358991363064e-6
0.13019,96797.42003934919,5.850187240340619e-6
0.1302,96797.17805867609,5.846091893093098e-6
0.13021,96796.93607860814,5.842023913054293e-6
0.13022,96796.69409914532,5.837955558538056e-6
0.13023,96796.45212028763,5.833864969586751e-6
0.13024,96796.21014203511,5.829736167971222e-6
0.13025,96795.9681643877,5.8255590571907635e-6
0.13026,96795.72618734544,5.821329422473192e-6
0.13027,96795.48421090831,5.817048930774762e-6
0.13028,96795.24223507632,5.812725130780241e-6
0.13029,96795.00025984946,5.808371452902878e-6
0.1303,96794.75828522773,5.804007209284369e-6
0.13031,96794.51631121113,5.799657593794925e-6
0.13032,96794.27433779965,5.795353682033236e-6
0.13033,96794.03236499331,5.79113243132644e-6
0.13034,96793.79039279209,5.787019475007995e-6
0.13035,96793.54842119598,5.782958685298094e-6
0.13036,96793.30645020501,5.778913966605648e-6
0.13037,96793.06447981915,5.774859828905344e-6
0.13038,96792.82251003842,5.77077666270138e-6
0.13039,96792.5805408628,5.7666507390274256e-6
0.1304,96792.33857229228,5.762474209446713e-6
0.13041,96792.09660432689,5.758245106051932e-6
0.13042,96791.85463696661,5.753967341465322e-6
0.13043,96791.61267021144,5.749650708838631e-6
0.13044,96791.37070406138,5.745310881853083e-6
0.13045,96791.12873851643,5.740969414719446e-6
0.13046,96790.88677357658,5.736653742178001e-6
0.13047,96790.64480924184,5.7323971794985005e-6
0.13048,96790.4028455122,5.728238922480246e-6
0.13049,96790.16088238766,5.724173348967737e-6
0.1305,96789.91891986823,5.7201425576456235e-6
0.13051,96789.67695795388,5.716117424024178e-6
0.13052,96789.43499664465,5.71207470418989e-6
0.13053,96789.19303594051,5.7079970335611584e-6
0.13054,96788.95107584145,5.7038729268882606e-6
0.13055,96788.7091163475,5.699696778253313e-6
0.13056,96788.46715745862,5.695468861070346e-6
0.13057,96788.22519917485,5.691195328085264e-6
0.13058,96787.98324149617,5.686888211375815e-6
0.13059,96787.74128442256,5.682565422351659e-6
0.1306,96787.49932795405,5.6782507517543295e-6
0.13061,96787.25737209062,5.673973869657205e-6
0.13062,96787.01541683226,5.669770325465571e-6
0.13063,96786.773462179,5.665675586509828e-6
0.13064,96786.5315081308,5.661647586906934e-6
0.13065,96786.2895546877,5.657642590169154e-6
0.13066,96786.04760184966,5.6536337148255756e-6
0.13067,96785.8056496167,5.649599957540101e-6
0.13068,96785.56369798881,5.645526193111414e-6
0.13069,96785.32174696599,5.641403174472946e-6
0.1307,96785.07979654825,5.637227532692942e-6
0.13071,96784.83784673557,5.633001776974433e-6
0.13072,96784.59589752795,5.6287342946551945e-6
0.13073,96784.3539489254,5.624439351207818e-6
0.13074,96784.11200092793,5.6201370902396776e-6
0.13075,96783.8700535355,5.615853533492893e-6
0.13076,96783.62810674815,5.611620580844414e-6
0.13077,96783.38616056585,5.607476010305924e-6
0.13078,96783.1442149886,5.603436214309419e-6
0.13079,96782.90227001642,5.599441057820249e-6
0.1308,96782.66032564928,5.5954580028281856e-6
0.13081,96782.41838188721,5.591462404107363e-6
0.13082,96782.17643873018,5.587435493370608e-6
0.13083,96781.9344961782,5.583364379269411e-6
0.13084,96781.69255423128,5.5792420473939885e-6
0.13085,96781.4506128894,5.5750673602732515e-6
0.13086,96781.20867215257,5.570845057374773e-6
0.13087,96780.96673202078,5.566585755104865e-6
0.13088,96780.72479249403,5.5623059468084864e-6
0.13089,96780.48285357234,5.5580280027693275e-6
0.1309,96780.24091525566,5.553780170209774e-6
0.13091,96779.99897754405,5.549596573290868e-6
0.13092,96779.75704043746,5.545516514251382e-6
0.13093,96779.5151039359,5.541519462437359e-6
0.13094,96779.27316803939,5.537552771911735e-6
0.13095,96779.0312327479,5.533588152424256e-6
0.13096,96778.78929806144,5.529603189469164e-6
0.13097,96778.54736398002,5.525581344285156e-6
0.13098,96778.3054305036,5.521511953855457e-6
0.13099,96778.06349763223,5.51739023090778e-6
0.131,96777.82156536588,5.513217263914297e-6
0.13101,96777.57963370456,5.509000017091719e-6
0.13102,96777.33770264825,5.504751330401199e-6
0.13103,96777.09577219698,5.50048991954842e-6
0.13104,96776.8538423507,5.496240375983551e-6
0.13105,96776.61191310945,5.492033166901223e-6
0.13106,96776.36998447322,5.487904635240591e-6
0.13107,96776.128056442,5.4838853551893615e-6
0.13108,96775.8861290158,5.479924131971704e-6
0.13109,96775.6442021946,5.4759818782885726e-6
0.1311,96775.40227597841,5.472032530291697e-6
0.13111,96775.16035036724,5.468055898684374e-6
0.13112,96774.91842536106,5.464037668721539e-6
0.13113,96774.67650095989,5.4599694002096815e-6
0.13114,96774.43457716373,5.4558485275069245e-6
0.13115,96774.19265397257,5.4516783595229876e-6
0.13116,96773.9507313864,5.447468079719153e-6
0.13117,96773.70880940525,5.443232746108338e-6
0.13118,96773.46688802907,5.438993291255055e-6
0.13119,96773.2249672579,5.43477652227538e-6
0.1312,96772.98304709174,5.4306151208370235e-6
0.13121,96772.74112753055,5.426547643159293e-6
0.13122,96772.49920857436,5.42257910909211e-6
0.13123,96772.25729022316,5.418649164230532e-6
0.13124,96772.01537247695,5.414727661995115e-6
0.13125,96771.77345533573,5.410790759432564e-6
0.13126,96771.53153879948,5.406820486950299e-6
0.13127,96771.28962286822,5.4028047483163685e-6
0.13128,96771.04770754195,5.39873732065953e-6
0.13129,96770.80579282065,5.394617854469213e-6
0.1313,96770.56387870434,5.390451873595487e-6
0.13131,96770.321965193,5.386250775249127e-6
0.13132,96770.08005228665,5.382031830001584e-6
0.13133,96769.83813998525,5.377818181784946e-6
0.13134,96769.59622828885,5.3736388478920075e-6
0.13135,96769.3543171974,5.3695287189762396e-6
0.13136,96769.11240671093,5.3655256553659124e-6
0.13137,96768.87049682943,5.361596509227269e-6
0.13138,96768.62858755288,5.3576936376228945e-6
0.13139,96768.38667888132,5.353789540828279e-6
0.1314,96768.14477081472,5.349862591290501e-6
0.13141,96767.90286335307,5.345897033628196e-6
0.13142,96767.66095649639,5.3418829846316195e-6
0.13143,96767.41905024467,5.337816433262618e-6
0.13144,96767.17714459791,5.333699240654591e-6
0.13145,96766.9352395561,5.329539140112563e-6
0.13146,96766.69333511924,5.325349737113144e-6
0.13147,96766.45143128735,5.321150509304502e-6
0.13148,96766.2095280604,5.316966806506425e-6
0.13149,96765.9676254384,5.312829850710293e-6
0.1315,96765.72572342135,5.308776736079037e-6
0.13151,96765.48382200926,5.304831339960797e-6
0.13152,96765.2419212021,5.300936428420018e-6
0.13153,96765.0000209999,5.2970567658328e-6
0.13154,96764.75812140263,5.2931670635846e-6
0.13155,96764.5162224103,5.289247904044086e-6
0.13156,96764.27432402292,5.285285740563199e-6
0.13157,96764.03242624046,5.281272897477124e-6
0.13158,96763.79052906296,5.2772075701042556e-6
0.13159,96763.54863249038,5.273093824746259e-6
0.1316,96763.30673652273,5.2689415986880465e-6
0.13161,96763.06484116003,5.264766700197737e-6
0.13162,96762.82294640226,5.260590808526736e-6
0.13163,96762.5810522494,5.256441473909645e-6
0.13164,96762.33915870148,5.252352117564344e-6
0.13165,96762.0972657585,5.248362019830803e-6
0.13166,96761.85537342042,5.244462932870726e-6
0.13167,96761.61348168728,5.240597875207816e-6
0.13168,96761.37159055905,5.236737894056117e-6
0.13169,96761.12970003574,5.2328599064274284e-6
0.1317,96760.88781011736,5.228946699131368e-6
0.13171,96760.64592080389,5.224986928775336e-6
0.13172,96760.40403209534,5.220975121764485e-6
0.13173,96760.16214399169,5.216911674301786e-6
0.13174,96759.92025649297,5.2128028523879945e-6
0.13175,96759.67836959915,5.208660791821616e-6
0.13176,96759.43648331024,5.204503498198989e-6
0.13177,96759.19459762625,5.200354846914186e-6
0.13178,96758.95271254716,5.196244583159104e-6
0.13179,96758.71082807297,5.19220832192342e-6
0.1318,96758.46894420369,5.1882809873829145e-6
0.13181,96758.2270609393,5.1844192379908745e-6
0.13182,96757.98517827982,5.180579991557783e-6
0.13183,96757.74329622524,5.176736496636099e-6
0.13184,96757.50141477556,5.1728678703934694e-6
0.13185,96757.25953393077,5.168959098612705e-6
0.13186,96757.01765369088,5.1650010356917415e-6
0.13187,96756.77577405587,5.160990404643718e-6
0.13188,96756.53389502577,5.156929797096888e-6
0.13189,96756.29201660055,5.152827673294699e-6
0.1319,96756.05013878022,5.148698362095758e-6
0.13191,96755.80826156477,5.144562060973797e-6
0.13192,96755.56638495422,5.140444836017742e-6
0.13193,96755.32450894854,5.136378621931679e-6
0.13194,96755.08263354775,5.132401222034819e-6
0.13195,96754.84075875184,5.128528162682272e-6
0.13196,96754.59888456081,5.1246991948567625e-6
0.13197,96754.35701097467,5.120882050862308e-6
0.13198,96754.11513799339,5.117052175134109e-6
0.13199,96753.87326561697,5.113190879541669e-6
0.132,96753.63139384546,5.109285343388866e-6
0.13201,96753.38952267879,5.105328613413926e-6
0.13202,96753.14765211701,5.101319603789384e-6
0.13203,96752.90578216009,5.0972630961221534e-6
0.13204,96752.66391280803,5.093169739453493e-6
0.13205,96752.42204406085,5.0890560502589716e-6
0.13206,96752.18017591853,5.084944412448538e-6
0.13207,96751.93830838107,5.080863077366484e-6
0.13208,96751.69644144847,5.076846163791412e-6
0.13209,96751.45457512073,5.07293290633978e-6
0.1321,96751.21270939785,5.06910228172839e-6
0.13211,96750.97084427983,5.06530187476099e-6
0.13212,96750.72897976666,5.061503454057605e-6
0.13213,96750.48711585834,5.057684654493291e-6
0.13214,96750.24525255489,5.053828977198213e-6
0.13215,96750.00338985627,5.0499257895576085e-6
0.13216,96749.76152776252,5.045970325211759e-6
0.13217,96749.5196662736,5.0419636840560526e-6
0.13218,96749.27780538953,5.037912832240951e-6
0.13219,96749.0359451103,5.033830602171958e-6
0.1322,96748.79408543592,5.029735692509686e-6
0.13221,96748.55222636639,5.025652668169821e-6
0.13222,96748.31036790168,5.021611960323091e-6
0.13223,96748.06851004182,5.017649866395343e-6
0.13224,96747.8266527868,5.013796980436261e-6
0.13225,96747.58479613661,5.0100022149440115e-6
0.13226,96747.34294009126,5.0062264792575036e-6
0.13227,96747.10108465073,5.0024437281882336e-6
0.13228,96746.85922981503,4.998633781624e-6
0.13229,96746.61737558417,4.994782324528874e-6
0.1323,96746.37552195814,4.990880906943163e-6
0.13231,96746.13366893693,4.9869269439834794e-6
0.13232,96745.89181652055,4.982923715842709e-6
0.13233,96745.649964709,4.978880367789972e-6
0.13234,96745.40811350226,4.974811910170695e-6
0.13235,96745.16626290034,4.970739218406577e-6
0.13236,96744.92441290323,4.966689032995552e-6
0.13237,96744.68256351096,4.962693959511871e-6
0.13238,96744.44071472349,4.958792468606013e-6
0.13239,96744.19886654083,4.954990268122236e-6
0.1324,96743.95701896299,4.95122696341449e-6
0.13241,96743.71517198997,4.947472336432615e-6
0.13242,96743.47332562174,4.943702522755457e-6
0.13243,96743.23147985834,4.9398995218607136e-6
0.13244,96742.98963469974,4.936051197124902e-6
0.13245,96742.74779014594,4.932151275823421e-6
0.13246,96742.50594619695,4.928199349130526e-6
0.13247,96742.26410285276,4.924200872119285e-6
0.13248,96742.02226011337,4.920167163761666e-6
0.13249,96741.78041797878,4.91611540692844e-6
0.1325,96741.53857644898,4.9120686483892656e-6
0.13251,96741.29673552398,4.908055798812654e-6
0.13252,96741.05489520378,4.9041116327659304e-6
0.13253,96740.81305548837,4.900274192257805e-6
0.13254,96740.57121637775,4.896511570879968e-6
0.13255,96740.32937787192,4.892775657117597e-6
0.13256,96740.08753997089,4.88903889917536e-6
0.13257,96739.84570267463,4.885279607981342e-6
0.13258,96739.60386598317,4.881481957187012e-6
0.13259,96739.36202989648,4.8776359831672885e-6
0.1326,96739.12019441457,4.873737585020506e-6
0.13261,96738.87835953746,4.8697885245683835e-6
0.13262,96738.63652526512,4.8657964263561e-6
0.13263,96738.39469159755,4.861774777652207e-6
0.13264,96738.15285853477,4.857742928448705e-6
0.13265,96737.91102607676,4.853726091461013e-6
0.13266,96737.66919422352,4.8497553421279305e-6
0.13267,96737.42736297505,4.84586761861171e-6
0.13268,96737.18553233136,4.8420879275258894e-6
0.13269,96736.94370229244,4.838359820021748e-6
0.1327,96736.70187285828,4.834647551721728e-6
0.13271,96736.46004402889,4.830925741948186e-6
0.13272,96736.21821580426,4.827174871573187e-6
0.13273,96735.9763881844,4.82338128301857e-6
0.13274,96735.73456116929,4.819537180255867e-6
0.13275,96735.49273475894,4.815640628806375e-6
0.13276,96735.25090895336,4.811695555741129e-6
0.13277,96735.00908375253,4.807711749680865e-6
0.13278,96734.76725915645,4.803704860796086e-6
0.13279,96734.52543516514,4.79969640080703e-6
0.1328,96734.28361177856,4.795713742983635e-6
0.13281,96734.04178899675,4.791790122145612e-6
0.13282,96733.79996681969,4.787964634662401e-6
0.13283,96733.55814524737,4.7842319182141255e-6
0.13284,96733.31632427979,4.780534074910733e-6
0.13285,96733.07450391696,4.77684202684186e-6
0.13286,96732.83268415887,4.773132559064079e-6
0.13287,96732.59086500554,4.769388317009654e-6
0.13288,96732.34904645692,4.765597806486451e-6
0.13289,96732.10722851305,4.761755393678013e-6
0.1329,96731.86541117393,4.757861305143529e-6
0.13291,96731.62359443953,4.753921627817805e-6
0.13292,96731.38177830988,4.749948309011323e-6
0.13293,96731.13996278495,4.74595915641021e-6
0.13294,96730.89814786475,4.741977838076209e-6
0.13295,96730.65633354928,4.738033882446741e-6
0.13296,96730.41451983855,4.734162678334873e-6
0.13297,96730.17270673254,4.73040001759313e-6
0.13298,96729.93089423125,4.726705026630482e-6
0.13299,96729.68908233469,4.723033519671785e-6
0.133,96729.44727104285,4.71935858291832e-6
0.13301,96729.20546035572,4.715659161774281e-6
0.13302,96728.96365027332,4.711920060846745e-6
0.13303,96728.72184079564,4.708131943945729e-6
0.13304,96728.48003192268,4.704291334084163e-6
0.13305,96728.23822365442,4.70040061347786e-6
0.13306,96727.99641599087,4.6964680235455735e-6
0.13307,96727.75460893205,4.692507664908973e-6
0.13308,96727.51280247793,4.688539497392604e-6
0.13309,96727.27099662852,4.684589340023958e-6
0.1331,96727.02919138382,4.68068887103344e-6
0.13311,96726.78738674382,4.676875627854334e-6
0.13312,96726.54558270852,4.67316793797773e-6
0.13313,96726.30377927794,4.669506240983004e-6
0.13314,96726.06197645204,4.665857460288635e-6
0.13315,96725.82017423084,4.662196838229307e-6
0.13316,96725.57837261436,4.658505475172761e-6
0.13317,96725.33657160256,4.654770329519858e-6
0.13318,96725.09477119545,4.650984217704549e-6
0.13319,96724.85297139303,4.64714581419384e-6
0.1332,96724.61117219532,4.643259651487859e-6
0.13321,96724.36937360228,4.6393361201198225e-6
0.13322,96724.12757561395,4.635391468656002e-6
0.13323,96723.8857782303,4.631447803695804e-6
0.13324,96723.64398145133,4.627533089871677e-6
0.13325,96723.40218527704,4.623681149849193e-6
0.13326,96723.16038970744,4.6199313253134204e-6
0.13327,96722.91859474253,4.61626718695719e-6
0.13328,96722.67680038228,4.612634674318122e-6
0.13329,96722.43500662672,4.6090053236187374e-6
0.1333,96722.19321347584,4.605356527948168e-6
0.13331,96721.95142092963,4.601671537262213e-6
0.13332,96721.70962898809,4.597939458383311e-6
0.13333,96721.46783765123,4.5941552550005065e-6
0.13334,96721.22604691904,4.5903197476695275e-6
0.13335,96720.9842567915,4.586439613812696e-6
0.13336,96720.74246726865,4.582527387719006e-6
0.13337,96720.50067835047,4.578601460544088e-6
0.13338,96720.25889003693,4.574686080310182e-6
0.13339,96720.01710232807,4.570811351906196e-6
0.1334,96719.77531522387,4.56701323708768e-6
0.13341,96719.53352872432,4.5633243382283025e-6
0.13342,96719.29174282943,4.559696682893437e-6
0.13343,96719.04995753922,4.556089560246113e-6
0.13344,96718.80817285363,4.552476653059421e-6
0.13345,96718.56638877273,4.548837499810361e-6
0.13346,96718.32460529645,4.545157494679811e-6
0.13347,96718.08282242484,4.541427887552496e-6
0.13348,96717.84104015787,4.537645784017062e-6
0.13349,96717.59925849557,4.533814145365991e-6
0.1335,96717.3574774379,4.5299417885956725e-6
0.13351,96717.11569698487,4.5260433864063785e-6
0.13352,96716.87391713649,4.522139467202225e-6
0.13353,96716.63213789274,4.5182564150912386e-6
0.13354,96716.39035925364,4.514426469885324e-6
0.13355,96716.14858121918,4.5106877271002336e-6
0.13356,96715.90680378936,4.507050931398857e-6
0.13357,96715.66502696417,4.5034554682428155e-6
0.13358,96715.42325074362,4.4998702524915e-6
0.13359,96715.1814751277,4.49627110812642e-6
0.1336,96714.9397001164,4.492639713671286e-6
0.13361,96714.69792570974,4.48896360219208e-6
0.13362,96714.45615190771,4.4852361612970266e-6
0.13363,96714.21437871031,4.4814566331365586e-6
0.13364,96713.97260611753,4.477630114403381e-6
0.13365,96713.73083412937,4.473767556332442e-6
0.13366,96713.48906274584,4.469885764700897e-6
0.13367,96713.24729196692,4.466007399828177e-6
0.13368,96713.00552179263,4.46216097657595e-6
0.13369,96712.76375222295,4.458380864348099e-6
0.1337,96712.52198325789,4.454705861176929e-6
0.13371,96712.28021489744,4.451109954124079e-6
0.13372,96712.0384471416,4.447542705044833e-6
0.13373,96711.79667999038,4.443976220418156e-6
0.13374,96711.55491344378,4.440388460104352e-6
0.13375,96711.31314750177,4.436763237345133e-6
0.13376,96711.07138216437,4.433090218763589e-6
0.13377,96710.82961743158,4.4293649243641595e-6
0.13378,96710.5878533034,4.425588727532691e-6
0.13379,96710.3460897798,4.421768855036409e-6
0.1338,96710.10432686083,4.417918387023886e-6
0.13381,96709.86256454645,4.414056257025103e-6
0.13382,96709.62080283665,4.410207251951422e-6
0.13383,96709.37904173147,4.406402012095548e-6
0.13384,96709.13728123087,4.40267703113161e-6
0.13385,96708.89552133488,4.399060922716508e-6
0.13386,96708.65376204347,4.395500378231077e-6
0.13387,96708.41200335666,4.391957673963159e-6
0.13388,96708.17024527442,4.388407048117678e-6
0.13389,96707.92848779677,4.384828591119664e-6
0.1339,96707.68673092373,4.38120824561422e-6
0.13391,96707.44497465526,4.377537806466494e-6
0.13392,96707.20321899136,4.373814920761737e-6
0.13393,96706.96146393205,4.370043087805276e-6
0.13394,96706.71970947733,4.36623165912248e-6
0.13395,96706.47795562717,4.362395838458822e-6
0.13396,96706.2362023816,4.358556681779854e-6
0.13397,96705.9944497406,4.354741097271164e-6
0.13398,96705.75269770417,4.350981845338462e-6
0.13399,96705.51094627232,4.347317538607486e-6
0.134,96705.26919544504,4.343750637569085e-6
0.13401,96705.02744522234,4.340221294473409e-6
0.13402,96704.78569560418,4.3366997707188795e-6
0.13403,96704.54394659061,4.333162430925052e-6
0.13404,96704.3021981816,4.329591490770757e-6
0.13405,96704.06045037715,4.325975016994068e-6
0.13406,96703.81870317725,4.322306927392359e-6
0.13407,96703.57695658192,4.3185869908222785e-6
0.13408,96703.33521059116,4.314820827199715e-6
0.13409,96703.09346520495,4.311019907499873e-6
0.1341,96702.85172042329,4.3072015537571865e-6
0.13411,96702.60997624618,4.303388939065394e-6
0.13412,96702.36823267363,4.299611087577507e-6
0.13413,96702.12648970562,4.295902874505776e-6
0.13414,96701.88474734218,4.292301857966354e-6
0.13415,96701.64300558328,4.288773907406214e-6
0.13416,96701.40126442892,4.285271911012011e-6
0.13417,96701.15952387912,4.281768504610982e-6
0.13418,96700.91778393385,4.27824217393009e-6
0.13419,96700.67604459311,4.274677254595983e-6
0.1342,96700.43430585694,4.271063932135066e-6
0.13421,96700.19256772529,4.267398241973458e-6
0.13422,96699.95083019818,4.263682069436977e-6
0.13423,96699.70909327561,4.259923149751195e-6
0.13424,96699.46735695757,4.256135068041369e-6
0.13425,96699.22562124407,4.252337259332505e-6
0.13426,96698.98388613509,4.248555008549332e-6
0.13427,96698.74215163065,4.244819450516268e-6
0.13428,96698.50041773073,4.2411675699574815e-6
0.13429,96698.25868443535,4.2376233480010184e-6
0.1343,96698.01695174449,4.234129752234514e-6
0.13431,96697.77521965814,4.230651550541027e-6
0.13432,96697.53348817633,4.227163495700042e-6
0.13433,96697.29175729904,4.2236461892349e-6
0.13434,96697.05002702626,4.220086081412873e-6
0.13435,96696.808297358,4.216475471245074e-6
0.13436,96696.56656829425,4.2128125064865365e-6
0.13437,96696.32483983503,4.209101183636182e-6
0.13438,96696.08311198032,4.205351347936784e-6
0.13439,96695.84138473011,4.201578693375038e-6
0.1344,96695.59965808442,4.197804762681524e-6
0.13441,96695.35793204323,4.194056947330681e-6
0.13442,96695.11620660656,4.190368487540861e-6
0.13443,96694.87448177439,4.186778472273963e-6
0.13444,96694.63275754671,4.1832805886018175e-6
0.13445,96694.39103392354,4.179817308257817e-6
0.13446,96694.14931090489,4.176359648080036e-6
0.13447,96693.90758849072,4.172884472498472e-6
0.13448,96693.66586668105,4.169374493535019e-6
0.13449,96693.42414547589,4.165818270803437e-6
0.1345,96693.18242487521,4.162210211509414e-6
0.13451,96692.94070487903,4.158550570450527e-6
0.13452,96692.69898548734,4.154845450016226e-6
0.13453,96692.45726670015,4.151106800187882e-6
0.13454,96692.21554851744,4.147352418538766e-6
0.13455,96691.97383093921,4.1436059502340075e-6
0.13456,96691.73211396548,4.13989688803067e-6
0.13457,96691.49039759624,4.136260572277708e-6
0.13458,96691.24868183146,4.132732736821574e-6
0.13459,96691.00696667118,4.129272530091489e-6
0.1346,96690.76525211538,4.125835826106273e-6
0.13461,96690.52353816405,4.122395749227902e-6
0.13462,96690.2818248172,4.118931270260029e-6
0.13463,96690.04011207481,4.115427206447947e-6
0.13464,96689.79839993692,4.1118742214786515e-6
0.13465,96689.55668840349,4.1082688254808115e-6
0.13466,96689.31497747454,4.104613375024738e-6
0.13467,96689.07326715004,4.1009160731224456e-6
0.13468,96688.83155743002,4.097190969227621e-6
0.13469,96688.58984831447,4.093457959235592e-6
0.1347,96688.34813980338,4.089742785483402e-6
0.13471,96688.10643189675,4.086077036749723e-6
0.13472,96687.86472459459,4.082498148254936e-6
0.13473,96687.62301789688,4.0790249910301255e-6
0.13474,96687.38131180365,4.0755982378276315e-6
0.13475,96687.13960631486,4.0721846676044615e-6
0.13476,96686.89790143052,4.068759506990542e-6
0.13477,96686.65619715065,4.0653038279071734e-6
0.13478,96686.41449347523,4.061804547567093e-6
0.13479,96686.17279040425,4.058254428474446e-6
0.1348,96685.93108793773,4.054652078424751e-6
0.13481,96685.68938607565,4.051001950504964e-6
0.13482,96685.44768481802,4.047314343093449e-6
0.13483,96685.20598416483,4.043605399859943e-6
0.13484,96684.9642841161,4.039897109765633e-6
0.13485,96684.72258467179,4.036217307063067e-6
0.13486,96684.48088583194,4.032599671296235e-6
0.13487,96684.23918759653,4.029083499851714e-6
0.13488,96683.99748996555,4.025654115516276e-6
0.13489,96683.755792939,4.022256890429669e-6
0.1349,96683.51409651688,4.018863304107829e-6
0.13491,96683.2724006992,4.015450680206715e-6
0.13492,96683.03070548597,4.012002186522366e-6
0.13493,96682.78901087715,4.0085068349908725e-6
0.13494,96682.54731687276,4.004959481688346e-6
0.13495,96682.3056234728,4.00136082683099e-6
0.13496,96682.06393067726,3.997717414775017e-6
0.13497,96681.82223848616,3.994041634016723e-6
0.13498,96681.58054689948,3.990351717192455e-6
0.13499,96681.3388559172,3.98667174107858e-6
0.135,96681.09716553937,3.983031626591547e-6
0.13501,96680.85547576593,3.9794671387878565e-6
0.13502,96680.61378659692,3.976011725339029e-6
0.13503,96680.37209803233,3.972619104804471e-6
0.13504,96680.13041007215,3.969247776723007e-6
0.13505,96679.88872271637,3.965871313539415e-6
0.13506,96679.64703596501,3.962469130688304e-6
0.13507,96679.40534981806,3.959026486594084e-6
0.13508,96679.1636642755,3.955534482670936e-6
0.13509,96678.92197933736,3.951990063322881e-6
0.1351,96678.68029500364,3.948396015943701e-6
0.13511,96678.4386112743,3.944760970917009e-6
0.13512,96678.19692814937,3.94109940161622e-6
0.13513,96677.95524562884,3.937431624404518e-6
0.13514,96677.7135637127,3.933783798634916e-6
0.13515,96677.47188240098,3.930187926650232e-6
0.13516,96677.23020169363,3.9266818537830525e-6
0.13517,96676.98852159067,3.923279033182706e-6
0.13518,96676.74684209212,3.919919065544347e-6
0.13519,96676.50516319796,3.916570293953437e-6
0.1352,96676.26348490818,3.913208378537275e-6
0.13521,96676.0218072228,3.909814821265039e-6
0.13522,96675.7801301418,3.906376965947838e-6
0.13523,96675.53845366518,3.902887998238695e-6
0.13524,96675.29677779294,3.899346945632512e-6
0.13525,96675.05510252509,3.895758677466128e-6
0.13526,96674.81342786162,3.892133904918294e-6
0.13527,96674.57175380253,3.888489181009638e-6
0.13528,96674.33008034782,3.88484690060273e-6
0.13529,96674.08840749747,3.8812353004020475e-6
0.1353,96673.84673525151,3.877688458953947e-6
0.13531,96673.60506360992,3.874245444600739e-6
0.13532,96673.3633925727,3.870884348134266e-6
0.13533,96673.12172213985,3.867553214622886e-6
0.13534,96672.88005231138,3.864223945938118e-6
0.13535,96672.63838308725,3.860874284648727e-6
0.13536,96672.3967144675,3.8574878140207955e-6
0.13537,96672.15504645211,3.85405395801769e-6
0.13538,96671.91337904109,3.850567981300033e-6
0.13539,96671.67171223441,3.847030989225765e-6
0.1354,96671.43004603211,3.843449927850111e-6
0.13541,96671.18838043416,3.839837583925552e-6
0.13542,96670.94671544057,3.836212584901885e-6
0.13543,96670.70505105132,3.832599398926192e-6
0.13544,96670.46338726644,3.829028334842814e-6
0.13545,96670.2217240859,3.825535542193414e-6
0.13546,96669.98006150972,3.8221518491147515e-6
0.13547,96669.73839953788,3.818826705997381e-6
0.13548,96669.49673817039,3.815520876259473e-6
0.13549,96669.25507740724,3.812208340126589e-6
0.1355,96669.01341724844,3.8088689173803947e-6
0.13551,96668.77175769399,3.805488267358641e-6
0.13552,96668.53009874387,3.8020578889551306e-6
0.13553,96668.28844039809,3.798575120619776e-6
0.13554,96668.04678265666,3.7950431403585726e-6
0.13555,96667.80512551955,3.7914709657335666e-6
0.13556,96667.56346898677,3.787873453862915e-6
0.13557,96667.32181305834,3.7842713014208592e-6
0.13558,96667.08015773424,3.780691044637689e-6
0.13559,96666.83850301447,3.7771650592998162e-6
0.1356,96666.59684889902,3.773731560749695e-6
0.13561,96666.3551953879,3.7703984476824044e-6
0.13562,96666.11354248112,3.7671052522913157e-6
0.13563,96665.87189017865,3.7638214807382733e-6
0.13564,96665.6302384805,3.760523186387856e-6
0.13565,96665.38858738668,3.7571922610221283e-6
0.13566,96665.14693689717,3.753816434840613e-6
0.13567,96664.90528701199,3.7503892764603452e-6
0.13568,96664.66363773112,3.7469101929158465e-6
0.13569,96664.42198905458,3.7433844296590943e-6
0.1357,96664.18034098233,3.7398230705595896e-6
0.13571,96663.9386935144,3.736243037904281e-6
0.13572,96663.69704665079,3.7326670923976294e-6
0.13573,96663.45540039148,3.7291238331615846e-6
0.13574,96663.21375473648,3.7256476977355487e-6
0.13575,96662.97210968578,3.722277178057098e-6
0.13576,96662.7304652394,3.7189842058638915e-6
0.13577,96662.4888213973,3.71571923883731e-6
0.13578,96662.24717815952,3.7124545609970026e-6
0.13579,96662.00553552604,3.709168293644078e-6
0.1358,96661.76389349684,3.705844395361076e-6
0.13581,96661.52225207195,3.702472662012031e-6
0.13582,96661.28061125136,3.699048726742399e-6
0.13583,96661.03897103506,3.6955740599791217e-6
0.13584,96660.79733142306,3.6920559694306007e-6
0.13585,96660.55569241534,3.6885076000866654e-6
0.13586,96660.3140540119,3.6849479342186346e-6
0.13587,96660.07241621277,3.6814017913792847e-6
0.13588,96659.83077901792,3.6778998284028203e-6
0.13589,96659.58914242736,3.674478539404936e-6
0.1359,96659.34750644106,3.6711659298480368e-6
0.13591,96659.10587105906,3.6679081980731772e-6
0.13592,96658.86423628134,3.6646680226666807e-6
0.13593,96658.62260210789,3.661419751540805e-6
0.13594,96658.38096853872,3.6581435687536936e-6
0.13595,96658.13933557384,3.654825494509438e-6
0.13596,96657.89770321322,3.6514573851580047e-6
0.13597,96657.65607145688,3.6480369331953017e-6
0.13598,96657.41444030481,3.6445676672631472e-6
0.13599,96657.172809757,3.6410589521492454e-6
0.136,96656.93117981347,3.637525988787239e-6
0.13601,96656.68955047421,3.633989814256684e-6
0.13602,96656.4479217392,3.63047730178302e-6
0.13603,96656.20629360847,3.6270211607376266e-6
0.13604,96655.96466608199,3.6236599366377972e-6
0.13605,96655.72303915978,3.620396003475747e-6
0.13606,96655.48141284182,3.6171696046121945e-6
0.13607,96655.23978712813,3.61395106315137e-6
0.13608,96654.99816201869,3.6107167857234633e-6
0.13609,96654.7565375135,3.6074490139700537e-6
0.1361,96654.51491361257,3.6041358245440788e-6
0.13611,96654.27329031589,3.6007711291098937e-6
0.13612,96654.03166762345,3.5973546743432412e-6
0.13613,96653.79004553526,3.593892041931224e-6
0.13614,96653.54842405133,3.5903946485723605e-6
0.13615,96653.30680317164,3.586879745976559e-6
0.13616,96653.0651828962,3.5833704208650855e-6
0.13617,96652.82356322499,3.579895594970624e-6
0.13618,96652.58194415802,3.5764900250372467e-6
0.13619,96652.3403256953,3.5731913721014203e-6
0.1362,96652.09870783682,3.569966402325579e-6
0.13621,96651.85709058258,3.566767709454707e-6
0.13622,96651.61547393256,3.563567919787547e-6
0.13623,96651.37385788678,3.5603454935017283e-6
0.13624,96651.13224244524,3.5570847246537407e-6
0.13625,96650.8906276079,3.553775741178987e-6
0.13626,96650.64901337483,3.550414504891758e-6
0.13627,96650.40739974596,3.547002811485202e-6
0.13628,96650.16578672134,3.543548290531382e-6
0.13629,96649.92417430092,3.540064405481249e-6
0.1363,96649.68256248473,3.536570453664612e-6
0.13631,96649.44095127276,3.5330915662902034e-6
0.13632,96649.19934066501,3.529658708445605e-6
0.13633,96648.9577306615,3.526308679097315e-6
0.13634,96648.71612126217,3.523066585101711e-6
0.13635,96648.47451246709,3.519876235450698e-6
0.13636,96648.2329042762,3.51670189868461e-6
0.13637,96647.99129668954,3.513518250623633e-6
0.13638,96647.74968970707,3.5103057998358564e-6
0.13639,96647.50808332882,3.5070508876373314e-6
0.1364,96647.26647755477,3.5037456880920417e-6
0.13641,96647.02487238495,3.5003882080118762e-6
0.13642,96646.78326781931,3.4969822869566856e-6
0.13643,96646.54166385789,3.4935375972342525e-6
0.13644,96646.30006050067,3.4900696439002655e-6
0.13645,96646.05845774764,3.486599764758382e-6
0.13646,96645.81685559881,3.4831551303601567e-6
0.13647,96645.57525405419,3.479768744005105e-6
0.13648,96645.33365311375,3.4764794417406748e-6
0.13649,96645.09205277752,3.473284260840543e-6
0.1365,96644.85045304547,3.4701247151168114e-6
0.13651,96644.60885391761,3.4669716580659863e-6
0.13652,96644.36725539395,3.463801809884413e-6
0.13653,96644.12565747448,3.460597722386532e-6
0.13654,96643.88406015918,3.457347779004859e-6
0.13655,96643.64246344808,3.454046194789953e-6
0.13656,96643.40086734116,3.450693016410481e-6
0.13657,96643.15927183842,3.447294122153144e-6
0.13658,96642.91767693986,3.4438612219227454e-6
0.13659,96642.67608264547,3.440411857242158e-6
0.1366,96642.43448895527,3.436969401252299e-6
0.13661,96642.19289586924,3.4335630587121875e-6
0.13662,96641.9513033874,3.4302278659989097e-6
0.13663,96641.70971150971,3.427000490979593e-6
0.13664,96641.46812023621,3.4238434377171778e-6
0.13665,96641.22652956688,3.420711154747777e-6
0.13666,96640.98493950171,3.417576571022711e-6
0.13667,96640.7433500407,3.4144184459821124e-6
0.13668,96640.50176118387,3.4112213695549035e-6
0.13669,96640.26017293119,3.407975762158765e-6
0.1367,96640.01858528268,3.4046778747002025e-6
0.13671,96639.77699823833,3.4013297885744713e-6
0.13672,96639.53541179815,3.3979394156656417e-6
0.13673,96639.29382596212,3.3945204983465727e-6
0.13674,96639.05224073023,3.3910926094788813e-6
0.13675,96638.81065610252,3.387681152413e-6
0.13676,96638.56907207896,3.3843173609881497e-6
0.13677,96638.32748865955,3.3810382995323094e-6
0.13678,96638.08590584427,3.3778662218980515e-6
0.13679,96637.84432363315,3.374743256668067e-6
0.1368,96637.60274202618,3.3716349668501115e-6
0.13681,96637.36116102336,3.3685163166395877e-6
0.13682,96637.11958062468,3.365368099592686e-6
0.13683,96636.87800083015,3.3621769386264437e-6
0.13684,96636.63642163976,3.3589352860187233e-6
0.13685,96636.39484305351,3.3556414234081806e-6
0.13686,96636.15326507139,3.352299461794322e-6
0.13687,96635.91168769341,3.348919341537475e-6
0.13688,96635.67011091957,3.345516832358763e-6
0.13689,96635.42853474987,3.3421135333401587e-6
0.1369,96635.18695918428,3.338736872924458e-6
0.13691,96634.94538422284,3.33542010891525e-6
0.13692,96634.70380986552,3.3322023205024565e-6
0.13693,96634.46223611233,3.3290755674712006e-6
0.13694,96634.22066296327,3.3259829588422335e-6
0.13695,96633.97909041833,3.3228956606938215e-6
0.13696,96633.73751847752,3.319790667339558e-6
0.13697,96633.49594714082,3.316650801328416e-6
0.13698,96633.25437640824,3.3134647134447223e-6
0.13699,96633.01280627979,3.3102268827081314e-6
0.137,96632.77123675545,3.306937616373677e-6
0.13701,96632.52966783523,3.303603049931748e-6
0.13702,96632.28809951912,3.3002351471080576e-6
0.13703,96632.04653180712,3.2968516998637017e-6
0.13704,96631.80496469924,3.29347632839513e-6
0.13705,96631.56339819546,3.2901384811341156e-6
0.13706,96631.3218322958,3.286873434747825e-6
0.13707,96631.08026700024,3.283716790019312e-6
0.13708,96630.83870230879,3.2806275978813374e-6
0.13709,96630.59713822143,3.277561884060663e-6
0.1371,96630.35557473818,3.2744928407640936e-6
0.13711,96630.11401185904,3.2713994873105922e-6
0.13712,96629.87244958399,3.268266670131258e-6
0.13713,96629.63088791304,3.2650850627692975e-6
0.13714,96629.38932684617,3.261851165880079e-6
0.13715,96629.14776638341,3.258567307231106e-6
0.13716,96628.90620652474,3.255241641701989e-6
0.13717,96628.66464727017,3.2518881512845112e-6
0.13718,96628.42308861967,3.2485266450825504e-6
0.13719,96628.18153057327,3.245182759312151e-6
0.1372,96627.93997313097,3.2418879573014888e-6
0.13721,96627.69841629274,3.2386795294908473e-6
0.13722,96627.4568600586,3.235577035088737e-6
0.13723,96627.21530442854,3.232521483124984e-6
0.13724,96626.97374940256,3.2294794685223824e-6
0.13725,96626.73219498066,3.2264262045140676e-6
0.13726,96626.49064116283,3.223342730324084e-6
0.13727,96626.2490879491,3.22021591116736e-6
0.13728,96626.00753533942,3.2170384382497576e-6
0.13729,96625.76598333383,3.213808828768049e-6
0.1373,96625.5244319323,3.2105314259098887e-6
0.13731,96625.28288113484,3.2072163988538752e-6
0.13732,96625.04133094144,3.203879742769482e-6
0.13733,96624.79978135214,3.2005432788171163e-6
0.13734,96624.55823236688,3.1972346541480967e-6
0.13735,96624.31668398569,3.193987341904622e-6
0.13736,96624.07513620856,3.1908405328241775e-6
0.13737,96623.8335890355,3.1877820557608702e-6
0.13738,96623.5920424665,3.1847564910149e-6
0.13739,96623.35049650155,3.181735242876191e-6
0.1374,96623.10895114065,3.178695540507201e-6
0.13741,96622.86740638381,3.175620437942895e-6
0.13742,96622.62586223103,3.172498814090807e-6
0.13743,96622.3843186823,3.169325372730968e-6
0.13744,96622.14277573762,3.1661006425159685e-6
0.13745,96621.90123339699,3.1628309769709337e-6
0.13746,96621.6596916604,3.1595285544934933e-6
0.13747,96621.41815052787,3.1562113783538386e-6
0.13748,96621.17660999937,3.152903276694694e-6
0.13749,96620.93507007492,3.14963390253129e-6
0.1375,96620.69353075452,3.1464387337514168e-6
0.13751,96620.45199203816,3.1433523120239e-6
0.13752,96620.21045392581,3.1403309509779072e-6
0.13753,96619.96891641752,3.1373319848285037e-6
0.13754,96619.72737951328,3.134328829825791e-6
0.13755,96619.48584321304,3.1313007259769055e-6
0.13756,96619.24430751686,3.1282327370460803e-6
0.13757,96619.0027724247,3.1251157505545755e-6
0.13758,96618.76123793657,3.121946477780739e-6
0.13759,96618.51970405247,3.118727453759981e-6
0.1376,96618.27817077239,3.115467037284746e-6
0.13761,96618.03663809634,3.1121794109045686e-6
0.13762,96617.79510602432,3.1088845809260437e-6
0.13763,96617.55357455631,3.1056083774128017e-6
0.13764,96617.31204369232,3.102382454185562e-6
0.13765,96617.07051343237,3.099244288822104e-6
0.13766,96616.8289837764,3.0962110055349438e-6
0.13767,96616.58745472447,3.093222917373069e-6
0.13768,96616.34592627655,3.090247422136342e-6
0.13769,96616.10439843265,3.087259942971997e-6
0.1377,96615.86287119276,3.0842417256697723e-6
0.13771,96615.62134455687,3.081179838661889e-6
0.13772,96615.37981852499,3.078067173023097e-6
0.13773,96615.13829309713,3.0749024424706523e-6
0.13774,96614.89676827326,3.0716901833642917e-6
0.13775,96614.6552440534,3.0684407547062823e-6
0.13776,96614.41372043754,3.0651703381413983e-6
0.13777,96614.1721974257,3.061900937956891e-6
0.13778,96613.93067501784,3.0586603810825457e-6
0.13779,96613.68915321397,3.055482317090653e-6
0.1378,96613.44763201411,3.0524059364034474e-6
0.13781,96613.20611141824,3.0494156424010334e-6
0.13782,96612.96459142637,3.0464572464642144e-6
0.13783,96612.72307203848,3.043502352059379e-6
0.13784,96612.48155325458,3.0405283841811803e-6
0.13785,96612.24003507468,3.037518589352513e-6
0.13786,96611.99851749877,3.0344620356245593e-6
0.13787,96611.75700052684,3.0313536125767686e-6
0.13788,96611.51548415888,3.0281940313168294e-6
0.13789,96611.27396839492,3.02498982448072e-6
0.1379,96611.03245323493,3.021753346232685e-6
0.13791,96610.79093867893,3.018502772265207e-6
0.13792,96610.5494247269,3.015262099799069e-6
0.13793,96610.30791137886,3.0120611475832827e-6
0.13794,96610.06639863478,3.008935555895153e-6
0.13795,96609.82488649468,3.0059188878979226e-6
0.13796,96609.58337495854,3.0029653482028487e-6
0.13797,96609.34186402638,3.000033323005284e-6
0.13798,96609.10035369819,2.997096413687676e-6
0.13799,96608.85884397397,2.9941340420473948e-6
0.138,96608.61733485371,2.991131450296782e-6
0.13801,96608.37582633742,2.988079701063129e-6
0.13802,96608.1343184251,2.9849756773886488e-6
0.13803,96607.89281111673,2.9818220827305268e-6
0.13804,96607.65130441233,2.978627440960898e-6
0.13805,96607.40979831187,2.9754060963668174e-6
0.13806,96607.16829281538,2.972178213650324e-6
0.13807,96606.92678792284,2.968969777928369e-6
0.13808,96606.68528363426,2.965812594732878e-6
0.13809,96606.44377994964,2.9627442900107226e-6
0.1381,96606.20227686896,2.9597798997651177e-6
0.13811,96605.96077439222,2.9568593428001917e-6
0.13812,96605.71927251945,2.953950622737968e-6
0.13813,96605.4777712506,2.9510293338336077e-6
0.13814,96605.23627058572,2.9480768896460537e-6
0.13815,96604.99477052478,2.9450805230380074e-6
0.13816,96604.75327106776,2.9420332861759014e-6
0.13817,96604.5117722147,2.938934050529961e-6
0.13818,96604.27027396558,2.935787506874135e-6
0.13819,96604.02877632038,2.9326041652861547e-6
0.1382,96603.78727927913,2.9294003551475108e-6
0.13821,96603.54578284181,2.9261982251434233e-6
0.13822,96603.30428700843,2.9230257432628984e-6
0.13823,96603.06279177898,2.9199166967986985e-6
0.13824,96602.82129715345,2.916910212313446e-6
0.13825,96602.57980313186,2.9139880273489804e-6
0.13826,96602.33830971419,2.9110969389410876e-6
0.13827,96602.09681690045,2.9082087109931986e-6
0.13828,96601.85532469062,2.9053009256031305e-6
0.13829,96601.61383308473,2.902356983063019e-6
0.1383,96601.37234208274,2.8993661018593788e-6
0.13831,96601.13085168469,2.8963233186730755e-6
0.13832,96600.88936189054,2.893229488379304e-6
0.13833,96600.64787270033,2.8900912840476357e-6
0.13834,96600.40638411402,2.886921196941995e-6
0.13835,96600.16489613161,2.883737536520635e-6
0.13836,96599.92340875312,2.8805644304361846e-6
0.13837,96599.68192197855,2.8774318245356272e-6
0.13838,96599.44043580789,2.874375482860272e-6
0.13839,96599.19895024113,2.871428132458306e-6
0.1384,96598.95746527828,2.8685424200204616e-6
0.13841,96598.71598091933,2.865677540119117e-6
0.13842,96598.47449716428,2.862807240591195e-6
0.13843,96598.23301401312,2.8599110863599226e-6
0.13844,96597.99153146589,2.8569744594348855e-6
0.13845,96597.75004952254,2.8539885589120058e-6
0.13846,96597.50856818308,2.850950400973515e-6
0.13847,96597.26708744753,2.8478628188880055e-6
0.13848,96597.02560731585,2.8447344630104048e-6
0.13849,96596.78412778808,2.8415798007819504e-6
0.1385,96596.54264886421,2.8384191167302408e-6
0.13851,96596.30117054422,2.8352785124692094e-6
0.13852,96596.0596928281,2.8321899066990993e-6
0.13853,96595.81821571589,2.8291910352065224e-6
0.13854,96595.57673920755,2.826295264879795e-6
0.13855,96595.3352633031,2.8234423191970553e-6
0.13856,96595.09378800253,2.8206006386248483e-6
0.13857,96594.85231330583,2.8177459499268085e-6
0.13858,96594.61083921303,2.8148597958460435e-6
0.13859,96594.3693657241,2.811929535105113e-6
0.1386,96594.12789283902,2.8089483424060038e-6
0.13861,96593.88642055784,2.805915208430176e-6
0.13862,96593.64494888054,2.802834939838544e-6
0.13863,96593.40347780709,2.7997181592714457e-6
0.13864,96593.16200733751,2.796581305348696e-6
0.13865,96592.92053747181,2.7934466326695613e-6
0.13866,96592.67906820997,2.790342211812732e-6
0.13867,96592.437599552,2.7873019293363857e-6
0.13868,96592.19613149788,2.7843648247597325e-6
0.13869,96591.95466404763,2.781510688798828e-6
0.1387,96591.71319720124,2.7786870565734424e-6
0.13871,96591.47173095871,2.775865813887832e-6
0.13872,96591.23026532005,2.773024661422077e-6
0.13873,96590.98880028522,2.770147114732055e-6
0.13874,96590.74733585426,2.767222504249419e-6
0.13875,96590.50587202715,2.7642459752816424e-6
0.13876,96590.2644088039,2.7612184880120004e-6
0.13877,96590.02294618447,2.758146817499539e-6
0.13878,96589.78148416891,2.755043553679138e-6
0.13879,96589.5400227572,2.751927101361441e-6
0.1388,96589.29856194933,2.7488216802329147e-6
0.13881,96589.0571017453,2.745757324855827e-6
0.13882,96588.81564214511,2.742769884668215e-6
0.13883,96588.57418314878,2.7398914425343832e-6
0.13884,96588.33272475627,2.737073574396885e-6
0.13885,96588.0912669676,2.734276051533765e-6
0.13886,96587.84980978277,2.7314727297659622e-6
0.13887,96587.60835320178,2.728643278690357e-6
0.13888,96587.36689722461,2.7257731816797484e-6
0.13889,96587.12544185128,2.722853735882901e-6
0.1389,96586.88398708178,2.7198820522245227e-6
0.13891,96586.64253291611,2.7168610554052363e-6
0.13892,96586.40107935427,2.7137994839016425e-6
0.13893,96586.15962639624,2.7107118899662486e-6
0.13894,96585.91817404205,2.7076186396275295e-6
0.13895,96585.67672229167,2.704545912689903e-6
0.13896,96585.43527114512,2.7015257027337022e-6
0.13897,96585.19382060238,2.698595817115229e-6
0.13898,96584.95237066348,2.6957684284413456e-6
0.13899,96584.71092132837,2.692983182678233e-6
0.139,96584.46947259709,2.690208811082317e-6
0.13901,96584.22802446962,2.687421134514364e-6
0.13902,96583.98657694596,2.684601786512693e-6
0.13903,96583.74513002612,2.681738213293233e-6
0.13904,96583.50368371006,2.678823673749462e-6
0.13905,96583.26223799784,2.6758572394524575e-6
0.13906,96583.02079288941,2.6728437946508774e-6
0.13907,96582.77934838479,2.6697940362709326e-6
0.13908,96582.53790448396,2.666724473916438e-6
0.13909,96582.29646118695,2.6636574298687852e-6
0.1391,96582.05501849373,2.660621039086922e-6
0.13911,96581.81357640431,2.657649249207397e-6
0.13912,96581.5721349187,2.6547810205854376e-6
0.13913,96581.33069403686,2.651994882903699e-6
0.13914,96581.08925375884,2.649238861590572e-6
0.13915,96580.8478140846,2.6464849259999366e-6
0.13916,96580.60637501415,2.6437108570663994e-6
0.13917,96580.36493654748,2.6409002473053475e-6
0.13918,96580.12349868461,2.6380425008128852e-6
0.13919,96579.88206142552,2.63513283326589e-6
0.1392,96579.64062477021,2.632172271921989e-6
0.13921,96579.3991887187,2.629167655619534e-6
0.13922,96579.15775327096,2.626131634777651e-6
0.13923,96578.916318427,2.6230826713962156e-6
0.13924,96578.67488418682,2.6200450390558257e-6
0.13925,96578.43345055042,2.617048822917856e-6
0.13926,96578.1920175178,2.6141299197244295e-6
0.13927,96577.95058508894,2.611319996126551e-6
0.13928,96577.70915326386,2.60856999602472e-6
0.13929,96577.46772204255,2.605840045588215e-6
0.1393,96577.226291425,2.603104070397629e-6
0.13931,96576.98486141124,2.60034180651701e-6
0.13932,96576.74343200123,2.5975388004938366e-6
0.13933,96576.502003195,2.594686409359066e-6
0.13934,96576.26057499251,2.591781800627109e-6
0.13935,96576.0191473938,2.588827952295807e-6
0.13936,96575.77772039885,2.5858336528464815e-6
0.13937,96575.53629400766,2.5828135012439063e-6
0.13938,96575.29486822023,2.5797879069362867e-6
0.13939,96575.05344303654,2.5767830898553152e-6
0.1394,96574.81201845662,2.573831080416105e-6
0.13941,96574.57059448044,2.5709697195172487e-6
0.13942,96574.32917110802,2.5682104980851823e-6
0.13943,96574.08774833934,2.5654930449872317e-6
0.13944,96573.84632617442,2.5627862531189156e-6
0.13945,96573.60490461325,2.560065999347297e-6
0.13946,96573.36348365582,2.5573139699257297e-6
0.13947,96573.12206330213,2.554517660493906e-6
0.13948,96572.88064355218,2.551670376077832e-6
0.13949,96572.63922440598,2.548771231089804e-6
0.1395,96572.39780586353,2.545825149328458e-6
0.13951,96572.1563879248,2.5428428639787434e-6
0.13952,96571.9149705898,2.539840917611899e-6
0.13953,96571.67355385855,2.5368416621855126e-6
0.13954,96571.43213773103,2.533873259043452e-6
0.13955,96571.19072220723,2.530969678915925e-6
0.13956,96570.94930728718,2.528169831467722e-6
0.13957,96570.70789297085,2.525451646094317e-6
0.13958,96570.46647925825,2.5227633922573366e-6
0.13959,96570.22506614937,2.5200770848722048e-6
0.1396,96569.98365364423,2.5173705471461033e-6
0.13961,96569.74224174279,2.5146274105780167e-6
0.13962,96569.50083044509,2.5118371149587087e-6
0.13963,96569.25941975109,2.5089949083707008e-6
0.13964,96569.01800966082,2.506101847188325e-6
0.13965,96568.77660017427,2.5031647960776617e-6
0.13966,96568.53519129143,2.5001964279965953e-6
0.13967,96568.29378301231,2.497215224194791e-6
0.13968,96568.05237533689,2.494245474213668e-6
0.13969,96567.8109682652,2.4913172758864516e-6
0.1397,96567.5695617972,2.4884665353381443e-6
0.13971,96567.3281559329,2.4857247524934494e-6
0.13972,96567.08675067233,2.483042646584698e-6
0.13973,96566.84534601546,2.4803804839757896e-6
0.13974,96566.60394196228,2.477712222078292e-6
0.13975,96566.36253851281,2.4750176255039485e-6
0.13976,96566.12113566704,2.472282266064653e-6
0.13977,96565.87973342497,2.469497522772431e-6
0.13978,96565.6383317866,2.466660581839488e-6
0.13979,96565.39693075193,2.463774436678153e-6
0.1398,96565.15553032095,2.4608478879009288e-6
0.13981,96564.91413049365,2.4578955433204714e-6
0.13982,96564.67273127005,2.4549378179495644e-6
0.13983,96564.43133265014,2.4520009340011683e-6
0.13984,96564.18993463392,2.4491169208883944e-6
0.13985,96563.94853722138,2.446323615224483e-6
0.13986,96563.70714041252,2.4436323588419826e-6
0.13987,96563.46574420735,2.440982791667458e-6
0.13988,96563.22434860587,2.4383438488978992e-6
0.13989,96562.98295360807,2.4356914255179377e-6
0.1399,96562.74155921394,2.4330072226229563e-6
0.13991,96562.5001654235,2.4302787474191398e-6
0.13992,96562.25877223672,2.427499313223454e-6
0.13993,96562.01737965363,2.4246680394636223e-6
0.13994,96561.77598767419,2.42178985167817e-6
0.13995,96561.53459629844,2.4188754815164056e-6
0.13996,96561.29320552635,2.4159414667383915e-6
0.13997,96561.05181535795,2.413010151214996e-6
0.13998,96560.81042579318,2.410109684927867e-6
0.13999,96560.56903683211,2.4072740239694086e-6
0.14,96560.32764847469,2.4045420658469013e-6
0.14001,96560.08626072094,2.4018917871917558e-6
0.14002,96559.84487357084,2.399271456181047e-6
0.14003,96559.6034870244,2.396653095436783e-6
0.14004,96559.36210108163,2.39401453260473e-6
0.14005,96559.12071574251,2.3913394003544613e-6
0.14006,96558.87933100703,2.3886171363793393e-6
0.14007,96558.63794687521,2.385842983396489e-6
0.14008,96558.39656334705,2.383017989146846e-6
0.14009,96558.15518042255,2.3801490063951337e-6
0.1401,96557.91379810168,2.3772486929298367e-6
0.14011,96557.67241638446,2.3743355115632515e-6
0.14012,96557.4310352709,2.371433730131463e-6
0.14013,96557.18965476096,2.3685734214943154e-6
0.14014,96556.94827485469,2.3657904635354757e-6
0.14015,96556.70689555205,2.3631164465195137e-6
0.14016,96556.46551685304,2.360502259405447e-6
0.14017,96556.22413875768,2.357908097122086e-6
0.14018,96555.98276126596,2.355307911140454e-6
0.14019,96555.74138437786,2.352681456870094e-6
0.1402,96555.5000080934,2.3500142936590505e-6
0.14021,96555.25863241257,2.347297784793845e-6
0.14022,96555.01725733538,2.3445290974995205e-6
0.14023,96554.77588286181,2.34171120293962e-6
0.14024,96554.53450899187,2.338852876216163e-6
0.14025,96554.29313572556,2.335968696369692e-6
0.14026,96554.05176306287,2.333079046379249e-6
0.14027,96553.8103910038,2.3302101131623524e-6
0.14028,96553.56901954836,2.32739388757505e-6
0.14029,96553.32764869655,2.3246681644118605e-6
0.1403,96553.08627844833,2.322044671092402e-6
0.14031,96552.84490880375,2.3194630796462154e-6
0.14032,96552.60353976279,2.316892250742212e-6
0.14033,96552.36217132543,2.3143080598120875e-6
0.14034,96552.12080349168,2.31169218514256e-6
0.14035,96551.87943626154,2.3090321078753496e-6
0.14036,96551.63806963501,2.3063211120072203e-6
0.14037,96551.3967036121,2.30355828438996e-6
0.14038,96551.15533819278,2.300748514730357e-6
0.14039,96550.91397337709,2.297902495590252e-6
0.1404,96550.67260916498,2.295036722386479e-6
0.14041,96550.43124555648,2.2921734933909186e-6
0.14042,96550.18988255158,2.289340909730473e-6
0.14043,96549.94852015028,2.286572875387045e-6
0.14044,96549.70715835257,2.2839083133031085e-6
0.14045,96549.46579715847,2.2813258918143985e-6
0.14046,96549.22443656795,2.278773633812595e-6
0.14047,96548.98307658103,2.276223532043205e-6
0.14048,96548.7417171977,2.2736533810243913e-6
0.14049,96548.50035841796,2.271046777046953e-6
0.1405,96548.25900024181,2.2683931181743672e-6
0.14051,96548.01764266925,2.2656876042427695e-6
0.14052,96547.77628570028,2.262931236860929e-6
0.14053,96547.53492933488,2.260130819410303e-6
0.14054,96547.29357357307,2.257298957044974e-6
0.14055,96547.05221841484,2.254454056691706e-6
0.14056,96546.81086386018,2.25162032704992e-6
0.14057,96546.56950990911,2.248827778591669e-6
0.14058,96546.32815656162,2.2461122235616895e-6
0.14059,96546.08680381768,2.243505592328776e-6
0.1406,96545.84545167735,2.2409593428443143e-6
0.14061,96545.60410014057,2.238433386725441e-6
0.14062,96545.36274920736,2.2359016320135145e-6
0.14063,96545.12139887772,2.233343787442463e-6
0.14064,96544.88004915164,2.230745362438839e-6
0.14065,96544.63870002914,2.228097667121759e-6
0.14066,96544.3973515102,2.2253978123029536e-6
0.14067,96544.15600359482,2.2226487094867497e-6
0.14068,96543.914656283,2.2198590708700427e-6
0.14069,96543.67330957475,2.217043409342345e-6
0.1407,96543.43196347004,2.2142220384857624e-6
0.14071,96543.1906179689,2.2114210725749714e-6
0.14072,96542.94927307131,2.2086724265772655e-6
0.14073,96542.70792877728,2.20601381615253e-6
0.14074,96542.4665850868,2.203457872587829e-6
0.14075,96542.22524199987,2.200944339384889e-6
0.14076,96541.98389951649,2.198441881275249e-6
0.14077,96541.74255763665,2.1959263167361273e-6
0.14078,96541.50121636037,2.1933792638593025e-6
0.14079,96541.25987568761,2.1907881403510926e-6
0.1408,96541.01853561841,2.188146163532397e-6
0.14081,96540.77719615276,2.185452350338676e-6
0.14082,96540.53585729064,2.182711517319928e-6
0.14083,96540.29451903206,2.1799342806407338e-6
0.14084,96540.053181377,2.177137056080234e-6
0.14085,96539.81184432551,2.174342059032108e-6
0.14086,96539.57050787752,2.1715773045046177e-6
0.14087,96539.32917203309,2.1688766071205858e-6
0.14088,96539.08783679217,2.166278941186794e-6
0.14089,96538.84650215479,2.1637643191066285e-6
0.1409,96538.60516812094,2.161280275686791e-6
0.14091,96538.36383469061,2.158798736454528e-6
0.14092,96538.1225018638,2.156297425475407e-6
0.14093,96537.88116964053,2.153759865353292e-6
0.14094,96537.63983802077,2.1511753772303893e-6
0.14095,96537.39850700455,2.148539080787224e-6
0.14096,96537.15717659182,2.1458518942426185e-6
0.14097,96536.91584678262,2.143120534353737e-6
0.14098,96536.67451757693,2.140357516416063e-6
0.14099,96536.43318897477,2.1375811542633765e-6
0.141,96536.1918609761,2.1348155602678085e-6
0.14101,96535.95053358097,2.1320906453397772e-6
0.14102,96535.70920678932,2.129442118928044e-6
0.14103,96535.4678806012,2.1269024799877316e-6
0.14104,96535.22655501658,2.1244241773000537e-6
0.14105,96534.98523003547,2.121966623444649e-6
0.14106,96534.74390565786,2.1195036457775536e-6
0.14107,96534.50258188375,2.117014869118243e-6
0.14108,96534.26125871313,2.1144857157496726e-6
0.14109,96534.01993614603,2.1119074054182574e-6
0.1411,96533.77861418242,2.1092769553338502e-6
0.14111,96533.5372928223,2.1065971801697846e-6
0.14112,96533.29597206568,2.103876692062854e-6
0.14113,96533.05465191255,2.10112990061329e-6
0.14114,96532.81333236292,2.0983770128848116e-6
0.14115,96532.57201341678,2.095644033404569e-6
0.14116,96532.33069507412,2.0929627641631925e-6
0.14117,96532.08937733495,2.090370804614773e-6
0.14118,96531.84806019926,2.0878821747246937e-6
0.14119,96531.60674366706,2.085436771281805e-6
0.1412,96531.36542773835,2.0830029301385175e-6
0.14121,96531.1241124131,2.0805563756560633e-6
0.14122,96530.88279769136,2.0780786285853612e-6
0.14123,96530.64148357308,2.0755570060669984e-6
0.14124,96530.40017005827,2.0729846216312097e-6
0.14125,96530.15885714695,2.0703603851979244e-6
0.14126,96529.9175448391,2.067689003076712e-6
0.14127,96529.67623313471,2.064980977966831e-6
0.14128,96529.4349220338,2.062252608957208e-6
0.14129,96529.19361153636,2.0595259915264148e-6
0.1413,96528.95230164239,2.0568290175427136e-6
0.14131,96528.71099235189,2.054195375264034e-6
0.14132,96528.46968366485,2.0516640944871623e-6
0.14133,96528.22837558127,2.049217201638183e-6
0.14134,96527.98706810115,2.046801502191874e-6
0.14135,96527.74576122449,2.044388817386129e-6
0.14136,96527.5044549513,2.041956763775522e-6
0.14137,96527.26314928156,2.0394887532312865e-6
0.14138,96527.02184421527,2.0369739929412986e-6
0.14139,96526.78053975244,2.0344074854101214e-6
0.1414,96526.53923589305,2.03179002845895e-6
0.14141,96526.29793263713,2.0291282152256633e-6
0.14142,96526.05662998465,2.026434434164799e-6
0.14143,96525.81532793562,2.0237268690475352e-6
0.14144,96525.57402649004,2.021029498961733e-6
0.14145,96525.3327256479,2.018372098311912e-6
0.14146,96525.09142540919,2.015790236819233e-6
0.14147,96524.85012577394,2.013317175759857e-6
0.14148,96524.60882674211,2.010906815348322e-6
0.14149,96524.36752831374,2.0085178467045498e-6
0.1415,96524.12623048881,2.006123979523149e-6
0.14151,96523.8849332673,2.0037047177440427e-6
0.14152,96523.64363664924,2.001245359552511e-6
0.14153,96523.4023406346,1.998736997379176e-6
0.14154,96523.1610452234,1.9961765178999766e-6
0.14155,96522.91975041562,1.993566602036214e-6
0.14156,96522.67845621127,1.9909157249545275e-6
0.14157,96522.43716261037,1.9882381560668756e-6
0.14158,96522.19586961287,1.9855539590305767e-6
0.14159,96521.9545772188,1.9828889917482897e-6
0.1416,96521.71328542815,1.980274906367991e-6
0.14161,96521.47199424093,1.9777491492830187e-6
0.14162,96521.23070365711,1.975327563762768e-6
0.14163,96520.98941367673,1.9729503468836697e-6
0.14164,96520.74812429976,1.9705853550581198e-6
0.14165,96520.5068355262,1.9682081816287216e-6
0.14166,96520.26554735606,1.965800213115355e-6
0.14167,96520.02425978932,1.963348629215158e-6
0.14168,96519.782972826,1.9608464028025035e-6
0.14169,96519.54168646608,1.958292299929044e-6
0.1417,96519.30040070957,1.955690879823688e-6
0.14171,96519.05911555648,1.953052494892581e-6
0.14172,96518.81783100677,1.950393290719146e-6
0.14173,96518.57654706048,1.9477352060640624e-6
0.14174,96518.33526371758,1.9451059728652474e-6
0.14175,96518.0939809781,1.9425391162379024e-6
0.14176,96517.852698842,1.940073694520543e-6
0.14177,96517.61141730931,1.9376944442082853e-6
0.14178,96517.37013637999,1.93534720269026e-6
0.14179,96517.12885605409,1.9330036500493145e-6
0.1418,96516.88757633157,1.930641258480597e-6
0.14181,96516.64629721244,1.9282432922915394e-6
0.14182,96516.4050186967,1.9257988079018375e-6
0.14183,96516.16374078435,1.9233026538434886e-6
0.14184,96515.92246347539,1.9207554707607744e-6
0.14185,96515.6811867698,1.9181636914102373e-6
0.14186,96515.43991066761,1.915539540660725e-6
0.14187,96515.1986351688,1.9129010354933674e-6
0.14188,96514.95736027336,1.910271985001556e-6
0.14189,96514.7160859813,1.9076819903909943e-6
0.1419,96514.47481229262,1.9051664449796387e-6
0.14191,96514.23353920731,1.9027595193316452e-6
0.14192,96513.99226672538,1.900417079230678e-6
0.14193,96513.75099484682,1.898096862791388e-6
0.14194,96513.50972357164,1.8957724252297252e-6
0.14195,96513.26845289982,1.8934231128117652e-6
0.14196,96513.02718283137,1.891034062853689e-6
0.14197,96512.78591336629,1.8885962037218227e-6
0.14198,96512.54464450457,1.886106254832618e-6
0.14199,96512.30337624621,1.8835667266526311e-6
0.142,96512.06210859121,1.880985920698572e-6
0.14201,96511.82084153958,1.878377929537247e-6
0.14202,96511.57957509131,1.875762636785609e-6
0.14203,96511.33830924639,1.873165717110737e-6
0.14204,96511.09704400483,1.8706186362298138e-6
0.14205,96510.85577936663,1.8681586509101686e-6
0.14206,96510.61451533176,1.8658037974740434e-6
0.14207,96510.37325190027,1.8634948057355993e-6
0.14208,96510.1319890721,1.8611988791266326e-6
0.14209,96509.89072684731,1.8588914432332177e-6
0.1421,96509.64946522584,1.8565537136307728e-6
0.14211,96509.40820420774,1.8541726958841047e-6
0.14212,96509.16694379297,1.851741185547357e-6
0.14213,96508.92568398154,1.849257768164055e-6
0.14214,96508.68442477346,1.8467268192670881e-6
0.14215,96508.44316616871,1.8441585043786876e-6
0.14216,96508.2019081673,1.8415687790104676e-6
0.14217,96507.96065076922,1.8389793886634058e-6
0.14218,96507.71939397449,1.836417868827821e-6
0.14219,96507.47813778308,1.833917544983417e-6
0.1422,96507.23688219501,1.8315174379906938e-6
0.14221,96506.99562721027,1.8292057227725961e-6
0.14222,96506.75437282886,1.8269270341464864e-6
0.14223,96506.51311905077,1.8246528743907607e-6
0.14224,96506.27186587601,1.8223605347130102e-6
0.14225,96506.03061330457,1.820033095250065e-6
0.14226,96505.78936133646,1.8176594250679431e-6
0.14227,96505.54810997166,1.8152341821618956e-6
0.14228,96505.30685921019,1.812757813456387e-6
0.14229,96505.06560905204,1.8102365548050759e-6
0.1423,96504.8243594972,1.8076824309908543e-6
0.14231,96504.58311054567,1.805113255725828e-6
0.14232,96504.34186219747,1.8025526316512963e-6
0.14233,96504.10061445256,1.800029950337791e-6
0.14234,96503.85936731099,1.7975803922850596e-6
0.14235,96503.6181207727,1.7952391263445036e-6
0.14236,96503.37687483773,1.7929645629856654e-6
0.14237,96503.13562950607,1.7907132460081095e-6
0.14238,96502.89438477771,1.7884585396332198e-6
0.14239,96502.65314065266,1.786179595952007e-6
0.1424,96502.4118971309,1.78386135492509e-6
0.14241,96502.17065421244,1.7814945443827337e-6
0.14242,96501.92941189729,1.7790756800248305e-6
0.14243,96501.68817018543,1.7766070654208798e-6
0.14244,96501.44692907686,1.7740967920100285e-6
0.14245,96501.2056885716,1.7715587391010504e-6
0.14246,96500.96444866962,1.7690125738723263e-6
0.14247,96500.72320937093,1.7664837513718843e-6
0.14248,96500.48197067554,1.7640035145173792e-6
0.14249,96500.24073258342,1.7616088940960737e-6
0.1425,96499.9994950946,1.7593204096861215e-6
0.14251,96499.75825820907,1.7570796593650044e-6
0.14252,96499.51702192682,1.7548529936667593e-6
0.14253,96499.27578624785,1.752615634021751e-6
0.14254,96499.03455117215,1.7503485886714647e-6
0.14255,96498.79331669974,1.7480386526685414e-6
0.14256,96498.5520828306,1.745678407876762e-6
0.14257,96498.31084956473,1.743266222971026e-6
0.14258,96498.06961690215,1.7408062534373905e-6
0.14259,96497.82838484284,1.738308441573052e-6
0.1426,96497.5871533868,1.7357885164863238e-6
0.14261,96497.34592253402,1.7332679940966864e-6
0.14262,96497.10469228453,1.7307741771347304e-6
0.14263,96496.86346263828,1.728340155142206e-6
0.14264,96496.62223359532,1.7260047996710102e-6
0.14265,96496.3810051556,1.723760487222398e-6
0.14266,96496.13977731916,1.7215504237096415e-6
0.14267,96495.89855008597,1.719345897282375e-6
0.14268,96495.65732345605,1.7171239818457794e-6
0.14269,96495.41609742938,1.7148675370606168e-6
0.1427,96495.17487200597,1.7125652083432132e-6
0.14271,96494.93364718581,1.7102114268654395e-6
0.14272,96494.69242296892,1.7078064095547492e-6
0.14273,96494.45119935526,1.7053561590941595e-6
0.14274,96494.20997634486,1.7028724639222315e-6
0.14275,96493.9687539377,1.7003728982331168e-6
0.14276,96493.72753213381,1.6978808219765033e-6
0.14277,96493.48631093315,1.6954253808576626e-6
0.14278,96493.24509033572,1.6930415063374314e-6
0.14279,96493.00387034156,1.6907653872314391e-6
0.1428,96492.76265095062,1.6885586316450207e-6
0.14281,96492.52143216293,1.6863763386073972e-6
0.14282,96492.28021397848,1.6841916450764405e-6
0.14283,96492.03899639726,1.6819834727124038e-6
0.14284,96491.79777941928,1.6797365278779035e-6
0.14285,96491.55656304453,1.6774413016379001e-6
0.14286,96491.31534727302,1.6750940697597426e-6
0.14287,96491.07413210472,1.6726968927131169e-6
0.14288,96490.83291753968,1.6702576156700912e-6
0.14289,96490.59170357784,1.6677898685050976e-6
0.1429,96490.35049021924,1.6653130657949106e-6
0.14291,96490.10927746387,1.6628524068186873e-6
0.14292,96489.8680653117,1.6604388755579485e-6
0.14293,96489.62685376278,1.6581092406965585e-6
0.14294,96489.38564281705,1.6558867045706016e-6
0.14295,96489.14443247455,1.6537141862204822e-6
0.14296,96488.90322273529,1.6515569544841822e-6
0.14297,96488.66201359921,1.649389990416208e-6
0.14298,96488.42080506637,1.6471940587228508e-6
0.14299,96488.17959713674,1.6449557077621673e-6
0.143,96487.93838981031,1.6426672695440227e-6
0.14301,96487.69718308709,1.6403268597300413e-6
0.14302,96487.45597696709,1.6379383776336503e-6
0.14303,96487.21477145028,1.635511506220062e-6
0.14304,96486.97356653669,1.633061712106252e-6
0.14305,96486.73236222629,1.630610245561e-6
0.14306,96486.4911585191,1.6281841405048702e-6
0.14307,96486.24995541511,1.6258162145101914e-6
0.14308,96486.00875291432,1.6235450688010952e-6
0.14309,96485.76755101672,1.6213679564709097e-6
0.1431,96485.52634972232,1.6192265644475027e-6
0.14311,96485.28514903111,1.6170918893252897e-6
0.14312,96485.0439489431,1.6149407515580138e-6
0.14313,96484.80274945828,1.6127557542027175e-6
0.14314,96484.56155057665,1.6105252829197252e-6
0.14315,96484.32035229821,1.6082435059726256e-6
0.14316,96484.07915462296,1.605910374228307e-6
0.14317,96483.83795755089,1.6035316211569406e-6
0.14318,96483.596761082,1.6011187628319597e-6
0.14319,96483.35556521629,1.5986890979300991e-6
0.1432,96483.11436995376,1.5962657077313766e-6
0.14321,96482.87317529443,1.5938774561190705e-6
0.14322,96482.63198123826,1.591558989579768e-6
0.14323,96482.39078778528,1.5893474642536582e-6
0.14324,96482.14959493546,1.5872084180077945e-6
0.14325,96481.90840268882,1.585095247362934e-6
0.14326,96481.66721104535,1.582980825936975e-6
0.14327,96481.42602000505,1.5808438089036961e-6
0.14328,96481.18482956792,1.5786686329927382e-6
0.14329,96480.94363973395,1.5764455164895878e-6
0.1433,96480.70245050316,1.5741704592356113e-6
0.14331,96480.46126187552,1.5718452426280386e-6
0.14332,96480.22007385104,1.5694774296199438e-6
0.14333,96479.97888642974,1.5670803647202814e-6
0.14334,96479.73769961159,1.5646731739938704e-6
0.14335,96479.49651339659,1.5622807650613716e-6
0.14336,96479.25532778476,1.5599338270993357e-6
0.14337,96479.01414277608,1.5576688308401488e-6
0.14338,96478.77295837055,1.5555117600385386e-6
0.14339,96478.53177456818,1.5534074344892798e-6
0.1434,96478.29059136896,1.551319783587426e-6
0.14341,96478.04940877287,1.5492235120619902e-6
0.14342,96477.80822677995,1.5470991051492182e-6
0.14343,96477.56704539017,1.5449328285925687e-6
0.14344,96477.32586460354,1.54271672864275e-6
0.14345,96477.08468442004,1.5404486320577026e-6
0.14346,96476.8435048397,1.5381321461025792e-6
0.14347,96476.60232586248,1.53577665854979e-6
0.14348,96476.36114748841,1.5333973376789505e-6
0.14349,96476.11996971746,1.5310151322769273e-6
0.1435,96475.87879254966,1.5286567716378188e-6
0.14351,96475.637615985,1.5263547655629354e-6
0.14352,96475.39644002347,1.5241474043608383e-6
0.14353,96475.15526466505,1.5220371224668454e-6
0.14354,96474.91408990978,1.5199644183514542e-6
0.14355,96474.67291575763,1.5178997863149575e-6
0.14356,96474.43174220862,1.5158197575335615e-6
0.14357,96474.19056926272,1.5137066426432228e-6
0.14358,96473.94939691995,1.5115485317396826e-6
0.14359,96473.7082251803,1.5093392943784502e-6
0.1436,96473.46705404377,1.5070785795747841e-6
0.14361,96473.22588351036,1.5047718158037349e-6
0.14362,96472.98471358007,1.502430211000095e-6
0.14363,96472.7435442529,1.5000707525584446e-6
0.14364,96472.50237552883,1.4977162073331297e-6
0.14365,96472.26120740788,1.4953951216382456e-6
0.14366,96472.02003989003,1.493141821247675e-6
0.14367,96471.77887297531,1.490994297131033e-6
0.14368,96471.53770666369,1.4889228282421109e-6
0.14369,96471.29654095518,1.4868788485994112e-6
0.1437,96471.05537584977,1.4848349327403596e-6
0.14371,96470.81421134746,1.4827694336184946e-6
0.14372,96470.57304744827,1.4806664826035078e-6
0.14373,96470.33188415217,1.4785159894811977e-6
0.14374,96470.09072145916,1.4763136424535094e-6
0.14375,96469.84955936926,1.474060908138519e-6
0.14376,96469.60839788245,1.4717650315704135e-6
0.14377,96469.36723699873,1.4694390361995286e-6
0.14378,96469.12607671812,1.4671017238923305e-6
0.14379,96468.88491704059,1.4647776749313943e-6
0.1438,96468.64375796616,1.4624972480154475e-6
0.14381,96468.4025994948,1.4602965802593434e-6
0.14382,96468.16144162654,1.4582044271503148e-6
0.14383,96467.92028436136,1.4561682217376939e-6
0.14384,96467.67912769927,1.454150269269207e-6
0.14385,96467.43797164026,1.4521249624397365e-6
0.14386,96467.19681618434,1.4500724713210455e-6
0.14387,96466.95566133148,1.4479787433617326e-6
0.14388,96466.71450708172,1.4458355033872727e-6
0.14389,96466.47335343502,1.4436402535999992e-6
0.1439,96466.2322003914,1.4413962735790855e-6
0.14391,96465.99104795085,1.4391126202805822e-6
0.14392,96465.74989611338,1.4368041280373987e-6
0.14393,96465.50874487899,1.434491408559283e-6
0.14394,96465.26759424765,1.4322008509328627e-6
0.14395,96465.02644421939,1.429964621621621e-6
0.14396,96464.78529479419,1.4278206644658835e-6
0.14397,96464.54414597205,1.425776747066061e-6
0.14398,96464.30299775298,1.4237727142062374e-6
0.14399,96464.06185013698,1.421778288652867e-6
0.144,96463.82070312402,1.4197696766183815e-6
0.14401,96463.57955671413,1.4177288606555123e-6
0.14402,96463.3384109073,1.4156435996573256e-6
0.14403,96463.09726570352,1.4135074288572058e-6
0.14404,96462.8561211028,1.4113196598288366e-6
0.14405,96462.61497710513,1.4090853804862368e-6
0.14406,96462.3738337105,1.4068154550837441e-6
0.14407,96462.13269091894,1.4045265242159938e-6
0.14408,96461.8915487304,1.4022410048179577e-6
0.14409,96461.65040714493,1.3999870901649261e-6
0.1441,96461.4092661625,1.3977987498724876e-6
0.14411,96461.16812578312,1.395714595282442e-6
0.14412,96460.92698600677,1.3937105341901062e-6
0.14413,96460.68584683347,1.391735781537909e-6
0.14414,96460.4447082632,1.3897625771227828e-6
0.14415,96460.20357029597,1.3877689360479144e-6
0.14416,96459.96243293177,1.3857386487227767e-6
0.14417,96459.72129617061,1.3836612808631148e-6
0.14418,96459.48016001249,1.381532173490926e-6
0.14419,96459.23902445739,1.3793524429344962e-6
0.1442,96458.99788950534,1.377128980828382e-6
0.14421,96458.7567551563,1.3748744541133915e-6
0.14422,96458.51562141029,1.3726073050366294e-6
0.14423,96458.2744882673,1.370351751151445e-6
0.14424,96458.03335572734,1.3681377853174769e-6
0.14425,96457.7922237904,1.3660011757006354e-6
0.14426,96457.55109245649,1.3639733272477742e-6
0.14427,96457.3099617256,1.3620051318849196e-6
0.14428,96457.06883159772,1.3600569630646794e-6
0.14429,96456.82770207284,1.3581028659014123e-6
0.1443,96456.586573151,1.3561226597827308e-6
0.14431,96456.34544483216,1.3541019383694846e-6
0.14432,96456.10431711633,1.352032069595745e-6
0.14433,96455.86319000353,1.3499101956688373e-6
0.14434,96455.62206349372,1.3477392330693245e-6
0.14435,96455.38093758693,1.3455278725509896e-6
0.14436,96455.13981228313,1.3432905791408774e-6
0.14437,96454.89868758235,1.341047592139245e-6
0.14438,96454.65756348456,1.3388249251196067e-6
0.14439,96454.41643998977,1.3366543659287128e-6
0.1444,96454.175317098,1.3345734766865353e-6
0.14441,96453.9341948092,1.3325953640851764e-6
0.14442,96453.69307312342,1.3306599484705696e-6
0.14443,96453.45195204062,1.328735860519682e-6
0.14444,96453.21083156082,1.3267989460793106e-6
0.14445,96452.96971168401,1.324830824235469e-6
0.14446,96452.7285924102,1.3228188873133705e-6
0.14447,96452.48747373937,1.3207563008774666e-6
0.14448,96452.24635567154,1.3186420037314021e-6
0.14449,96452.00523820668,1.3164807079180556e-6
0.1445,96451.76412134481,1.3142828987195217e-6
0.14451,96451.52300508592,1.312064834657094e-6
0.14452,96451.28188943001,1.3098485474912988e-6
0.14453,96451.04077437709,1.3076618422218808e-6
0.14454,96450.79965992714,1.30553829708778e-6
0.14455,96450.55854608017,1.3035168470740505e-6
0.14456,96450.31743283618,1.3015799822150504e-6
0.14457,96450.07632019516,1.2996744553737385e-6
0.14458,96449.8352081571,1.2977721363327993e-6
0.14459,96449.59409672204,1.2958506670810998e-6
0.1446,96449.35298588993,1.2938934618137267e-6
0.14461,96449.11187566079,1.2918897069319688e-6
0.14462,96448.87076603463,1.2898343610433026e-6
0.14463,96448.62965701142,1.2877281549614233e-6
0.14464,96448.38854859117,1.2855775917062312e-6
0.14465,96448.14744077389,1.2833949465038103e-6
0.14466,96447.90633355957,1.2811982667864669e-6
0.14467,96447.66522694821,1.2790113721927094e-6
0.14468,96447.4241209398,1.2768638545672327e-6
0.14469,96447.18301553436,1.2747910779609515e-6
0.1447,96446.94191073187,1.2728268591048172e-6
0.14471,96446.70080653233,1.2709265219675686e-6
0.14472,96446.45970293574,1.269048185446447e-6
0.14473,96446.2185999421,1.267165511897325e-6
0.14474,96445.97749755142,1.2652579348534016e-6
0.14475,96445.73639576367,1.2633106590251866e-6
0.14476,96445.49529457887,1.2613146603004836e-6
0.14477,96445.25419399701,1.2592666857444224e-6
0.14478,96445.0130940181,1.2571692535994441e-6
0.14479,96444.77199464213,1.2550306532852821e-6
0.1448,96444.5308958691,1.2528649453989986e-6
0.14481,96444.289797699,1.2506919617149645e-6
0.14482,96444.04870013185,1.248537305184845e-6
0.14483,96443.80760316763,1.246432349937638e-6
0.14484,96443.56650680634,1.2444142412796284e-6
0.14485,96443.32541104798,1.2425012808334135e-6
0.14486,96443.08431589256,1.2406343873082047e-6
0.14487,96442.84322134005,1.2387807325864967e-6
0.14488,96442.60212739048,1.2369157670244751e-6
0.14489,96442.36103404383,1.235020711128568e-6
0.1449,96442.11994130012,1.2330825555554315e-6
0.14491,96441.87884915931,1.231094061111979e-6
0.14492,96441.63775762144,1.2290537587553677e-6
0.14493,96441.39666668649,1.2269659495929808e-6
0.14494,96441.15557635445,1.2248407048824607e-6
0.14495,96440.91448662532,1.2226938660316932e-6
0.14496,96440.67339749912,1.2205470445987892e-6
0.14497,96440.43230897583,1.2184276222921252e-6
0.14498,96440.19122105544,1.2163687509702979e-6
0.14499,96439.95013373798,1.214409313559377e-6
0.145,96439.70904702341,1.2125393871483346e-6
0.14501,96439.46796091176,1.210703044614285e-6
0.14502,96439.22687540301,1.2088717506411415e-6
0.14503,96438.98579049717,1.2070227390356277e-6
0.14504,96438.74470619424,1.205139012727262e-6
0.14505,96438.50362249419,1.2032093437683884e-6
0.14506,96438.26253939705,1.201228273334161e-6
0.14507,96438.02145690282,1.1991961117225283e-6
0.14508,96437.78037501147,1.1971189383542699e-6
0.14509,96437.53929372304,1.1950086017729537e-6
0.1451,96437.29821303747,1.1928827196449753e-6
0.14511,96437.05713295481,1.1907646787595394e-6
0.14512,96436.81605347505,1.1886836350286439e-6
0.14513,96436.57497459817,1.186674513487115e-6
0.14514,96436.33389632417,1.1847731915534377e-6
0.14515,96436.09281865307,1.1829405150900322e-6
0.14516,96435.85174158485,1.1811320199804273e-6
0.14517,96435.61066511952,1.179320950828419e-6
0.14518,96435.36958925707,1.177486320335285e-6
0.14519,96435.1285139975,1.175612909299814e-6
0.1452,96434.8874393408,1.1736912666182908e-6
0.14521,96434.64636528699,1.1717177092844804e-6
0.14522,96434.40529183604,1.1696943223896656e-6
0.14523,96434.16421898798,1.1676289591226031e-6
0.14524,96433.92314674279,1.1655352407695625e-6
0.14525,96433.68207510046,1.1634325567143091e-6
0.14526,96433.44100406101,1.1613460644380878e-6
0.14527,96433.19993362443,1.1593066895196567e-6
0.14528,96432.95886379071,1.1573511256352685e-6
0.14529,96432.71779455987,1.1555025750716394e-6
0.1453,96432.47672593188,1.1537040633467061e-6
0.14531,96432.23565790676,1.1519208987126371e-6
0.14532,96431.9945904845,1.1501281011363024e-6
0.14533,96431.75352366509,1.1483064576604334e-6
0.14534,96431.51245744854,1.1464425224035848e-6
0.14535,96431.27139183485,1.1445286165601677e-6
0.14536,96431.03032682402,1.1425628284004364e-6
0.14537,96430.78926241603,1.1405490132704711e-6
0.14538,96430.54819861091,1.1384967935922106e-6
0.14539,96430.30713540863,1.1364215588634363e-6
0.1454,96430.0660728092,1.1343444656577545e-6
0.14541,96429.82501081262,1.1322924376246312e-6
0.14542,96429.58394941888,1.1302981654893746e-6
0.14543,96429.34288862799,1.1284001070531178e-6
0.14544,96429.10182843993,1.1265967352752436e-6
0.14545,96428.86076885472,1.1248294911400784e-6
0.14546,96428.61970987236,1.1230693241231078e-6
0.14547,96428.37865149284,1.1212930250255016e-6
0.14548,96428.13759371614,1.1194831507039575e-6
0.14549,96427.89653654228,1.1176280240707348e-6
0.1455,96427.65547997126,1.1157217340936397e-6
0.14551,96427.41442400306,1.1137641357960099e-6
0.14552,96427.1733686377,1.1117608502567458e-6
0.14553,96426.93231387516,1.109723264610295e-6
0.14554,96426.69125971547,1.1076685320466349e-6
0.14555,96426.4502061586,1.1056195718113076e-6
0.14556,96426.20915320453,1.1036050692054008e-6
0.14557,96425.96810085331,1.101659475585534e-6
0.14558,96425.7270491049,1.0998202688578007e-6
0.14559,96425.48599795932,1.0980550054254205e-6
0.1456,96425.24494741653,1.0963163174082574e-6
0.14561,96425.00389747659,1.0945769968917892e-6
0.14562,96424.76284813945,1.0928156009971172e-6
0.14563,96424.52179940513,1.0910164518809938e-6
0.14564,96424.28075127362,1.089169636735809e-6
0.14565,96424.03970374493,1.0872710077895746e-6
0.14566,96423.79865681904,1.0853221823059549e-6
0.14567,96423.55761049596,1.0833305425842519e-6
0.14568,96423.31656477568,1.081309235959388e-6
0.14569,96423.07551965822,1.0792771748019454e-6
0.1457,96422.83447514355,1.0772590365181206e-6
0.14571,96422.59343123168,1.0752852635497639e-6
0.14572,96422.35238792263,1.073392063374363e-6
0.14573,96422.11134521636,1.0716070974098463e-6
0.14574,96421.8703031129,1.0698767778611636e-6
0.14575,96421.62926161222,1.0681641177900505e-6
0.14576,96421.38822071435,1.066443672097311e-6
0.14577,96421.14718041927,1.064695759702854e-6
0.14578,96420.90614072698,1.0629064635456784e-6
0.14579,96420.66510163748,1.0610676305838585e-6
0.1458,96420.42406315077,1.0591768717945735e-6
0.14581,96420.18302526684,1.057237562174093e-6
0.14582,96419.9419879857,1.055258840737761e-6
0.14583,96419.70095130734,1.0532556105200332e-6
0.14584,96419.45991523178,1.0512485385744333e-6
0.14585,96419.21887975898,1.0492640559735922e-6
0.14586,96418.97784488897,1.0473343578092296e-6
0.14587,96418.73681062173,1.0454974031921412e-6
0.14588,96418.49577695728,1.0437597844941642e-6
0.14589,96418.25474389561,1.0420615044326929e-6
0.1459,96418.0137114367,1.0403725250310382e-6
0.14591,96417.77267958055,1.0386691594932747e-6
0.14592,96417.53164832719,1.036933484029371e-6
0.14593,96417.2906176766,1.0351533378551745e-6
0.14594,96417.04958762876,1.0333223231924451e-6
0.14595,96416.8085581837,1.0314398052688168e-6
0.14596,96416.5675293414,1.0295109123178316e-6
0.14597,96416.32650110187,1.027546535578925e-6
0.14598,96416.0854734651,1.0255633292974105e-6
0.14599,96415.84444643107,1.0235837107245105e-6
0.146,96415.60341999981,1.0216358601173413e-6
0.14601,96415.36239417132,1.0197537207388952e-6
0.14602,96415.12136894556,1.0179758098500957e-6
0.14603,96414.88034432258,1.0162776571933895e-6
0.14604,96414.63932030233,1.0146086945920138e-6
0.14605,96414.39829688486,1.0129412270664438e-6
0.14606,96414.15727407011,1.0112533216320042e-6
0.14607,96413.91625185813,1.0095288072988542e-6
0.14608,96413.67523024887,1.0077572750720205e-6
0.14609,96413.43420924238,1.0059340779513593e-6
0.1461,96413.19318883862,1.0040603309315896e-6
0.14611,96412.95216903761,1.0021429110022802e-6
0.14612,96412.71114983934,1.000194457147833e-6
0.14613,96412.4701312438,9.982333703475132e-7
0.14614,96412.229113251,9.962838135754358e-7
0.14615,96411.98809586094,9.943757118005487e-7
0.14616,96411.74707907361,9.925447519866634e-7
0.14617,96411.506062889,9.908224723683275e-7
0.14618,96411.26504730714,9.891601017030219e-7
0.14619,96411.02403232802,9.875179145242226e-7
0.1462,96410.7830179516,9.858699662038197e-7
0.14621,96410.54200417793,9.84196073097808e-7
0.14622,96410.30099100697,9.824818125462731e-7
0.14623,96410.05997843875,9.807185228733774e-7
0.14624,96409.81896647323,9.789033033873872e-7
0.14625,96409.57795511045,9.770390143806606e-7
0.14626,96409.33694435038,9.751342771296311e-7
0.14627,96409.09593419303,9.732034738948372e-7
0.14628,96408.85492463839,9.712667479209096e-7
0.14629,96408.61391568647,9.693500034365531e-7
0.1463,96408.37290733727,9.674849056545782e-7
0.14631,96408.13189959076,9.657088807718869e-7
0.14632,96407.89089244699,9.640360645383713e-7
0.14633,96407.6498859059,9.62406561507849e-7
0.14634,96407.40887996754,9.607887854133193e-7
0.14635,96407.16787463188,9.591585375101477e-7
0.14636,96406.92686989892,9.574973790282215e-7
0.14637,96406.68586576867,9.55792631171935e-7
0.14638,96406.4448622411,9.54037375120218e-7
0.14639,96406.20385931624,9.522304520265213e-7
0.1464,96405.9628569941,9.503764630188025e-7
0.14641,96405.72185527463,9.484857691995552e-7
0.14642,96405.48085415787,9.465744916457946e-7
0.14643,96405.23985364378,9.446645114090413e-7
0.14644,96404.99885373241,9.427834695153583e-7
0.14645,96404.75785442372,9.409647669653086e-7
0.14646,96404.51685571771,9.392473101564164e-7
0.14647,96404.2758576144,9.376159066809946e-7
0.14648,96404.03486011377,9.360165360900885e-7
0.14649,96403.79386321583,9.344209820971998e-7
0.1465,96403.55286692057,9.328067873822612e-7
0.14651,96403.31187122798,9.311572535916235e-7
0.14652,96403.0708761381,9.294614413380818e-7
0.14653,96402.82988165088,9.277141702008628e-7
0.14654,96402.58888776632,9.259160187256098e-7
0.14655,96402.34789448445,9.240733244244118e-7
0.14656,96402.10690180527,9.221981837757893e-7
0.14657,96401.86590972875,9.203084522246786e-7
0.14658,96401.62491825489,9.184277441824679e-7
0.14659,96401.38392738371,9.165854330269544e-7
0.1466,96401.14293711519,9.14816651102385e-7
0.14661,96400.90194744935,9.131561005508983e-7
0.14662,96400.66095838617,9.115613771116053e-7
0.14663,96400.41996992564,9.099895806382413e-7
0.14664,96400.1789820678,9.084142328296469e-7
0.14665,96399.9379948126,9.068146133439677e-7
0.14666,96399.69700816006,9.051757597986803e-7
0.14667,96399.45602211017,9.034884677705793e-7
0.14668,96399.21503666295,9.017492907957634e-7
0.14669,96398.97405181838,8.999605403696676e-7
0.1467,96398.73306757647,8.981302859470255e-7
0.14671,96398.49208393719,8.962723549419035e-7
0.14672,96398.25110090058,8.944063327276856e-7
0.14673,96398.01011846661,8.925575626370588e-7
0.14674,96397.7691366353,8.907571459620431e-7
0.14675,96397.52815540662,8.890419419539751e-7
0.14676,96397.28717478059,8.874328800474298e-7
0.14677,96397.0461947572,8.858719098291152e-7
0.14678,96396.80521533646,8.843253037476851e-7
0.14679,96396.56423651834,8.827683170403081e-7
0.1468,96396.32325830287,8.811819618988596e-7
0.14681,96396.08228069003,8.795530074699106e-7
0.14682,96395.84130367983,8.778739798547125e-7
0.14683,96395.60032727226,8.761431621092304e-7
0.14684,96395.35935146733,8.74364594244105e-7
0.14685,96395.11837626502,8.725480732246853e-7
0.14686,96394.87740166535,8.707091529710165e-7
0.14687,96394.63642766829,8.688691443578225e-7
0.14688,96394.39545427386,8.670551152145369e-7
0.14689,96394.15448148207,8.652998903252883e-7
0.1469,96393.91350929289,8.636420514288852e-7
0.14691,96393.67253770633,8.620769618701526e-7
0.14692,96393.4315667224,8.605469941697568e-7
0.14693,96393.19059634108,8.590233671010906e-7
0.14694,96392.94962656237,8.574830649960879e-7
0.14695,96392.70865738629,8.559088281404532e-7
0.14696,96392.46768881282,8.542891527736929e-7
0.14697,96392.22672084195,8.526182910891021e-7
0.14698,96391.98575347371,8.508962512337507e-7
0.14699,96391.74478670806,8.491287973085109e-7
0.147,96391.50382054503,8.473274493680438e-7
0.14701,96391.2628549846,8.455094834207844e-7
0.14702,96391.02189002678,8.436979314289706e-7
0.14703,96390.78092567156,8.419215813086298e-7
0.14704,96390.53996191894,8.402149769295618e-7
0.14705,96390.29899876892,8.386151558492726e-7
0.14706,96390.0580362215,8.370877150922593e-7
0.14707,96389.81707427668,8.355861729785449e-7
0.14708,96389.57611293445,8.340834835537362e-7
0.14709,96389.33515219482,8.325583558192789e-7
0.1471,96389.09419205778,8.309952537324828e-7
0.14711,96388.85323252332,8.2938439620651e-7
0.14712,96388.61227359147,8.277217571103607e-7
0.14713,96388.3713152622,8.260090652689003e-7
0.14714,96388.13035753551,8.242538044628465e-7
0.14715,96387.88940041141,8.224692134287536e-7
0.14716,96387.64844388989,8.206742858590424e-7
0.14717,96387.40748797095,8.18893770401986e-7
0.14718,96387.1665326546,8.171581706616935e-7
0.14719,96386.92557794083,8.15503745198146e-7
0.1472,96386.68462382963,8.139573077662348e-7
0.14721,96386.44367032101,8.124645645938885e-7
0.14722,96386.20271741496,8.109890426578486e-7
0.14723,96385.96176511148,8.095054172673395e-7
0.14724,96385.72081341059,8.07994117690438e-7
0.14725,96385.47986231225,8.064413271540608e-7
0.14726,96385.23891181649,8.048389828439519e-7
0.14727,96384.99796192329,8.031847759047081e-7
0.14728,96384.75701263265,8.014821514397664e-7
0.14729,96384.51606394458,7.997403085113898e-7
0.1473,96384.27511585907,7.979742001407003e-7
0.14731,96384.03416837614,7.962045333076402e-7
0.14732,96383.79322149574,7.944577689510065e-7
0.14733,96383.55227521791,7.927661219684366e-7
0.14734,96383.31132954264,7.911675612163926e-7
0.14735,96383.07038446992,7.896678023704621e-7
0.14736,96382.82943999975,7.882069881562897e-7
0.14737,96382.58849613214,7.867552502666848e-7
0.14738,96382.34755286708,7.852889808801661e-7
0.14739,96382.10661020457,7.837903251381844e-7
0.1474,96381.8656681446,7.822471811451112e-7
0.14741,96381.62472668718,7.806531999682627e-7
0.14742,96381.38378583231,7.790077856378884e-7
0.14743,96381.14284557998,7.773160951471566e-7
0.14744,96380.90190593018,7.75589038452187e-7
0.14745,96380.66096688293,7.73843278472013e-7
0.14746,96380.42002843821,7.721012310886144e-7
0.14747,96380.17909059604,7.703910651469045e-7
0.14748,96379.9381533564,7.687467024547144e-7
0.14749,96379.69721671929,7.672065904766228e-7
0.1475,96379.45628068471,7.657459998831211e-7
0.14751,96379.21534525267,7.643145167869916e-7
0.14752,96378.97441042315,7.628844938874593e-7
0.14753,96378.73347619617,7.614340358512076e-7
0.14754,96378.49254257171,7.599469993123666e-7
0.14755,96378.25160954977,7.584129928725412e-7
0.14756,96378.01067713035,7.568273771007776e-7
0.14757,96377.76974531346,7.55191264533594e-7
0.14758,96377.52881409909,7.535115196749671e-7
0.14759,96377.28788348724,7.518007589963183e-7
0.1476,96377.0469534779,7.500773509365415e-7
0.14761,96376.80602407108,7.48365415901989e-7
0.14762,96376.56509526676,7.466948262664579e-7
0.14763,96376.32416706497,7.451012063712174e-7
0.14764,96376.08323946569,7.436162022710817e-7
0.14765,96375.84231246891,7.421913136714709e-7
0.14766,96375.60138607465,7.407867324756751e-7
0.14767,96375.36046028289,7.393765204766765e-7
0.14768,96375.11953509363,7.379404904424709e-7
0.14769,96374.87861050689,7.364642061160952e-7
0.1477,96374.63768652263,7.349389822155953e-7
0.14771,96374.39676314089,7.333618844340548e-7
0.14772,96374.15584036164,7.317357294395832e-7
0.14773,96373.91491818489,7.300690848753018e-7
0.14774,96373.67399661064,7.283762693593702e-7
0.14775,96373.43307563887,7.266773524849745e-7
0.14776,96373.1921552696,7.24998154820311e-7
0.14777,96372.95123550283,7.23370247908616e-7
0.14778,96372.71031633855,7.218309542681512e-7
0.14779,96372.46939777675,7.20395184914467e-7
0.1478,96372.22847981744,7.190032096388874e-7
0.14781,96371.9875624606,7.176232675178921e-7
0.14782,96371.74664570627,7.162311250581908e-7
0.14783,96371.50572955441,7.148082987525797e-7
0.14784,96371.26481400503,7.133420550799288e-7
0.14785,96371.02389905813,7.118254105052056e-7
0.14786,96370.78298471372,7.102571314794637e-7
0.14787,96370.54207097177,7.0864173443983e-7
0.14788,96370.3011578323,7.069894858095297e-7
0.14789,96370.0602452953,7.053164019978744e-7
0.1479,96369.81933336078,7.036442494002478e-7
0.14791,96369.57842202873,7.020005443981324e-7
0.14792,96369.33751129915,7.004185533590974e-7
0.14793,96369.09660117203,6.989371343755436e-7
0.14794,96368.85569164738,6.975428884235529e-7
0.14795,96368.61478272518,6.961812056712903e-7
0.14796,96368.37387440547,6.948238039817745e-7
0.14797,96368.13296668821,6.934481502171091e-7
0.14798,96367.8920595734,6.920374602384716e-7
0.14799,96367.65115306106,6.905806989061354e-7
0.148,96367.41024715117,6.890725800794597e-7
0.14801,96367.16934184374,6.875135666168758e-7
0.14802,96366.92843713876,6.85909870375913e-7
0.14803,96366.68753303624,6.842734522131854e-7
0.14804,96366.44662953616,6.826220219843789e-7
0.14805,96366.20572663854,6.809790385442822e-7
0.14806,96365.96482434336,6.793737097467517e-7
0.14807,96365.72392265062,6.778409924447407e-7
0.14808,96365.48302156034,6.764161930401693e-7
0.14809,96365.2421210725,6.75058715042347e-7
0.1481,96365.00122118709,6.737248696606481e-7
0.14811,96364.76032190413,6.723880717610229e-7
0.14812,96364.51942322361,6.710274842220453e-7
0.14813,96364.27852514552,6.696280179349355e-7
0.14814,96364.03762766987,6.681803318035487e-7
0.14815,96363.79673079666,6.666808327443634e-7
0.14816,96363.55583452588,6.65131675686509e-7
0.14817,96363.31493885753,6.635407635717329e-7
0.14818,96363.0740437916,6.619217473544306e-7
0.14819,96362.8331493281,6.602940260016331e-7
0.1482,96362.59225546704,6.586827464929916e-7
0.14821,96362.3513622084,6.571188038208074e-7
0.14822,96362.11046955218,6.556388409900152e-7
0.14823,96361.8695774984,6.542656395914941e-7
0.14824,96361.62868604701,6.529421187007596e-7
0.14825,96361.38779519805,6.516338190586386e-7
0.14826,96361.14690495151,6.503158482076312e-7
0.14827,96360.9060153074,6.489690607163017e-7
0.14828,96360.6651262657,6.475800581792686e-7
0.14829,96360.42423782639,6.461411892171921e-7
0.1483,96360.18334998951,6.446505494768022e-7
0.14831,96359.94246275503,6.431119816308657e-7
0.14832,96359.70157612297,6.41535075378216e-7
0.14833,96359.46069009331,6.399351674437401e-7
0.14834,96359.21980466606,6.383333415783653e-7
0.14835,96358.97891984122,6.367564285590864e-7
0.14836,96358.73803561878,6.352370061889508e-7
0.14837,96358.49715199873,6.338133992970473e-7
0.14838,96358.25626898109,6.324848126641272e-7
0.14839,96358.01538656584,6.311926030320928e-7
0.1484,96357.77450475299,6.299077189197459e-7
0.14841,96357.53362354253,6.286069562195514e-7
0.14842,96357.29274293447,6.272728568647827e-7
0.14843,96357.05186292881,6.258937088295474e-7
0.14844,96356.81098352553,6.244635461287767e-7
0.14845,96356.57010472464,6.229821488182126e-7
0.14846,96356.32922652614,6.214550429944326e-7
0.14847,96356.08834893002,6.198935007948376e-7
0.14848,96355.84747193629,6.18314540397639e-7
0.14849,96355.60659554494,6.167409260218835e-7
0.1485,96355.36571975598,6.152011679274415e-7
0.14851,96355.1248445694,6.137295224149944e-7
0.14852,96354.88396998518,6.123636907860444e-7
0.14853,96354.64309600335,6.110731025058556e-7
0.14854,96354.40222262389,6.098097212311019e-7
0.14855,96354.1613498468,6.08546281813143e-7
0.14856,96353.9204776721,6.072612641626938e-7
0.14857,96353.67960609976,6.059388932498486e-7
0.14858,96353.43873512979,6.045691391040713e-7
0.14859,96353.19786476219,6.031477168141831e-7
0.1486,96352.95699499696,6.016760865283861e-7
0.14861,96352.7161258341,6.001614534542516e-7
0.14862,96352.47525727359,5.986167678587074e-7
0.14863,96352.23438931543,5.970607250680632e-7
0.14864,96351.99352195965,5.955177654679979e-7
0.14865,96351.75265520623,5.940180745035464e-7
0.14866,96351.51178905516,5.925975826791293e-7
0.14867,96351.27092350644,5.912854752428379e-7
0.14868,96351.03005856008,5.900299490062686e-7
0.14869,96350.78919421608,5.887930739280743e-7
0.1487,96350.54833047443,5.875492655395195e-7
0.14871,96350.30746733512,5.862786834534275e-7
0.14872,96350.06660479816,5.849672313641695e-7
0.14873,96349.82574286356,5.836065570476536e-7
0.14874,96349.5848815313,5.821940523613466e-7
0.14875,96349.34402080138,5.807328532442638e-7
0.14876,96349.1031606738,5.792318397169561e-7
0.14877,96348.86230114856,5.777056358815344e-7
0.14878,96348.62144222566,5.761746099216573e-7
0.14879,96348.3805839051,5.746648741025192e-7
0.1488,96348.13972618688,5.732082847708791e-7
0.14881,96347.898869071,5.71842442355027e-7
0.14882,96347.65801255744,5.705779795669087e-7
0.14883,96347.41715664622,5.693548426766491e-7
0.14884,96347.17630133733,5.681423102942024e-7
0.14885,96346.93544663077,5.669164743366242e-7
0.14886,96346.69459252653,5.656591698259894e-7
0.14887,96346.45373902461,5.643579748893824e-7
0.14888,96346.21288612502,5.630062107589176e-7
0.14889,96345.97203382777,5.616029417717296e-7
0.1489,96345.73118213282,5.601529753699612e-7
0.14891,96345.4903310402,5.5866686210079e-7
0.14892,96345.24948054989,5.571608956163983e-7
0.14893,96345.0086306619,5.556571126739991e-7
0.14894,96344.76778137623,5.541832931358257e-7
0.14895,96344.52693269287,5.527729599691191e-7
0.14896,96344.28608461181,5.514648826463169e-7
0.14897,96344.04523713308,5.502405808573378e-7
0.14898,96343.80439025666,5.490473207131607e-7
0.14899,96343.56354398253,5.478571240998992e-7
0.149,96343.32269831072,5.46647755034088e-7
0.14901,96343.08185324121,5.454027196626731e-7
0.14902,96342.841008774,5.441112662630314e-7
0.14903,96342.6001649091,5.427683852429618e-7
0.14904,96342.3593216465,5.413748091406729e-7
0.14905,96342.11847898619,5.399370126248098e-7
0.14906,96341.87763692818,5.38467212494423e-7
0.14907,96341.63679547247,5.36983367678996e-7
0.14908,96341.39595461905,5.355091792384342e-7
0.14909,96341.15511436792,5.340740903630508e-7
0.1491,96340.91427471908,5.327132863735934e-7
0.14911,96340.67343567255,5.314607783939009e-7
0.14912,96340.43259722828,5.302727064566753e-7
0.14913,96340.19175938632,5.291069684983396e-7
0.14914,96339.95092214663,5.279372552145363e-7
0.14915,96339.71008550923,5.267429984565971e-7
0.14916,96339.4692494741,5.255093712315657e-7
0.14917,96339.22841404127,5.242272877021708e-7
0.14918,96338.9875792107,5.228934031868506e-7
0.14919,96338.74674498242,5.215101141597423e-7
0.1492,96338.5059113564,5.200855582506703e-7
0.14921,96338.26507833268,5.186336142451695e-7
0.14922,96338.02424591122,5.17173902084474e-7
0.14923,96337.78341409203,5.157317828655038e-7
0.14924,96337.5425828751,5.143383588408908e-7
0.14925,96337.30175226046,5.130304734189649e-7
0.14926,96337.06092224807,5.118283745074595e-7
0.14927,96336.82009283795,5.106738309966496e-7
0.14928,96336.5792640301,5.095334167129952e-7
0.14929,96336.33843582451,5.08382486888776e-7
0.1493,96336.09760822117,5.072021369397438e-7
0.14931,96335.8567812201,5.059792024650976e-7
0.14932,96335.61595482129,5.047062592475052e-7
0.14933,96335.37512902473,5.03381623253095e-7
0.14934,96335.13430383043,5.020093506314434e-7
0.14935,96334.89347923838,5.00599237715598e-7
0.14936,96334.65265524859,4.991668210220661e-7
0.14937,96334.41183186104,4.977333772508027e-7
0.14938,96334.17100907574,4.963259232852339e-7
0.14939,96333.93018689269,4.949772161922461e-7
0.1494,96333.68936531189,4.937257532221734e-7
0.14941,96333.44854433333,4.92567035197223e-7
0.14942,96333.207723957,4.914434761784032e-7
0.14943,96332.96690418293,4.903263410647202e-7
0.14944,96332.72608501109,4.891926453542372e-7
0.14945,96332.4852664415,4.880251437602766e-7
0.14946,96332.24444847413,4.86812330211439e-7
0.14947,96332.00363110901,4.855484378515943e-7
0.14948,96331.76281434612,4.84233439039871e-7
0.14949,96331.52199818546,4.828730453506764e-7
0.1495,96331.28118262702,4.814787075736874e-7
0.14951,96331.04036767082,4.800676157138381e-7
0.14952,96330.79955331686,4.786626989913469e-7
0.14953,96330.55873956511,4.772926258416853e-7
0.14954,96330.31792641559,4.7599180391560613e-7
0.14955,96330.07711386829,4.7479741732222885e-7
0.14956,96329.8363019232,4.7367617301337293e-7
0.14957,96329.59549058035,4.7258120993541597e-7
0.14958,96329.35467983971,4.714854613600377e-7
0.14959,96329.1138697013,4.7036759880772545e-7
0.1496,96328.87306016509,4.6921203204779226e-7
0.14961,96328.6322512311,4.680089090983683e-7
0.14962,96328.39144289933,4.667541162263902e-7
0.14963,96328.15063516976,4.6544927794762155e-7
0.14964,96327.90982804241,4.641017570266427e-7
0.14965,96327.66902151726,4.6272465447683963e-7
0.14966,96327.42821559432,4.613368095604304e-7
0.14967,96327.18741027357,4.599627997884337e-7
0.14968,96326.94660555504,4.586329409206973e-7
0.14969,96326.70580143871,4.573832869658847e-7
0.1497,96326.4649979246,4.5624176194563176e-7
0.14971,96326.22419501266,4.551552481602711e-7
0.14972,96325.98339270294,4.5408664588243407e-7
0.14973,96325.74259099539,4.530105411430135e-7
0.14974,96325.50178989006,4.5190725725606455e-7
0.14975,96325.26098938691,4.507628548187965e-7
0.14976,96325.02018948595,4.4956913171156267e-7
0.14977,96324.77939018718,4.483236230978829e-7
0.14978,96324.53859149061,4.470296014244173e-7
0.14979,96324.29779339621,4.456960764209896e-7
0.1498,96324.056995904,4.443377951005779e-7
0.14981,96323.81619901398,4.429752417593025e-7
0.14982,96323.57540272614,4.416346379764487e-7
0.14983,96323.33460704048,4.403479426144555e-7
0.14984,96323.093811957,4.391528518189036e-7
0.14985,96322.8530174757,4.380581259994892e-7
0.14986,96322.61222359659,4.3700376576232617e-7
0.14987,96322.37143031963,4.359594405605388e-7
0.14988,96322.13063764486,4.34901384953571e-7
0.14989,96321.88984557225,4.3381156982099565e-7
0.1499,96321.64905410183,4.326777023625055e-7
0.14991,96321.40826323356,4.3149322609793433e-7
0.14992,96321.16747296747,4.3025732086723226e-7
0.14993,96320.92668330354,4.2897490283048786e-7
0.14994,96320.68589424177,4.2765662446791894e-7
0.14995,96320.44510578217,4.263188745798616e-7
0.14996,96320.20431792473,4.249837782867918e-7
0.14997,96319.96353066944,4.236791970293133e-7
0.14998,96319.72274401633,4.2243872856814937e-7
0.14999,96319.48195796536,4.213010432635255e-7
0.15,96319.24117251654,4.2024590760759785e-7
0.15001,96319.00038766989,4.19221276786556e-7
0.15002,96318.75960342538,4.1819929432017004e-7
0.15003,96318.51881978303,4.1715783908638773e-7
0.15004,96318.27803674283,4.1608052532135424e-7
0.15005,96318.03725430477,4.149567026194038e-7
0.15006,96317.79647246886,4.1378145593305055e-7
0.15007,96317.5556912351,4.125556055730065e-7
0.15008,96317.31491060348,4.1128570720817366e-7
0.15009,96317.074130574,4.099840518656317e-7
0.1501,96316.83335114666,4.0866866593066035e-7
0.15011,96316.59257232146,4.0736331114672824e-7
0.15012,96316.3517940984,4.0609748461548156e-7
0.15013,96316.11101647747,4.0490641879676765e-7
0.15014,96315.87023945867,4.0382368881541083e-7
0.15015,96315.62946304202,4.0280455068389887e-7
0.15016,96315.38868722749,4.0180737600315555e-7
0.15017,96315.14791201509,4.008059493733615e-7
0.15018,96314.90713740482,3.9977978979187493e-7
0.15019,96314.66636339668,3.987141506532235e-7
0.1502,96314.42558999066,3.976000197490952e-7
0.15021,96314.18481718678,3.964341192683562e-7
0.15022,96313.944044985,3.9521890579704203e-7
0.15023,96313.70327338534,3.939625703183478e-7
0.15024,96313.46250238782,3.926790382126477e-7
0.15025,96313.2217319924,3.9138796925748537e-7
0.15026,96312.9809621991,3.9011475762756283e-7
0.15027,96312.74019300792,3.888905318947657e-7
0.15028,96312.49942441886,3.877521550281351e-7
0.15029,96312.2586564319,3.8671929635556887e-7
0.1503,96312.01788904706,3.8573354419669126e-7
0.15031,96311.77712226432,3.8476170127648483e-7
0.15032,96311.53635608368,3.837791890856079e-7
0.15033,96311.29559050516,3.8276716255173916e-7
0.15034,96311.05482552874,3.8171251003956914e-7
0.15035,96310.81406115442,3.8060785335081713e-7
0.15036,96310.5732973822,3.7945154772422336e-7
0.15037,96310.33253421208,3.7824768183553865e-7
0.15038,96310.09177164406,3.7700607779754364e-7
0.15039,96309.85100967814,3.757422911600396e-7
0.1504,96309.61024831432,3.744776109098381e-7
0.15041,96309.36948755258,3.7323905947078435e-7
0.15042,96309.12872739293,3.7205939270373057e-7
0.15043,96308.88796783538,3.709770999065592e-7
0.15044,96308.64720887992,3.6998724857758284e-7
0.15045,96308.40645052654,3.690324212091147e-7
0.15046,96308.16569277526,3.680839326636267e-7
0.15047,96307.92493562606,3.6711883713407667e-7
0.15048,96307.68417907893,3.6611992129236976e-7
0.15049,96307.4434231339,3.6507570428937464e-7
0.1505,96307.20266779093,3.639804377549158e-7
0.15051,96306.96191305005,3.6283410579776394e-7
0.15052,96306.72115891126,3.616424250056576e-7
0.15053,96306.48040537453,3.604168444452781e-7
0.15054,96306.23965243988,3.591745456622713e-7
0.15055,96305.9989001073,3.579384426812396e-7
0.15056,96305.75814837679,3.567371820057294e-7
0.15057,96305.51739724835,3.5560514261825406e-7
0.15058,96305.27664672198,3.545794859790638e-7
0.15059,96305.03589679766,3.536269729928057e-7
0.1506,96304.79514747542,3.527007576685789e-7
0.15061,96304.55439875525,3.517737911900592e-7
0.15062,96304.31365063714,3.5082475626557676e-7
0.15063,96304.07290312108,3.4983806712813463e-7
0.15064,96303.83215620709,3.488038695353873e-7
0.15065,96303.59140989515,3.4771804076965975e-7
0.15066,96303.35066418527,3.465821896379397e-7
0.15067,96303.10991907744,3.454036564718677e-7
0.15068,96302.86917457166,3.44195513127756e-7
0.15069,96302.62843066794,3.429765629865795e-7
0.1507,96302.38768736627,3.4177134095396526e-7
0.15071,96302.14694466665,3.4061011346021234e-7
0.15072,96301.90620256907,3.395288784602822e-7
0.15073,96301.66546107354,3.385557704826368e-7
0.15074,96301.42472018005,3.3763794146363496e-7
0.15075,96301.1839798886,3.36738171897201e-7
0.15076,96300.94324019921,3.358310382659449e-7
0.15077,96300.70250111184,3.34896847625602e-7
0.15078,96300.46176262651,3.3392163760501194e-7
0.15079,96300.22102474322,3.328971764061373e-7
0.1508,96299.98028746196,3.318209628040562e-7
0.15081,96299.73955078275,3.306962261469525e-7
0.15082,96299.49881470556,3.2953192635613427e-7
0.15083,96299.25807923039,3.283427539260246e-7
0.15084,96299.01734435727,3.271491299241519e-7
0.15085,96298.77661008616,3.259772059911693e-7
0.15086,96298.53587641708,3.2485886434084507e-7
0.15087,96298.29514335003,3.2383171776005234e-7
0.15088,96298.054410885,3.2290531400708243e-7
0.15089,96297.81367902199,3.220196693681446e-7
0.1509,96297.572947761,3.2114432384386916e-7
0.15091,96297.33221710203,3.202554750588674e-7
0.15092,96297.09148704508,3.1933505026158907e-7
0.15093,96296.85075759013,3.183707063243372e-7
0.15094,96296.61002873721,3.1735582974326124e-7
0.15095,96296.3693004863,3.162895366383482e-7
0.15096,96296.1285728374,3.151766727534392e-7
0.15097,96295.88784579051,3.140278134562221e-7
0.15098,96295.64711934562,3.1285926373822075e-7
0.15099,96295.40639350275,3.1169305821481474e-7
0.151,96295.16566826188,3.1055696112522946e-7
0.15101,96294.924943623,3.0948446633252676e-7
0.15102,96294.68421958614,3.085142687965579e-7
0.15103,96294.44349615127,3.0762752753737844e-7
0.15104,96294.20277331841,3.067717136453499e-7
0.15105,96293.96205108754,3.0591891307080635e-7
0.15106,96293.72132945867,3.0504694044019996e-7
0.15107,96293.48060843178,3.041393390561152e-7
0.15108,96293.2398880069,3.031853808972619e-7
0.15109,96292.99916818399,3.021800666184674e-7
0.1511,96292.75844896308,3.011241255506918e-7
0.15111,96292.51773034417,3.0002401570102126e-7
0.15112,96292.27701232723,2.988919237526577e-7
0.15113,96292.0362949123,2.977457650649404e-7
0.15114,96291.79557809932,2.9660918367332143e-7
0.15115,96291.55486188835,2.95511552289388e-7
0.15116,96291.31414627934,2.9448797230085137e-7
0.15117,96291.07343127232,2.935725577373349e-7
0.15118,96290.83271686728,2.927218660898186e-7
0.15119,96290.59200306422,2.918936733844251e-7
0.1512,96290.35128986313,2.910616794033152e-7
0.15121,96290.110577264,2.9020531165646243e-7
0.15122,96289.86986526685,2.893097253816463e-7
0.15123,96289.62915387168,2.883658035444445e-7
0.15124,96289.38844307847,2.8737015683824805e-7
0.15125,96289.14773288723,2.8632512368425417e-7
0.15126,96288.90702329796,2.8523877023145685e-7
0.15127,96288.66631431064,2.841248903566681e-7
0.15128,96288.4256059253,2.83003005664493e-7
0.15129,96288.1848981419,2.818983654873519e-7
0.1513,96287.94419096048,2.8084194688547065e-7
0.15131,96287.703484381,2.798704546468725e-7
0.15132,96287.4627784035,2.790050075478792e-7
0.15133,96287.22207302794,2.7818782612522305e-7
0.15134,96286.98136825433,2.7738518727346515e-7
0.15135,96286.74066408268,2.765724004885662e-7
0.15136,96286.49996051297,2.757305020467311e-7
0.15137,96286.25925754521,2.7484625500440184e-7
0.15138,96286.01855517941,2.739121491982743e-7
0.15139,96285.77785341555,2.7292640124527794e-7
0.1514,96285.53715225364,2.718929545425944e-7
0.15141,96285.29645169366,2.7082147926764976e-7
0.15142,96285.05575173564,2.69727372378105e-7
0.15143,96284.81505237955,2.686317576118746e-7
0.15144,96284.5743536254,2.675614854871165e-7
0.15145,96284.33365547318,2.665491333022246e-7
0.15146,96284.0929579229,2.6563300513584505e-7
0.15147,96283.85226097456,2.648110126337282e-7
0.15148,96283.61156462814,2.640249457514794e-7
0.15149,96283.37086888366,2.632459338635504e-7
0.1515,96283.1301737411,2.6245089205508835e-7
0.15151,96282.88947920049,2.6162246124712685e-7
0.15152,96282.64878526179,2.607490081966012e-7
0.15153,96282.40809192501,2.598246254963302e-7
0.15154,96282.16739919016,2.588491315750326e-7
0.15155,96281.92670705724,2.5782807069732073e-7
0.15156,96281.68601552623,2.567727129636909e-7
0.15157,96281.44532459714,2.557000543105412e-7
0.15158,96281.20463426996,2.5463281651016217e-7
0.15159,96280.96394454471,2.535994471707288e-7
0.1516,96280.72325542137,2.526341197363179e-7
0.15161,96280.48256689994,2.517744566502638e-7
0.15162,96280.24187898042,2.5099000914234127e-7
0.15163,96280.00119166281,2.5023280294526763e-7
0.15164,96279.76050494712,2.494756297117262e-7
0.15165,96279.51981883333,2.486970059913743e-7
0.15166,96279.27913332144,2.4788117323083685e-7
0.15167,96279.03844841146,2.470180977737e-7
0.15168,96278.79776410338,2.461034708605241e-7
0.15169,96278.55708039721,2.451387086288379e-7
0.1517,96278.31639729293,2.441309521131295e-7
0.15171,96278.07571479055,2.4309306724486303e-7
0.15172,96277.83503289007,2.420436448524702e-7
0.15173,96277.59435159147,2.4100700066134213e-7
0.15174,96277.35367089478,2.400131752938459e-7
0.15175,96277.11299079997,2.390979342693162e-7
0.15176,96276.87231130706,2.3829101810852002e-7
0.15177,96276.63163241603,2.375414754352099e-7
0.15178,96276.3909541269,2.368110159912923e-7
0.15179,96276.15027643964,2.3607402973414442e-7
0.1518,96275.90959935427,2.353106305820727e-7
0.15181,96275.6689228708,2.345066564143063e-7
0.15182,96275.42824698919,2.3365366907101e-7
0.15183,96275.18757170947,2.327489543532782e-7
0.15184,96274.94689703162,2.3179552202312697e-7
0.15185,96274.70622295565,2.3080210580350902e-7
0.15186,96274.46554948155,2.2978316337830667e-7
0.15187,96274.22487660934,2.287588763923227e-7
0.15188,96273.984204339,2.2775515045130062e-7
0.15189,96273.74353267052,2.268036151219021e-7
0.1519,96273.5028616039,2.2594162393172595e-7
0.15191,96273.26219113918,2.2518200715483485e-7
0.15192,96273.0215212763,2.2446493036421787e-7
0.15193,96272.78085201529,2.2375924178871286e-7
0.15194,96272.54018335615,2.2304092562186323e-7
0.15195,96272.29951529887,2.2229168908211394e-7
0.15196,96272.05884784344,2.2149896241282351e-7
0.15197,96271.81818098988,2.2065589888225855e-7
0.15198,96271.57751473818,2.1976137478358604e-7
0.15199,96271.33684908831,2.1881998943489023e-7
0.152,96271.09618404032,2.178420651791527e-7
0.15201,96270.85551959417,2.168436473842707e-7
0.15202,96270.61485574988,2.1584650444304878e-7
0.15203,96270.37419250744,2.1487812777319085e-7
0.15204,96270.13352986684,2.1397173181731745e-7
0.15205,96269.8928678281,2.1316605385940357e-7
0.15206,96269.65220639118,2.1244684277308065e-7
0.15207,96269.41154555613,2.1175993246010107e-7
0.15208,96269.1708853229,2.110771751970389e-7
0.15209,96268.93022569154,2.1037614534983985e-7
0.1521,96268.689566662,2.0964013937383232e-7
0.15211,96268.44890823429,2.0885817581372237e-7
0.15212,96268.20825040844,2.080249953035866e-7
0.15213,96267.96759318441,2.0714106056688786e-7
0.15214,96267.7269365622,2.0621255641645645e-7
0.15215,96267.48628054184,2.0525138975450743e-7
0.15216,96267.24562512331,2.0427518957263323e-7
0.15217,96267.0049703066,2.0330730695179515e-7
0.15218,96266.76431609172,2.0237681506234028e-7
0.15219,96266.52366247868,2.0151850916399163e-7
0.1522,96266.28300946744,2.0076782438776836e-7
0.15221,96266.04235705805,2.0008498363126017e-7
0.15222,96265.80170525046,1.9942607811558026e-7
0.15223,96265.5610540447,1.987645471585093e-7
0.15224,96265.32040344074,1.9807955123405495e-7
0.15225,96265.07975343861,1.9735597197243706e-7
0.15226,96264.8391040383,1.965844121601008e-7
0.15227,96264.5984552398,1.9576119573971162e-7
0.15228,96264.3578070431,1.948883678101476e-7
0.15229,96264.11715944823,1.9397369462651341e-7
0.1523,96263.87651245516,1.9303066360013383e-7
0.15231,96263.6358660639,1.9207848329854546e-7
0.15232,96263.39522027443,1.9114208344551248e-7
0.15233,96263.15457508678,1.9025211492101817e-7
0.15234,96262.91393050093,1.8944494976125907e-7
0.15235,96262.67328651689,1.8874488257307103e-7
0.15236,96262.43264313464,1.8809592886449834e-7
0.15237,96262.19200035419,1.874630023761388e-7
0.15238,96261.95135817553,1.868211254210924e-7
0.15239,96261.71071659868,1.8615104053637707e-7
0.1524,96261.47007562361,1.8543921048294112e-7
0.15241,96261.22943525034,1.846778182456584e-7
0.15242,96260.98879547886,1.838647670333214e-7
0.15243,96260.74815630917,1.8300368027865409e-7
0.15244,96260.50751774127,1.8210390163830604e-7
0.15245,96260.26687977515,1.811804949928444e-7
0.15246,96260.02624241082,1.8025424444676875e-7
0.15247,96259.78560564827,1.793516543285039e-7
0.15248,96259.54496948751,1.785049491903923e-7
0.15249,96259.30433392852,1.7775207380871107e-7
0.1525,96259.06369897132,1.7709662877676038e-7
0.15251,96258.82306461589,1.7647921619213652e-7
0.15252,96258.58243086224,1.7587037715042743e-7
0.15253,96258.34179771037,1.7524671291649848e-7
0.15254,96258.10116516026,1.745905440488081e-7
0.15255,96257.86053321192,1.7388991039940284e-7
0.15256,96257.61990186536,1.7313857111391146e-7
0.15257,96257.37927112056,1.7233600463155642e-7
0.15258,96257.13864097753,1.714874086851486e-7
0.15259,96256.89801143626,1.7060370030107967e-7
0.1526,96256.65738249678,1.6970151579933656e-7
0.15261,96256.41675415903,1.6880321079349395e-7
0.15262,96256.17612642306,1.6793686019070727e-7
0.15263,96255.93549928884,1.6713625819172943e-7
0.15264,96255.69487275637,1.6643969784753358e-7
0.15265,96255.45424682567,1.6582250278667866e-7
0.15266,96255.21362149672,1.6523442096167187e-7
0.15267,96254.97299676953,1.6464791018840588e-7
0.15268,96254.73237264408,1.6404114664848928e-7
0.15269,96254.4917491204,1.633980248892417e-7
0.1527,96254.25112619845,1.627081578236884e-7
0.15271,96254.01050387825,1.619668767305707e-7
0.15272,96253.7698821598,1.6117523125434158e-7
0.15273,96253.52926104309,1.6033998940515815e-7
0.15274,96253.28864052813,1.594736375588977e-7
0.15275,96253.04802061491,1.5859438045713833e-7
0.15276,96252.80740130342,1.5772614120717746e-7
0.15277,96252.56678259368,1.56898561282022e-7
0.15278,96252.32616448567,1.5614700052038406e-7
0.15279,96252.0855469794,1.5550379838862769e-7
0.1528,96251.84493007486,1.549219838114848e-7
0.15281,96251.60431377206,1.5436115616858857e-7
0.15282,96251.36369807099,1.537953451040116e-7
0.15283,96251.12308297164,1.5320429770062687e-7
0.15284,96250.88246847401,1.5257347848010265e-7
0.15285,96250.64185457812,1.5189406940291243e-7
0.15286,96250.40124128395,1.5116296986833051e-7
0.15287,96250.1606285915,1.5038279671442526e-7
0.15288,96249.9200165008,1.4956188421807388e-7
0.15289,96249.67940501179,1.4871428409494473e-7
0.1529,96249.43879412451,1.4785976549951367e-7
0.15291,96249.19818383893,1.4702381502505658e-7
0.15292,96248.95757415508,1.462376367036425e-7
0.15293,96248.71696507295,1.4553815200614868e-7
0.15294,96248.47635659252,1.4494341635134768e-7
0.15295,96248.2357487138,1.4439458886416258e-7
0.15296,96247.99514143681,1.438590709177058e-7
0.15297,96247.75453476151,1.433124599699431e-7
0.15298,96247.51392868793,1.4273606999280187e-7
0.15299,96247.27332321604,1.4211693147218195e-7
0.153,96247.03271834586,1.4144779140794281e-7
0.15301,96246.79211407738,1.407271133139152e-7
0.15302,96246.5515104106,1.3995907721789658e-7
0.15303,96246.31090734553,1.3915357966164437e-7
0.15304,96246.07030488215,1.3832623370088836e-7
0.15305,96245.82970302047,1.3749836890532463e-7
0.15306,96245.58910176047,1.3669703135860914e-7
0.15307,96245.34850110218,1.3595498365837057e-7
0.15308,96245.10790104557,1.353107049162032e-7
0.15309,96244.86730159065,1.347579721734389e-7
0.1531,96244.62670273743,1.3423987183559422e-7
0.15311,96244.3861044859,1.337278494370395e-7
0.15312,96244.14550683604,1.3319906624375194e-7
0.15313,96243.90490978787,1.3263639911344502e-7
0.15314,96243.66431334139,1.3202844049555663e-7
0.15315,96243.42371749658,1.3136949843125973e-7
0.15316,96243.18312225345,1.3065959655345845e-7
0.15317,96242.942527612,1.2990447408678127e-7
0.15318,96242.70193357223,1.2911558584759332e-7
0.15319,96242.46134013413,1.2831010224399016e-7
0.1532,96242.22074729772,1.2751090927579162e-7
0.15321,96241.98015506296,1.2674660853455418e-7
0.15322,96241.73956342987,1.2605151720356514e-7
0.15323,96241.49897239848,1.254627089390504e-7
0.15324,96241.25838196873,1.249469249645445e-7
0.15325,96241.01779214066,1.2445742358974903e-7
0.15326,96240.77720291424,1.239672112231e-7
0.15327,96240.53661428949,1.2345500894486834e-7
0.15328,96240.2960262664,1.2290525250715575e-7
0.15329,96240.05543884497,1.2230809233390306e-7
0.1533,96239.8148520252,1.2165939352088666e-7
0.15331,96239.57426580708,1.209607358357124e-7
0.15332,96239.33368019063,1.2021941371782648e-7
0.15333,96239.09309517582,1.1944843627851025e-7
0.15334,96238.85251076268,1.1866652730087422e-7
0.15335,96238.61192695117,1.1789812523987178e-7
0.15336,96238.37134374132,1.1717338322228289e-7
0.15337,96238.13076113311,1.1652816904672951e-7
0.15338,96237.89017912655,1.1599104763866159e-7
0.15339,96237.64959772164,1.1550977052550932e-7
0.1534,96237.40901691838,1.1504686990678179e-7
0.15341,96237.16843671675,1.1457690894586026e-7
0.15342,96236.92785711677,1.1408016455972965e-7
0.15343,96236.6872781184,1.1354262741898633e-7
0.15344,96236.44669972171,1.1295600194783459e-7
0.15345,96236.20612192663,1.1231770632408155e-7
0.15346,96235.96554473319,1.1163087247914649e-7
0.15347,96235.72496814138,1.109043460980568e-7
0.15348,96235.48439215121,1.101526866194416e-7
0.15349,96235.24381676267,1.0939616723554539e-7
0.1535,96235.00324197575,1.0866077489221192e-7
0.15351,96234.76266779045,1.0797821028889928e-7
0.15352,96234.5220942068,1.0738588787867206e-7
0.15353,96234.28152122475,1.0689512260664873e-7
0.15354,96234.04094884434,1.0644604202368776e-7
0.15355,96233.80037706553,1.060078722855093e-7
0.15356,96233.55980588836,1.0555672934486203e-7
0.15357,96233.3192353128,1.0507444199080336e-7
0.15358,96233.07866533885,1.045485518486959e-7
0.15359,96232.83809596652,1.0397231338020291e-7
0.1536,96232.5975271958,1.0334469388329873e-7
0.15361,96232.3569590267,1.0267037349225596e-7
0.15362,96232.1163914592,1.0195974517765751e-7
0.15363,96231.87582449333,1.0122891474639167e-7
0.15364,96231.63525812904,1.0049970084164534e-7
0.15365,96231.39469236638,9.979963494291662e-8
0.15366,96231.1541272053,9.916196136600862e-8
0.15367,96230.91356264584,9.862536626307873e-8
0.15368,96230.67299868798,9.81743718159176e-8
0.15369,96230.43243533172,9.775530713393999e-8
0.1537,96230.19187257705,9.734012507055369e-8
0.15371,96229.95131042399,9.690649040107866e-8
0.15372,96229.71074887252,9.643777982274376e-8
0.15373,96229.47018792263,9.592308195468256e-8
0.15374,96229.22962757434,9.535719733794293e-8
0.15375,96228.98906782764,9.474063843547523e-8
0.15376,96228.74850868255,9.407962963214327e-8
0.15377,96228.50795013903,9.338610723472006e-8
0.15378,96228.26739219709,9.267771947188148e-8
0.15379,96228.02683485673,9.197782649421766e-8
0.1538,96227.78627811797,9.131550037422771e-8
0.15381,96227.54572198079,9.072552510631366e-8
0.15382,96227.30516644519,9.024316214719163e-8
0.15383,96227.06461151116,8.982827067290468e-8
0.15384,96226.82405717872,8.943716931317118e-8
0.15385,96226.58350344784,8.904335670218697e-8
0.15386,96226.34295031855,8.862604248417253e-8
0.15387,96226.10239779082,8.817014731338058e-8
0.15388,96225.86184586467,8.766630285409337e-8
0.15389,96225.62129454008,8.711085178061796e-8
0.1539,96225.38074381706,8.650584777729464e-8
0.15391,96225.14019369561,8.585905553849311e-8
0.15392,96224.89964417573,8.518395076860711e-8
0.15393,96224.6590952574,8.449972018206442e-8
0.15394,96224.41854694065,8.383126150332193e-8
0.15395,96224.17799922546,8.320918346686069e-8
0.15396,96223.93745211182,8.266980581719542e-8
0.15397,96223.69690559973,8.223747974626923e-8
0.15398,96223.45635968921,8.185632974980174e-8
0.15399,96223.21581438024,8.149126549295981e-8
0.154,96222.97526967282,8.111732744367131e-8
0.15401,96222.73472556696,8.071526617098108e-8
0.15402,96222.49418206264,8.027154234504835e-8
0.15403,96222.25363915987,7.977832673714258e-8
0.15404,96222.01309685866,7.923350021965101e-8
0.15405,96221.77255515898,7.864065376607536e-8
0.15406,96221.53201406085,7.800908845102651e-8
0.15407,96221.29147356427,7.73538154502341e-8
0.15408,96221.05093366922,7.669555604054235e-8
0.15409,96220.81039437572,7.606074159990375e-8
0.1541,96220.56985568375,7.548151360739189e-8
0.15411,96220.3293175933,7.49957236431879e-8
0.15412,96220.0887801044,7.46077374472419e-8
0.15413,96219.84824321704,7.425809516998175e-8
0.15414,96219.60770693122,7.39172664772649e-8
0.15415,96219.36717124691,7.356182974515637e-8
0.15416,96219.12663616413,7.317407254328794e-8
0.15417,96218.88610168289,7.27419916348548e-8
0.15418,96218.64556780318,7.225929297662184e-8
0.15419,96218.40503452499,7.172539171892118e-8
0.1542,96218.16450184831,7.114541220564706e-8
0.15421,96217.92396977315,7.053018797426475e-8
0.15422,96217.68343829953,6.989626175580657e-8
0.15423,96217.44290742742,6.926588547486567e-8
0.15424,96217.20237715682,6.866702024960983e-8
0.15425,96216.96184748775,6.813333639176542e-8
0.15426,96216.72131842018,6.77031980141541e-8
0.15427,96216.48078995413,6.735338921271605e-8
0.15428,96216.24026208959,6.703314697123778e-8
0.15429,96215.99973482656,6.671487537148582e-8
0.1543,96215.75920816504,6.637668678255858e-8
0.15431,96215.51868210502,6.600240186088369e-8
0.15432,96215.2781566465,6.558154955022347e-8
0.15433,96215.0376317895,6.510936708167276e-8
0.15434,96214.79710753399,6.458679997365433e-8
0.15435,96214.55658387998,6.402050203192837e-8
0.15436,96214.31606082748,6.342283534958136e-8
0.15437,96214.07553837646,6.281187030703565e-8
0.15438,96213.83501652695,6.221138557204692e-8
0.15439,96213.59449527893,6.16508680996968e-8
0.1544,96213.35397463241,6.116551313240437e-8
0.15441,96213.11345458736,6.078836836863211e-8
0.15442,96212.87293514382,6.047392407490253e-8
0.15443,96212.63241630177,6.018109862654453e-8
0.15444,96212.39189806119,5.988382709866685e-8
0.15445,96212.15138042212,5.9561751948731274e-8
0.15446,96211.91086338452,5.92002230165584e-8
0.15447,96211.67034694839,5.879029752432046e-8
0.15448,96211.42983111375,5.832874007654796e-8
0.15449,96211.18931588059,5.781802266012749e-8
0.1545,96210.94880124892,5.726632464429663e-8
0.15451,96210.70828721872,5.668753278065255e-8
0.15452,96210.46777378998,5.610124120314837e-8
0.15453,96210.22726096273,5.553275142808729e-8
0.15454,96209.98674873695,5.501307235413333e-8
0.15455,96209.74623711263,5.457892026230495e-8
0.15456,96209.50572608979,5.4250232719844565e-8
0.15457,96209.2652156684,5.396886537262587e-8
0.15458,96209.0247058485,5.370159630063441e-8
0.15459,96208.78419663005,5.34238876759895e-8
0.1546,96208.54368801306,5.311690814951438e-8
0.15461,96208.30317999754,5.27675328507298e-8
0.15462,96208.06267258347,5.2368343387859784e-8
0.15463,96207.82216577088,5.19176278478298e-8
0.15464,96207.58165955973,5.141938079626216e-8
0.15465,96207.34115395004,5.0883303277484076e-8
0.15466,96207.10064894179,5.032480281452344e-8
0.15467,96206.860144535,4.9764993409104814e-8
0.15468,96206.61964072967,4.9230695541657676e-8
0.15469,96206.37913752579,4.875443617131271e-8
0.1547,96206.13863492334,4.837444873589713e-8
0.15471,96205.89813292235,4.808822373753421e-8
0.15472,96205.6576315228,4.7837769965077044e-8
0.15473,96205.41713072469,4.7594318076070426e-8
0.15474,96205.17663052803,4.7334853452750065e-8
0.15475,96204.93613093281,4.704206705383359e-8
0.15476,96204.69563193902,4.670435541452475e-8
0.15477,96204.45513354667,4.6315820646511805e-8
0.15478,96204.21463575576,4.587627043796384e-8
0.15479,96203.97413856628,4.5391218053537005e-8
0.1548,96203.73364197824,4.487188233437214e-8
0.15481,96203.49314599163,4.433518769808962e-8
0.15482,96203.25265060645,4.380376413879834e-8
0.15483,96203.01215582268,4.330594722709117e-8
0.15484,96202.77166164036,4.2875778110040375e-8
0.15485,96202.53116805946,4.255091619193212e-8
0.15486,96202.29067507997,4.230180854819735e-8
0.15487,96202.05018270192,4.2080227598976675e-8
0.15488,96201.80969092528,4.185897337556995e-8
0.15489,96201.56919975007,4.1616550586156306e-8
0.1549,96201.32870917626,4.1337168615797647e-8
0.15491,96201.08821920388,4.1010741526437345e-8
0.15492,96200.84772983291,4.063288805689712e-8
0.15493,96200.60724106335,4.020493162288218e-8
0.15494,96200.3667528952,3.973390031697945e-8
0.15495,96200.12626532848,3.923252690865303e-8
0.15496,96199.88577836315,3.871924884425312e-8
0.15497,96199.64529199923,3.8218208247005606e-8
0.15498,96199.40480623672,3.775925191702178e-8
0.15499,96199.16432107562,3.7377931331292724e-8
0.155,96198.92383651591,3.7104869003402057e-8
0.15501,96198.68335255761,3.689048763681912e-8
0.15502,96198.44286920069,3.669585976282272e-8
0.15503,96198.20238644519,3.649530175957129e-8
0.15504,96197.96190429108,3.626883378571125e-8
0.15505,96197.72142273837,3.6002179780375777e-8
0.15506,96197.48094178704,3.5686767463182175e-8
0.15507,96197.2404614371,3.53197283342364e-8
0.15508,96196.99998168857,3.4903897674131423e-8
0.15509,96196.75950254142,3.444781454394311e-8
0.1551,96196.51902399566,3.396572178523846e-8
0.15511,96196.27854605128,3.3477566020066036e-8
0.15512,96196.0380687083,3.300899765096466e-8
0.15513,96195.79759196668,3.259137086095925e-8
0.15514,96195.55711582645,3.2261743613557926e-8
0.15515,96195.31664028761,3.2035669618664136e-8
0.15516,96195.07616535014,3.185379496403848e-8
0.15517,96194.83569101404,3.168431982059077e-8
0.15518,96194.59521727932,3.1503073055236846e-8
0.15519,96194.35474414598,3.129158642079734e-8
0.1552,96194.11427161402,3.103709455599577e-8
0.15521,96193.87379968341,3.0732534985462905e-8
0.15522,96193.63332835419,3.037654811973108e-8
0.15523,96193.39285762633,2.997347725523974e-8
0.15524,96193.15238749984,2.9533368574333514e-8
0.15525,96192.9119179747,2.9071971145257936e-8
0.15526,96192.67144905093,2.8610736922167108e-8
0.15527,96192.43098072853,2.817682074511924e-8
0.15528,96192.19051300749,2.780308034007432e-8
0.15529,96191.9500458878,2.7528056220758592e-8
0.1553,96191.70957936948,2.7342763164990927e-8
0.15531,96191.4691134525,2.7191296429702686e-8
0.15532,96191.2286481369,2.704529152992529e-8
0.15533,96190.98818342263,2.6882085973821034e-8
0.15534,96190.74771930971,2.668471926268184e-8
0.15535,96190.50725579815,2.6441932890932667e-8
0.15536,96190.26679288794,2.614817034612684e-8
0.15537,96190.02633057907,2.5803577108950703e-8
0.15538,96189.78586887155,2.5414000653222076e-8
0.15539,96189.54540776537,2.4990990445886536e-8
0.1554,96189.30494726053,2.455179794702361e-8
0.15541,96189.06448735704,2.4119376609844134e-8
0.15542,96188.82402805489,2.372238188068601e-8
0.15543,96188.58356935407,2.3395171199022326e-8
0.15544,96188.3431112546,2.31744625631219e-8
0.15545,96188.10265375645,2.3025627807786547e-8
0.15546,96187.86219685964,2.290258940939139e-8
0.15547,96187.62174056415,2.2778488578243404e-8
0.15548,96187.38128487,2.2632167626813567e-8
0.15549,96187.14082977718,2.2448169969736093e-8
0.1555,96186.9003752857,2.2216740123806613e-8
0.15551,96186.65992139552,2.1933823707985216e-8
0.15552,96186.41946810669,2.160106744339561e-8
0.15553,96186.17901541915,2.1225819153321595e-8
0.15554,96185.93856333297,2.0821127763212674e-8
0.15555,96185.69811184809,2.040574330068181e-8
0.15556,96185.45766096453,2.0004116895501214e-8
0.15557,96185.21721068228,1.96464007796102e-8
0.15558,96184.97676100135,1.9368448287109258e-8
0.15559,96184.73631192173,1.9198426751679144e-8
0.1556,96184.49586344343,1.9083773998452985e-8
0.15561,96184.25541556644,1.898730197811917e-8
0.15562,96184.01496829076,1.888365377663311e-8
0.15563,96183.77452161639,1.8753172691734133e-8
0.15564,96183.53407554331,1.8581902232944284e-8
0.15565,96183.29363007155,1.8361586121570486e-8
0.15566,96183.05318520109,1.8089668290703956e-8
0.15567,96182.81274093194,1.776929288521759e-8
0.15568,96182.57229726408,1.7409304261770098e-8
0.15569,96182.33185419752,1.702424698880458e-8
0.1557,96182.09141173225,1.663436584654476e-8
0.15571,96181.85096986829,1.6265605827002287e-8
0.15572,96181.61052860563,1.594961213396874e-8
0.15573,96181.37008794425,1.57237301830223e-8
0.15574,96181.12964788417,1.5599372150284767e-8
0.15575,96180.88920842536,1.5516744105115002e-8
0.15576,96180.64876956785,1.5445092627419237e-8
0.15577,96180.40833131163,1.536055887105137e-8
0.15578,96180.16789365669,1.5244983311345432e-8
0.15579,96179.92745660304,1.5085905745116917e-8
0.1558,96179.68702015067,1.487656529066258e-8
0.15581,96179.44658429959,1.4615900387758261e-8
0.15582,96179.20614904977,1.4308548797663083e-8
0.15583,96178.96571440123,1.3964847603114114e-8
0.15584,96178.72528035397,1.3600833208331319e-8
0.15585,96178.48484690799,1.3238241339016189e-8
0.15586,96178.24441406329,1.290450704234777e-8
0.15587,96178.00398181984,1.2632764686988794e-8
0.15588,96177.76355017768,1.246164118699603e-8
0.15589,96177.52311913678,1.2376753994988146e-8
0.1559,96177.28268869715,1.232411087208257e-8
0.15591,96177.04225885878,1.2275648789331707e-8
0.15592,96176.80182962168,1.2209003151906574e-8
0.15593,96176.56140098584,1.2107507799097541e-8
0.15594,96176.32097295126,1.1960195004314313e-8
0.15595,96176.08054551795,1.1761795475084295e-8
0.15596,96175.84011868588,1.151273835305572e-8
0.15597,96175.59969245509,1.1219151213993445e-8
0.15598,96175.35926682553,1.0892860067783193e-8
0.15599,96175.11884179724,1.0551389358430223e-8
0.156,96174.8784173702,1.0217961964055363e-8
0.15601,96174.63799354441,9.921499196902125e-9
0.15602,96174.39757031987,9.696620803331899e-9
0.15603,96174.15714769656,9.579004234093363e-9
0.15604,96173.91672567451,9.530059199582657e-9
0.15605,96173.67630425372,9.505477180950586e-9
0.15606,96173.43588343415,9.478686475305286e-9
0.15607,96173.19546321583,9.428812930251245e-9
0.15608,96172.95504359876,9.340679943888416e-9
0.15609,96172.71462458292,9.204808464813114e-9
0.1561,96172.47420616832,9.017416992118102e-9
0.15611,96172.23378835495,8.780421575390565e-9
0.15612,96171.99337114282,8.501435814715124e-9
0.15613,96171.75295453191,8.193770860672772e-9
0.15614,96171.51253852225,7.876435414338043e-9
0.15615,96171.2721231138,7.57413572728391e-9
0.15616,96171.03170830659,7.3172756015791e-9
0.15617,96170.7912941006,7.141956389786483e-9
0.15618,96170.55088049584,7.074025293097071e-9
0.15619,96170.3104674923,7.058806324971962e-9
0.1562,96170.07005508998,7.060476073693571e-9
0.15621,96169.82964328889,7.053950362185853e-9
0.15622,96169.58923208901,7.019841683861875e-9
0.15623,96169.34882149036,6.944459202623986e-9
0.15624,96169.10841149291,6.8198087528641785e-9
0.15625,96168.86800209669,6.643592839462682e-9
0.15626,96168.62759330167,6.419210637789916e-9
0.15627,96168.38718510787,6.155757993705914e-9
0.15628,96168.14677751529,5.86802742355792e-9
0.15629,96167.9063705239,5.57650811418459e-9
0.1563,96167.66596413372,5.307385922913872e-9
0.15631,96167.42555834475,5.092543377560364e-9
0.15632,96167.18515315698,4.969559676431105e-9
0.15633,96166.94474857041,4.946136903463589e-9
0.15634,96166.70434458506,4.962543668351254e-9
0.15635,96166.4639412009,4.988768773310374e-9
0.15636,96166.22353841792,5.001211784449945e-9
0.15637,96165.98313623616,4.981968061325457e-9
0.15638,96165.74273465558,4.918828756939445e-9
0.15639,96165.50233367621,4.805280817740669e-9
0.1564,96165.26193329801,4.640506983624972e-9
0.15641,96165.02153352101,4.429385787935609e-9
0.15642,96164.7811343452,4.182491557460652e-9
0.15643,96164.54073577058,3.916094412436765e-9
0.15644,96164.30033779715,3.6521602665471576e-9
0.15645,96164.0599404249,3.418350826920256e-9
0.15646,96163.81954365382,3.2480235941332294e-9
0.15647,96163.57914748394,3.179721604189698e-9
0.15648,96163.33875191523,3.1948036284344255e-9
0.15649,96163.0983569477,3.2408500463300147e-9
0.1565,96162.85796258134,3.2900454987580487e-9
0.15651,96162.61756881617,3.320269542773462e-9
0.15652,96162.37717565216,3.315096651605147e-9
0.15653,96162.13678308933,3.2637962146556948e-9
0.15654,96161.89639112768,3.1613325375014385e-9
0.15655,96161.65599976719,3.008364841892952e-9
0.15656,96161.41560900786,2.8112472657533517e-9
0.15657,96161.1752188497,2.5820288631814263e-9
0.15658,96160.93482929272,2.33845360444718e-9
0.15659,96160.6944403369,2.1039603759964784e-9
0.1566,96160.45405198223,1.907682980449002e-9
0.15661,96160.21366422872,1.7844501365960413e-9
0.15662,96159.97327707637,1.7689234174401077e-9
0.15663,96159.73289052518,1.8195199301157818e-9
0.15664,96159.49250457514,1.8933326978061964e-9
0.15665,96159.25211922628,1.9640234870697607e-9
0.15666,96159.01173447855,2.0109481030117474e-9
0.15667,96158.77135033197,2.019156389284588e-9
0.15668,96158.53096678655,1.9793922280870765e-9
0.15669,96158.29058384227,1.8880935401653744e-9
0.1567,96158.05020149915,1.7473922848116022e-9
0.15671,96157.80981975717,1.5651144598658276e-9
0.15672,96157.56943861632,1.3547801017132958e-9
0.15673,96157.32905807662,1.1356032852878799e-9
0.15674,96157.08867813807,9.324921240694458e-10
0.15675,96156.84829880066,7.760487700841236e-10
0.15676,96156.60792006437,7.025694139055151e-10
0.15677,96156.36754192924,7.358603077898838e-10
0.15678,96156.12716439522,8.198100879893181e-10
0.15679,96155.88678746235,9.196272605799551e-10
0.1568,96155.64641113061,1.0104469761714021e-9
0.15681,96155.4060354,1.0730975470236857e-9
0.15682,96155.16566027052,1.0941004470456218e-9
0.15683,96154.92528574215,1.065670311796083e-9
0.15684,96154.68491181493,9.857149384832845e-10
0.15685,96154.44453848882,8.57835285965616e-10
0.15686,96154.20416576383,6.913254747500326e-10
0.15687,96153.96379363998,5.011727869939872e-10
0.15688,96153.72342211724,3.0805766650498477e-10
0.15689,96153.48305119561,1.383537187382716e-10
0.1569,96153.2426808751,2.4127710800464263e-11
0.15691,96153.00231115571,3.1395714475498375e-12
0.15692,96152.76194203744,5.787951004017738e-11
0.15693,96152.52157352028,1.0996323055743617e-10
0.15694,96152.28120560422,1.5123742067976557e-10
0.15695,96152.04083828928,1.7680084681276475e-10
0.15696,96151.80047157544,1.8420142512998984e-10
0.15697,96151.5601054627,1.7343622157285086e-10
0.15698,96151.31973995108,1.4695145185042293e-10
0.15699,96151.07937504056,1.0964248143977119e-10
0.157,96150.83901073113,6.88538255854373e-11
0.15701,96150.59864702281,3.437914930007315e-11
0.15702,96150.35828391559,1.846126736401411e-11
0.1570212671420245,96150.32782653907,3.635200298229134e-22
0.1570212671420245,96150.32782653907,3.635200298229134e-22
