time,informed
0.0,6.0
1.0e-5,6.0372605290152395
2.0e-5,6.074750586025653
3.0e-5,6.112471561654414
4.0e-5,6.150424854759537
5.0e-5,6.188611872433878
6.0e-5,6.227034030005135
7.0e-5,6.265692751035841
8.0e-5,6.30458946732351
9.0e-5,6.343725619030158
0.0001,6.3831026547923075
0.00011,6.422722031678155
0.00012,6.462585215255833
0.00013,6.502693679620854
0.00014,6.543048907418041
0.00015,6.583652389977284
0.00016,6.624505627322446
0.00017,6.665610128171566
0.00018,6.706967410003662
0.00019,6.7485789991109035
0.0002,6.790446430666474
0.00021,6.832571248773445
0.00022,6.87495500647539
0.00023,6.917599265822819
0.00024,6.960505597884105
0.00025,7.003675582876435
0.00026,7.047110810182631
0.00027,7.090812878353939
0.00028,7.134783395191818
0.00029,7.179023977762546
0.0003,7.2235362525096605
0.00031,7.268321855293423
0.00032,7.313382431392264
0.00033,7.3587196355792335
0.00034,7.404335132130326
0.00035,7.450230594943068
0.00036,7.49640770758955
0.00037,7.542868163316428
0.00038,7.589613665093513
0.00039,7.6366459256740065
0.0004,7.683966667648293
0.00041,7.731577623548454
0.00042,7.779480535849349
0.00043,7.82767715699089
0.00044,7.876169249468921
0.00045,7.9249585858431155
0.00046,7.974046948879582
0.00047,8.023436131563088
0.00048,8.073127937100265
0.00049,8.123124179015539
0.0005,8.173426681149856
0.00051,8.224037277795853
0.00052,8.274957813749024
0.00053,8.32619014430773
0.00054,8.377736135321955
0.00055,8.429597663263541
0.00056,8.481776615269139
0.00057,8.534274889267431
0.00058,8.587094393981483
0.00059,8.640237048939445
0.0006,8.693704784583247
0.00061,8.747499542256438
0.00062,8.801623274363381
0.00063,8.856077944401553
0.00064,8.910865526961553
0.00065,8.965988007793843
0.00066,9.021447383860755
0.00067,9.077245663406252
0.00068,9.133384866072419
0.00069,9.189867022899916
0.0007,9.246694176342825
0.00071,9.303868380382474
0.00072,9.361391700513181
0.00073,9.41926621391182
0.00074,9.477494009465746
0.00075,9.536077187772811
0.00076,9.595017861214004
0.00077,9.654318154002656
0.00078,9.713980202260922
0.00079,9.774006154139148
0.0008,9.834398169816183
0.00081,9.89515842151382
0.00082,9.95628909361559
0.00083,10.017792382649171
0.00084,10.079670497463422
0.00085,10.141925659259512
0.00086,10.204560101590921
0.00087,10.267576070432092
0.00088,10.330975824238775
0.00089,10.394761634013623
0.0009,10.458935783439967
0.00091,10.523500568882707
0.00092,10.58845829939931
0.00093,10.653811296862742
0.00094,10.719561895940574
0.00095,10.785712444276047
0.00096,10.852265302528373
0.00097,10.919222844372726
0.00098,10.986587456558812
0.00099,11.05436153898986
0.001,11.122547504766883
0.00101,11.191147780343139
0.00102,11.260164805527028
0.00103,11.329601033488522
0.00104,11.399458930882572
0.00105,11.469740977829339
0.00106,11.540449668091851
0.00107,11.611587509131882
0.00108,11.68315702210996
0.00109,11.755160741930938
0.0011,11.82760121734315
0.00111,11.900481010957595
0.00112,11.973802699424155
0.00113,12.047568873439065
0.00114,12.121782137747244
0.00115,12.196445111259436
0.00116,12.27156042704321
0.00117,12.347130732484707
0.00118,12.423158689367627
0.00119,12.499646973873235
0.0012,12.576598276612483
0.00121,12.65401530274224
0.00122,12.731900771961106
0.00123,12.81025741870366
0.00124,12.889087992156364
0.00125,12.968395256257697
0.00126,13.048181989798813
0.00127,13.128450986441292
0.00128,13.20920505484418
0.00129,13.29044701877536
0.0013,13.372179717111564
0.00131,13.454406003858171
0.00132,13.537128748276182
0.00133,13.620350834860869
0.00134,13.704075163545747
0.00135,13.788304649732213
0.00136,13.873042224289522
0.00137,13.958290833629903
0.00138,14.044053439766861
0.00139,14.130333020390887
0.0014,14.217132569019892
0.00141,14.304455095000156
0.00142,14.39230362351606
0.00143,14.480681195718908
0.00144,14.569590868699132
0.00145,14.659035715686537
0.00146,14.749018826100652
0.00147,14.839543305550716
0.00148,14.930612275887263
0.00149,15.022228875292678
0.0015,15.114396258311483
0.00151,15.207117596033266
0.00152,15.30039607609879
0.00153,15.39423490270277
0.00154,15.488637296712856
0.00155,15.583606495651912
0.00156,15.67914575387459
0.00157,15.77525834264751
0.00158,15.871947550149264
0.00159,15.969216681501996
0.0016,16.067069058883135
0.00161,16.165508021519962
0.00162,16.264536925894006
0.00163,16.364159145758084
0.00164,16.464378072136313
0.00165,16.56519711341778
0.00166,16.666619695373576
0.00167,16.76864926128105
0.00168,16.87128927204572
0.00169,16.974543206201304
0.0017,17.07841455992552
0.00171,17.182906847160325
0.00172,17.28802359958418
0.00173,17.393768366821586
0.00174,17.50014471647875
0.00175,17.60715623414355
0.00176,17.71480652344628
0.00177,17.823099206121572
0.00178,17.93203792206622
0.00179,18.04162632950514
0.0018,18.151868104993973
0.00181,18.26276694342415
0.00182,18.374326558136637
0.00183,18.48655068089138
0.00184,18.59944306205798
0.00185,18.71300747068016
0.00186,18.827247694475783
0.00187,18.94216753987123
0.00188,19.05777083209075
0.00189,19.174061415162637
0.0019,19.291043152113637
0.00191,19.408719924981153
0.00192,19.5270956348134
0.00193,19.646174201758132
0.00194,19.765959565058267
0.00195,19.886455683188924
0.00196,20.007666533964176
0.00197,20.129596114537012
0.00198,20.25224844141459
0.00199,20.375627550557013
0.002,20.49973749735021
0.00201,20.624582356806595
0.00202,20.7501662235961
0.00203,20.876493212046185
0.00204,21.003567456193075
0.00205,21.13139310982304
0.00206,21.259974346530747
0.00207,21.38931535987329
0.00208,21.51942036337262
0.00209,21.65029359051907
0.0021,21.781939294860674
0.00211,21.91436174996765
0.00212,22.04756524960761
0.00213,22.18155410780738
0.00214,22.316332658852975
0.00215,22.45190525731361
0.00216,22.58827627810556
0.00217,22.72545011649153
0.00218,22.863431188259565
0.00219,23.00222392973652
0.0022,23.14183279778807
0.00221,23.282262269876362
0.00222,23.423516844053008
0.00223,23.56560103906386
0.00224,23.708519394456445
0.00225,23.852276470580023
0.00226,23.996876848592766
0.00227,24.14232513052632
0.00228,24.288625939250466
0.00229,24.435783918645384
0.0023,24.583803733637083
0.00231,24.73269007019742
0.00232,24.88244763536925
0.00233,25.03308115728828
0.00234,25.184595385210503
0.00235,25.336995089655407
0.00236,25.49028506241143
0.00237,25.64447011653627
0.00238,25.79955508640139
0.00239,25.955544827654364
0.0024,26.112444217341537
0.00241,26.270258153977977
0.00242,26.428991557547455
0.00243,26.588649369509554
0.00244,26.74923655282504
0.00245,26.91075809193069
0.00246,27.073218992885316
0.00247,27.23662428339029
0.00248,27.400979012789563
0.00249,27.56628825208496
0.0025,27.732557093916736
0.00251,27.899790652606534
0.00252,28.067994064261498
0.00253,28.237172486776608
0.00254,28.40733109983503
0.00255,28.578475104920404
0.00256,28.750609725265207
0.00257,28.92374020595953
0.00258,29.097871813995127
0.00259,29.27300983826538
0.0026,29.44915958956778
0.00261,29.626326400581206
0.00262,29.80451562584807
0.00263,29.983732641880447
0.00264,30.163982847171397
0.00265,30.34527166219494
0.00266,30.527604529402982
0.00267,30.710986913162962
0.00268,30.89542429980111
0.00269,31.080922197665263
0.0027,31.267486137125843
0.00271,31.455121670575835
0.00272,31.64383437240124
0.00273,31.83362983891371
0.00274,32.02451368842807
0.00275,32.21649156128222
0.00276,32.40956911983708
0.00277,32.60375204847351
0.00278,32.799046053513656
0.00279,32.99545686320074
0.0028,33.19299022775547
0.00281,33.39165191937735
0.00282,33.591447732244674
0.00283,33.79238348249422
0.00284,33.99446500810245
0.00285,34.19769816892132
0.00286,34.40208884669043
0.00287,34.607642945035344
0.00288,34.814366389467615
0.00289,35.02226512731933
0.0029,35.23134512763241
0.00291,35.44161238120907
0.00292,35.65307290059207
0.00293,35.86573272006479
0.00294,36.07959789564735
0.00295,36.29467450495991
0.00296,36.51096864717851
0.00297,36.728486443039834
0.00298,36.94723403481892
0.00299,37.16721758632919
0.003,37.388443282898976
0.00301,37.61091733117535
0.00302,37.834645959147636
0.00303,38.05963541609431
0.00304,38.285891972568756
0.00305,38.51342192039925
0.00306,38.742231572618344
0.00307,38.97232726325133
0.00308,39.20371534736883
0.00309,39.43640220099132
0.0031,39.67039422108477
0.00311,39.90569782556062
0.00312,40.142319453116684
0.00313,40.38026556309204
0.00314,40.6195426354672
0.00315,40.860157170767884
0.00316,41.10211569006511
0.00317,41.34542473496658
0.00318,41.59009086735434
0.00319,41.8361206693479
0.0032,42.083520743204765
0.00321,42.33229771125152
0.00322,42.582458215883825
0.00323,42.83400891952877
0.00324,43.08695650430681
0.00325,43.34130767207663
0.00326,43.59706914425012
0.00327,43.854247661750776
0.00328,44.11284998501363
0.00329,44.37288289389031
0.0033,44.63435318728341
0.00331,44.89726768322404
0.00332,45.161633218629134
0.00333,45.42745664928292
0.00334,45.69474484983682
0.00335,45.96350471362054
0.00336,46.233743152320145
0.00337,46.505467096014286
0.00338,46.77868349291567
0.00339,47.05339930936726
0.0034,47.32962152984196
0.00341,47.60735715661746
0.00342,47.8866132095875
0.00343,48.16739672616249
0.00344,48.44971476104752
0.00345,48.7335743862424
0.00346,49.01898269103059
0.00347,49.3059467815196
0.00348,49.59447378059452
0.00349,49.884570827666565
0.0035,50.17624507850127
0.00351,50.46950370521847
0.00352,50.76435389625458
0.00353,51.06080285579523
0.00354,51.35885780383679
0.00355,51.65852597580682
0.00356,51.95981462243557
0.00357,52.26273100975609
0.00358,52.5672824190232
0.00359,52.87347614606838
0.0036,53.18131950143271
0.00361,53.49081980988319
0.00362,53.80198441032019
0.00363,54.1148206557775
0.00364,54.42933591328274
0.00365,54.745537563165016
0.00366,55.063432999222464
0.00367,55.383029628157026
0.00368,55.704334869510255
0.00369,56.02735615566329
0.0037,56.35210093162642
0.00371,56.67857665432596
0.00372,57.00679079277408
0.00373,57.336750827440696
0.00374,57.66846425021023
0.00375,58.00193856438152
0.00376,58.337181284379625
0.00377,58.67419993503972
0.00378,59.013002051755656
0.00379,59.353595179801324
0.0038,59.69598687430167
0.00381,60.040184700232636
0.00382,60.3861962320558
0.00383,60.7340290530034
0.00384,61.08369075519595
0.00385,61.435188938916546
0.00386,61.78853121259054
0.00387,62.1437251927856
0.00388,62.500778503778534
0.00389,62.859698776829525
0.0039,63.22049365027544
0.00391,63.58317076875036
0.00392,63.947737783169416
0.00393,64.314202350729
0.00394,64.68257213442517
0.00395,65.05285480228711
0.00396,65.42505802747053
0.00397,65.79918948740776
0.00398,66.17525686379169
0.00399,66.55326784257552
0.004,66.93323011347178
0.00401,67.3151513691004
0.00402,67.6990393051209
0.00403,68.08490161928724
0.00404,68.47274601142684
0.00405,68.86258018344029
0.00406,69.25441183881554
0.00407,69.64824868163939
0.00408,70.04409841681259
0.00409,70.44196874898348
0.0041,70.8418673825133
0.00411,71.24380202147577
0.00412,71.64778036922452
0.00413,72.053810127221
0.00414,72.461898995369
0.00415,72.87205467080919
0.00416,73.2842848478541
0.00417,73.69859721798822
0.00418,74.1149994695227
0.00419,74.53349928621526
0.0042,74.95410434773127
0.00421,75.37682232830588
0.00422,75.80166089661861
0.00423,76.22862771579362
0.00424,76.6577304431661
0.00425,77.08897672871205
0.00426,77.52237421558681
0.00427,77.95793053870983
0.00428,78.39565332452466
0.00429,78.83555019099923
0.0043,79.27762874750925
0.00431,79.72189659316632
0.00432,80.168361317285
0.00433,80.61703049803401
0.00434,81.06791170198773
0.00435,81.52101248412588
0.00436,81.9763403878089
0.00437,82.43390294320349
0.00438,82.89370766735914
0.00439,83.3557620632273
0.0044,83.82007361884273
0.00441,84.28664980732313
0.00442,84.75549808686951
0.00443,85.22662589963866
0.00444,85.70004067086636
0.00445,86.17574980878179
0.00446,86.65376070317214
0.00447,87.13408072537706
0.00448,87.61671722828899
0.00449,88.10167754575045
0.0045,88.58896899076258
0.00451,89.07859885618616
0.00452,89.57057441282109
0.00453,90.06490290927783
0.00454,90.56159157197706
0.00455,91.06064760495222
0.00456,91.56207818765402
0.00457,92.06589047576672
0.00458,92.57209159934534
0.00459,93.08068866229864
0.0046,93.5916887423889
0.00461,94.10509889122872
0.00462,94.62092613251164
0.00463,95.13917746172564
0.00464,95.65985984542614
0.00465,96.18298021984928
0.00466,96.70854549091226
0.00467,97.23656253421298
0.00468,97.76703819430575
0.00469,98.29997928257727
0.0047,98.83539257820112
0.00471,99.37328482580303
0.00472,99.91366273530069
0.00473,100.45653298190356
0.00474,101.00190220600999
0.00475,101.54977701069947
0.00476,102.10016396249796
0.00477,102.65306958955631
0.00478,103.20850038071356
0.00479,103.7664627854965
0.0048,104.32696321412006
0.00481,104.89000803635793
0.00482,105.45560357962145
0.00483,106.02375612976843
0.00484,106.5944719286074
0.00485,107.1677571738194
0.00486,107.74361801895758
0.00487,108.32206057331989
0.00488,108.90309089912843
0.00489,109.48671501253389
0.0049,110.07293888155392
0.00491,110.66176842505651
0.00492,111.2532095127595
0.00493,111.84726796523111
0.00494,112.4439495529226
0.00495,113.04325999366297
0.00496,113.64520495400346
0.00497,114.24979004630487
0.00498,114.85702082855687
0.00499,115.46690280437772
0.005,116.07944142300727
0.00501,116.69464207677366
0.00502,117.31251010106631
0.00503,117.93305077340607
0.00504,118.55626931153272
0.00505,119.18217087340457
0.00506,119.81076055719875
0.00507,120.44204340101943
0.00508,121.07602437952619
0.00509,121.71270840566034
0.0051,122.35210032786445
0.00511,122.99420492921381
0.00512,123.63902692741686
0.00513,124.28657097481481
0.00514,124.93684165752164
0.00515,125.5898434922745
0.00516,126.24558092841905
0.00517,126.9040583445295
0.00518,127.56528004806799
0.00519,128.22925027538508
0.0052,128.89597319171924
0.00521,129.56545288968917
0.00522,130.23769338688606
0.00523,130.91269862738412
0.00524,131.59047247837486
0.00525,132.27101873005506
0.00526,132.954341095626
0.00527,133.64044321129427
0.00528,134.32932863427217
0.00529,135.02100084103873
0.0053,135.71546322834476
0.00531,136.41271910998884
0.00532,137.1127717167774
0.00533,137.81562419652465
0.00534,138.52127961405293
0.00535,139.22974094906985
0.00536,139.94101109450145
0.00537,140.6550928575398
0.00538,141.37198895633966
0.00539,142.0917020199824
0.0054,142.8142345884768
0.00541,143.5395891127584
0.00542,144.2677679529071
0.00543,144.99877337575137
0.00544,145.73260755669693
0.00545,146.46927257605074
0.00546,147.20877041891723
0.00547,147.95110297519824
0.00548,148.69627203959269
0.00549,149.44427931052576
0.0055,150.19512638655908
0.00551,150.9488147692599
0.00552,151.70534585924634
0.00553,152.46472095579702
0.00554,153.22694125685072
0.00555,153.99200785900666
0.00556,154.75992175722297
0.00557,155.5306838405781
0.00558,156.30429489503126
0.00559,157.0807556003744
0.0056,157.8600665289635
0.00561,158.6422281457193
0.00562,159.42724080812647
0.00563,160.21510476623448
0.00564,161.00582016008306
0.00565,161.79938701852808
0.00566,162.59580526044599
0.00567,163.3950746912971
0.00568,164.1971950031081
0.00569,165.00216577447117
0.0057,165.8099864705448
0.00571,166.6206564426519
0.00572,167.43417492394352
0.00573,168.25054103266618
0.00574,169.06975376892171
0.00575,169.8918120135421
0.00576,170.7167145280903
0.00577,171.5444599548593
0.00578,172.37504681687304
0.00579,173.20847351652355
0.0058,174.04473833227547
0.00581,174.88383942201693
0.00582,175.72577481906288
0.00583,176.5705424318628
0.00584,177.41814004400013
0.00585,178.2685653141928
0.00586,179.1218157762927
0.00587,179.97788883733782
0.00588,180.83678177537666
0.00589,181.6984917421503
0.0059,182.5630157593672
0.00591,183.430350718602
0.00592,184.30049338129484
0.00593,185.1734403787519
0.00594,186.04918821214505
0.00595,186.92773325095
0.00596,187.80907173027853
0.00597,188.69319975411125
0.00598,189.5801132916405
0.00599,190.46980817708769
0.006,191.36228010970385
0.00601,192.25752465376902
0.00602,193.15553723859284
0.00603,194.05631315802793
0.00604,194.95984756662526
0.00605,195.86613548324215
0.00606,196.77517178829208
0.00607,197.68695122293647
0.00608,198.6014683890852
0.00609,199.51871774939605
0.0061,200.43869362727528
0.00611,201.3613902068771
0.00612,202.28680153136227
0.00613,203.21492150136325
0.00614,204.14574387752566
0.00615,205.07926227772705
0.00616,206.01547017701733
0.00617,206.95436090761933
0.00618,207.8959276589282
0.00619,208.84016347751208
0.0062,209.78706126711148
0.00621,210.7366137870427
0.00622,211.68881365109678
0.00623,212.643653329656
0.00624,213.601125147623
0.00625,214.56122128439418
0.00626,215.52393377385877
0.00627,216.4892545043997
0.00628,217.45717521889273
0.00629,218.4276875147073
0.0063,219.40078284349806
0.00631,220.37645250905513
0.00632,221.35468766892
0.00633,222.3354793339401
0.00634,223.3188183679391
0.00635,224.3046954877163
0.00636,225.2931012630473
0.00637,226.28402611668324
0.00638,227.27746032435175
0.00639,228.2733940147558
0.0064,229.27181716958938
0.00641,230.27271962358788
0.00642,231.2760910623805
0.00643,232.28192102399254
0.00644,233.29019889956874
0.00645,234.30091393337236
0.00646,235.31405522278598
0.00647,236.32961171831107
0.00648,237.34757222356777
0.00649,238.3679253952957
0.0065,239.39065974335287
0.00651,240.4157636307169
0.00652,241.44322527348365
0.00653,242.47303274306074
0.00654,243.5051739633239
0.00655,244.5396367102107
0.00656,245.57640861519454
0.00657,246.61547716528662
0.00658,247.65682970303536
0.00659,248.70045342652693
0.0066,249.74633538938477
0.00661,250.79446250077004
0.00662,251.84482152538132
0.00663,252.89739908345462
0.00664,253.95218165156606
0.00665,255.00915556754163
0.00666,256.0683070217878
0.00667,257.1296220632103
0.00668,258.19308660079236
0.00669,259.2586864035938
0.0067,260.32640710075214
0.00671,261.3962341814814
0.00672,262.46815299507324
0.00673,263.54214875089605
0.00674,264.6182065183955
0.00675,265.6963112300141
0.00676,266.77644768437557
0.00677,267.85860053705323
0.00678,268.94275430960494
0.00679,270.02889339010665
0.0068,271.1170020331525
0.00681,272.20706435985534
0.00682,273.2990643578459
0.00683,274.3929858812736
0.00684,275.4888126508059
0.00685,276.5865282539136
0.00686,277.68611615402835
0.00687,278.7875596801933
0.00688,279.8908420312474
0.00689,280.99594628078097
0.0069,282.10285537713463
0.00691,283.2115521434
0.00692,284.32201927741943
0.00693,285.4342393517861
0.00694,286.54819481384385
0.00695,287.6638679857212
0.00696,288.7812410735747
0.00697,289.9002961604223
0.00698,291.02101520612763
0.00699,292.14338005511615
0.007,293.26737243637564
0.00701,294.39297396345563
0.00702,295.5201661344681
0.00703,296.6489303320869
0.00704,297.7792478235479
0.00705,298.911099760884
0.00706,300.04446719224757
0.00707,301.179331051078
0.00708,302.3156721599713
0.00709,303.45347123731216
0.0071,304.5927088972742
0.00711,305.7333656498196
0.00712,306.8754219006998
0.00713,308.01885795145483
0.00714,309.1636539994135
0.00715,310.3097901400872
0.00716,311.4572463784013
0.00717,312.60600261249306
0.00718,313.7560386463308
0.00719,314.90733419211784
0.0072,316.05986887029144
0.00721,317.2136222095234
0.00722,318.36857364671994
0.00723,319.5247025270216
0.00724,320.68198810381153
0.00725,321.84040954954344
0.00726,322.99994594993774
0.00727,324.16057630242375
0.00728,325.3222795261511
0.00729,326.4850344619904
0.0073,327.648819872533
0.00731,328.81361444209074
0.00732,329.97939677669643
0.00733,331.1461454041034
0.00734,332.3138387791774
0.00735,333.48245529138796
0.00736,334.6519732508087
0.00737,335.8223709027763
0.00738,336.99362642868965
0.00739,338.1657179460087
0.0074,339.33862350825564
0.00741,340.51232110501377
0.00742,341.6867886619283
0.00743,342.86200404383607
0.00744,344.03794506690525
0.00745,345.21458948182436
0.00746,346.3919149881794
0.00747,347.5698992366342
0.00748,348.74851982892983
0.00749,349.92775431788533
0.0075,351.10758020739706
0.00751,352.2879749524394
0.00752,353.46891596150715
0.00753,354.6503806100355
0.00754,355.8323462234136
0.00755,357.01479009071306
0.00756,358.1976894675929
0.00757,359.38102157630055
0.00758,360.5647636056709
0.00759,361.7488927111274
0.0076,362.93338601468065
0.00761,364.1182206075762
0.00762,365.3033735636195
0.00763,366.4888219222751
0.00764,367.67454270271
0.00765,368.86051290650516
0.00766,370.0467095176566
0.00767,371.2331095025745
0.00768,372.41968981008404
0.00769,373.60642737142456
0.0077,374.7932991038329
0.00771,375.98028192253463
0.00772,377.16735272440997
0.00773,378.3544884028269
0.00774,379.54166584953447
0.00775,380.7288619546614
0.00776,381.9160536067172
0.00777,383.10321769259104
0.00778,384.29033109755323
0.00779,385.4773707105165
0.0078,386.66431343297245
0.00781,387.8511361647854
0.00782,389.03781581919634
0.00783,390.22432932375665
0.00784,391.4106536203281
0.00785,392.59676566508256
0.00786,393.7826424285022
0.00787,394.96826089537893
0.00788,396.1535980724684
0.00789,397.3386309923095
0.0079,398.5233367035191
0.00791,399.70769228450644
0.00792,400.8916748437135
0.00793,402.0752615196136
0.00794,403.2584294807121
0.00795,404.4411559255466
0.00796,405.6234180826856
0.00797,406.80519322125735
0.00798,407.9864586478842
0.00799,409.16719170377104
0.008,410.3473697754984
0.00801,411.52697029502343
0.00802,412.7059707396796
0.00803,413.8843486321767
0.00804,415.0620815406002
0.00805,416.2391470785843
0.00806,417.41552291785854
0.00807,418.5911867793589
0.00808,419.7661164365093
0.00809,420.9402897229129
0.0081,422.1136845323511
0.00811,423.28627881878396
0.00812,424.4580505963503
0.00813,425.62897793936713
0.00814,426.79903898285426
0.00815,427.96821193549636
0.00816,429.13647506795445
0.00817,430.3038067195053
0.00818,431.47018530370565
0.00819,432.6355893083916
0.0082,433.7999972956791
0.00821,434.9633879019627
0.00822,436.1257398379174
0.00823,437.2870318892459
0.00824,438.4472429292008
0.00825,439.6063519062488
0.00826,440.7643378517432
0.00827,441.9211798845633
0.00828,443.07685721111466
0.00829,444.23134912532936
0.0083,445.38463500866504
0.00831,446.5366943301064
0.00832,447.68750664678714
0.00833,448.83705161574625
0.00834,449.9853089825372
0.00835,451.1322585879075
0.00836,452.2778803723778
0.00837,453.42215437624293
0.00838,454.56506073957064
0.00839,455.70657970220304
0.0084,456.8466916037557
0.00841,457.9853768838265
0.00842,459.12261609233377
0.00843,460.25838988129294
0.00844,461.3926790079486
0.00845,462.52546434043046
0.00846,463.65672685775377
0.00847,464.78644764981834
0.00848,465.91460791740985
0.00849,467.0411889721992
0.0085,468.16617223674257
0.00851,469.28953925107476
0.00852,470.41127167236857
0.00853,471.53135127018606
0.00854,472.64975993479754
0.00855,473.76647967720635
0.00856,474.8814926291501
0.00857,475.9947810430997
0.00858,477.1063272922602
0.00859,478.21611387056936
0.0086,479.3241233948135
0.00861,480.4303386119561
0.00862,481.53474238861963
0.00863,482.6373177194722
0.00864,483.7380477283822
0.00865,484.8369156684195
0.00866,485.9339049218549
0.00867,487.02899900016007
0.00868,488.1221815440073
0.00869,489.21343632327506
0.0087,490.3027472431473
0.00871,491.39009834122993
0.00872,492.4754737860135
0.00873,493.55885788216705
0.00874,494.6402350705377
0.00875,495.7195899281506
0.00876,496.7969071682084
0.00877,497.87217164009263
0.00878,498.9453683293623
0.00879,500.0164823580709
0.0088,501.08549899096283
0.00881,502.1524036290996
0.00882,503.21718181271603
0.00883,504.2798192236093
0.00884,505.34030168513925
0.00885,506.39861516222777
0.00886,507.4547457613598
0.00887,508.5086797305827
0.00888,509.56040345950663
0.00889,510.6099034794712
0.0089,511.6571664680599
0.00891,512.7021792447489
0.00892,513.744928772348
0.00893,514.7854021589208
0.00894,515.8235866577849
0.00895,516.8594696675115
0.00896,517.8930387319259
0.00897,518.9242815401071
0.00898,519.9531859263877
0.00899,520.9797398703545
0.009,522.0039314981636
0.00901,523.0257490835004
0.00902,524.0451810450148
0.00903,525.0622159484459
0.00904,526.0768425066732
0.00905,527.0890495797181
0.00906,528.0988261747422
0.00907,529.1061614460486
0.00908,530.1110446950819
0.00909,531.1134653704272
0.0091,532.1134130678107
0.00911,533.1108775301554
0.00912,534.1058486481708
0.00913,535.098316459971
0.00914,536.0882711507417
0.00915,537.0757030527383
0.00916,538.0606026452871
0.00917,539.0429605547843
0.00918,540.0227675546967
0.00919,541.0000145655612
0.0092,541.9746926549851
0.00921,542.9467930376462
0.00922,543.9163070751089
0.00923,544.8832262722392
0.00924,545.8475422832606
0.00925,546.8092469091144
0.00926,547.7683320954352
0.00927,548.72478993255
0.00928,549.6786126554787
0.00929,550.6297926439341
0.0093,551.5783224223221
0.00931,552.5241946597413
0.00932,553.4674021699825
0.00933,554.4079379115302
0.00934,555.3457949875615
0.00935,556.2809666459463
0.00936,557.2134462733472
0.00937,558.1432273966643
0.00938,559.0703036929674
0.00939,559.994668979088
0.0094,560.9163172114789
0.00941,561.8352424862152
0.00942,562.7514390389936
0.00943,563.6649012451328
0.00944,564.5756236195734
0.00945,565.4836008168776
0.00946,566.3888276312297
0.00947,567.2912989964354
0.00948,568.1910099859232
0.00949,569.0879558127422
0.0095,569.9821318237482
0.00951,570.8735334936856
0.00952,571.7621564432811
0.00953,572.6479964266322
0.00954,573.5310493305706
0.00955,574.4113111746611
0.00956,575.2887781112026
0.00957,576.1634464252268
0.00958,577.0353125344994
0.00959,577.9043729895197
0.0096,578.7706244735205
0.00961,579.6340638024682
0.00962,580.4946879213963
0.00963,581.3524938956333
0.00964,582.2074789294825
0.00965,583.0596403535895
0.00966,583.9089756234931
0.00967,584.755482319625
0.00968,585.5991581473099
0.00969,586.4400009367658
0.0097,587.2780086431032
0.00971,588.1131793463261
0.00972,588.9455112513311
0.00973,589.7750026879083
0.00974,590.601652109087
0.00975,591.4254580773157
0.00976,592.2464192842144
0.00977,593.0645345413133
0.00978,593.8798027763268
0.00979,594.6922230331523
0.0098,595.5017944718717
0.00981,596.30851636875
0.00982,597.1123881162364
0.00983,597.9134092229632
0.00984,598.7115793137467
0.00985,599.5068981295873
0.00986,600.2993655204743
0.00987,601.0889814427043
0.00988,601.8757459725405
0.00989,602.6596592935933
0.0099,603.4407216965501
0.00991,604.218933579173
0.00992,604.9942954463014
0.00993,605.7668079098502
0.00994,606.5364716888104
0.00995,607.3032876092493
0.00996,608.0672566043098
0.00997,608.8283797118003
0.00998,609.5866580619255
0.00999,610.3420928959538
0.01,611.0946855553854
0.01001,611.8444374794637
0.01002,612.5913502051754
0.01003,613.3354253672499
0.01004,614.0766646981592
0.01005,614.8150700281187
0.01006,615.5506432850867
0.01007,616.2833864947644
0.01008,617.0133017781931
0.01009,617.7403913402048
0.0101,618.464657486823
0.01011,619.1861026147312
0.01012,619.9047292090305
0.01013,620.620539843238
0.01014,621.333537179288
0.01015,622.043723967531
0.01016,622.7511030467348
0.01017,623.455677344083
0.01018,624.1574498751767
0.01019,624.856423738971
0.0102,625.5526021117537
0.01021,626.2459882609363
0.01022,626.9365855337091
0.01023,627.624397356486
0.01024,628.3094272349058
0.01025,628.9916787538301
0.01026,629.671155577346
0.01027,630.3478614487636
0.01028,631.0218001906179
0.01029,631.692975704266
0.0103,632.3613919585218
0.01031,633.0270530007746
0.01032,633.689962953643
0.01033,634.35012601003
0.01034,635.007546433122
0.01035,635.6622285563903
0.01036,636.31417678359
0.01037,636.9633955887605
0.01038,637.6098895162247
0.01039,638.2536631805904
0.0104,638.8947212605461
0.01041,639.5330684971393
0.01042,640.1687097023955
0.01043,640.8016497501264
0.01044,641.4318935758166
0.01045,642.0594461766232
0.01046,642.6843126113761
0.01047,643.3064980005774
0.01048,643.9260075264028
0.01049,644.5428464327001
0.0105,645.1570200214297
0.01051,645.768533646265
0.01052,646.3773927241367
0.01053,646.9836027260703
0.01054,647.587169176542
0.01055,648.1880976534782
0.01056,648.7863937882555
0.01057,649.3820632657012
0.01058,649.9751118240923
0.01059,650.5655452551566
0.0106,651.1533694012362
0.01061,651.7385901483937
0.01062,652.3212134375052
0.01063,652.9012452559094
0.01064,653.478691636601
0.01065,654.0535586582314
0.01066,654.625852445109
0.01067,655.1955791671987
0.01068,655.7627450401218
0.01069,656.3273563251564
0.0107,656.8894193260606
0.01071,657.4489403836401
0.01072,658.0059258853128
0.01073,658.560382257318
0.01074,659.1123159642149
0.01075,659.6617335088812
0.01076,660.2086414325144
0.01077,660.7530463146308
0.01078,661.2949547730663
0.01079,661.8343734639758
0.0108,662.3713090774132
0.01081,662.905768335297
0.01082,663.4377579978312
0.01083,663.9672848567765
0.01084,664.4943557353477
0.01085,665.0189774882137
0.01086,665.5411570014982
0.01087,666.0609011927785
0.01088,666.5782170110866
0.01089,667.0931114368658
0.0109,667.6055914754709
0.01091,668.1156641609115
0.01092,668.623336556438
0.01093,669.1286157503699
0.01094,669.6315088560965
0.01095,670.1320230120764
0.01096,670.6301653818377
0.01097,671.1259431539779
0.01098,671.619363542164
0.01099,672.1104337844516
0.011,672.5991611363901
0.01101,673.0855528784795
0.01102,673.5696163121504
0.01103,674.0513587579992
0.01104,674.530787555788
0.01105,675.0079100644449
0.01106,675.482733662063
0.01107,675.9552657459016
0.01108,676.4255137323856
0.01109,676.8934850548357
0.0111,677.3591871593707
0.01111,677.8226275115849
0.01112,678.2838135911607
0.01113,678.7427528915189
0.01114,679.1994529198187
0.01115,679.6539211969576
0.01116,680.1061652575717
0.01117,680.5561926500353
0.01118,681.0040109364398
0.01119,681.4496276877103
0.0112,681.8930504859437
0.01121,682.3342869252647
0.01122,682.7733446085762
0.01123,683.2102311475596
0.01124,683.6449541626753
0.01125,684.0775212831616
0.01126,684.5079401470358
0.01127,684.9362184010934
0.01128,685.3623637001425
0.01129,685.7863837018666
0.0113,686.2082860727035
0.01131,686.6280784843549
0.01132,687.0457686127961
0.01133,687.4613641382757
0.01134,687.8748727453159
0.01135,688.2863021227123
0.01136,688.6956599635338
0.01137,689.1029539651229
0.01138,689.508191826563
0.01139,689.9113812470873
0.0114,690.3125299299184
0.01141,690.71164557855
0.01142,691.1087358966837
0.01143,691.5038085882289
0.01144,691.8968713573033
0.01145,692.2879319082317
0.01146,692.6769979455474
0.01147,693.0640771738024
0.01148,693.4491772932633
0.01149,693.8323060034861
0.0115,694.2134710020948
0.01151,694.5926799832783
0.01152,694.9699406377895
0.01153,695.3452606529454
0.01154,695.7186477126278
0.01155,696.0901094972822
0.01156,696.459653683919
0.01157,696.8272879449719
0.01158,697.193019945207
0.01159,697.5568573459816
0.0116,697.9188078022751
0.01161,698.2788789623906
0.01162,698.6370784679544
0.01163,698.9934139539167
0.01164,699.3478930485508
0.01165,699.7005233734537
0.01166,700.0513125435441
0.01167,700.4002681643537
0.01168,700.7473978326459
0.01169,701.0927091376393
0.0117,701.4362096590172
0.01171,701.7779069669286
0.01172,702.1178086219874
0.01173,702.4559221752722
0.01174,702.7922551683271
0.01175,703.1268151331611
0.01176,703.4596095919388
0.01177,703.7906460538173
0.01178,704.119932018012
0.01179,704.4474749723961
0.0118,704.7732823928108
0.01181,705.0973617430647
0.01182,705.4197204749346
0.01183,705.7403660281648
0.01184,706.0593058304675
0.01185,706.3765472975224
0.01186,706.6920978319926
0.01187,707.0059648215749
0.01188,707.3181556418338
0.01189,707.6286776542701
0.0119,707.9375382061941
0.01191,708.244744630726
0.01192,708.5503042467956
0.01193,708.8542243591422
0.01194,709.156512258315
0.01195,709.4571752206723
0.01196,709.7562205065645
0.01197,710.053655360509
0.01198,710.3494870122612
0.01199,710.6437226755454
0.012,710.9363695480545
0.01201,711.2274348114502
0.01202,711.5169256313632
0.01203,711.8048491573928
0.01204,712.0912125231072
0.01205,712.3760228459399
0.01206,712.6592872250812
0.01207,712.9410127430126
0.01208,713.2212064652148
0.01209,713.4998754395917
0.0121,713.7770266964706
0.01211,714.0526672486013
0.01212,714.3268040911569
0.01213,714.5994442017333
0.01214,714.8705945403494
0.01215,715.140262049164
0.01216,715.4084536506562
0.01217,715.6751762494249
0.01218,715.9404367314552
0.01219,716.2042419638823
0.0122,716.4665987949923
0.01221,716.7275140542212
0.01222,716.9869945521559
0.01223,717.2450470805335
0.01224,717.5016784122417
0.01225,717.7568953008829
0.01226,718.0107044794196
0.01227,718.2631126617579
0.01228,718.5141265420191
0.01229,718.763752794454
0.0123,719.0119980734431
0.01231,719.2588690134966
0.01232,719.5043722292539
0.01233,719.7485143154848
0.01234,719.991301847088
0.01235,720.2327413785928
0.01236,720.4728394431925
0.01237,720.7116025540042
0.01238,720.9490372035135
0.01239,721.1851498635459
0.0124,721.4199469852663
0.01241,721.6534349991789
0.01242,721.8856203151278
0.01243,722.1165093222961
0.01244,722.346108389207
0.01245,722.5744238632649
0.01246,722.8014620699977
0.01247,723.0272293140576
0.01248,723.2517318788688
0.01249,723.4749760266153
0.0125,723.696967998241
0.01251,723.9177140134493
0.01252,724.1372202707038
0.01253,724.3554929472274
0.01254,724.5725381990032
0.01255,724.7883621604384
0.01256,725.0029709436611
0.01257,725.2163706393327
0.01258,725.4285673164948
0.01259,725.6395670225595
0.0126,725.84937578331
0.01261,726.0579996029002
0.01262,726.2654444638549
0.01263,726.4717163270697
0.01264,726.6768211318108
0.01265,726.8807647955325
0.01266,727.0835532131895
0.01267,727.2851922578319
0.01268,727.4856877806731
0.01269,727.6850456110801
0.0127,727.8832715565742
0.01271,728.0803714028301
0.01272,728.2763509136769
0.01273,728.4712158310971
0.01274,728.6649718752273
0.01275,728.8576247442992
0.01276,729.0491801140653
0.01277,729.2396436380349
0.01278,729.4290209478071
0.01279,729.6173176530724
0.0128,729.804539341612
0.01281,729.9906915792981
0.01282,730.175779910094
0.01283,730.3598098560541
0.01284,730.5427869173238
0.01285,730.7247165721391
0.01286,730.9056042765218
0.01287,731.0854554640264
0.01288,731.2642755463085
0.01289,731.4420699131888
0.0129,731.6188439326534
0.01291,731.7946029508536
0.01292,731.9693522921061
0.01293,732.1430972588928
0.01294,732.3158431318609
0.01295,732.4875951698236
0.01296,732.6583586097631
0.01297,732.8281386662516
0.01298,732.9969405319381
0.01299,733.1647693778325
0.013,733.3316303533054
0.01301,733.4975285860882
0.01302,733.6624691822724
0.01303,733.8264572263107
0.01304,733.9894977810163
0.01305,734.1515958875633
0.01306,734.312756565562
0.01307,734.4729848127937
0.01308,734.6322856049649
0.01309,734.7906638964103
0.0131,734.9481246201265
0.01311,735.1046726877723
0.01312,735.2603129896689
0.01313,735.4150503947994
0.01314,735.5688897508089
0.01315,735.7218358840049
0.01316,735.8738935993689
0.01317,736.0250676807793
0.01318,736.1753628902127
0.01319,736.3247839683813
0.0132,736.473335635053
0.01321,736.621022589051
0.01322,736.7678495082546
0.01323,736.9138210495984
0.01324,737.0589418490723
0.01325,737.2032165217225
0.01326,737.3466496616504
0.01327,737.4892458421475
0.01328,737.631009615679
0.01329,737.7719455132323
0.0133,737.9120580452493
0.01331,738.0513517017
0.01332,738.1898309520826
0.01333,738.327500245423
0.01334,738.4643640102754
0.01335,738.6004266547218
0.01336,738.7356925663722
0.01337,738.8701661123648
0.01338,739.0038516397171
0.01339,739.1367534747686
0.0134,739.2688759231673
0.01341,739.4002232706266
0.01342,739.5307997829273
0.01343,739.6606097059171
0.01344,739.7896572655112
0.01345,739.917946667692
0.01346,740.0454820985091
0.01347,740.172267724079
0.01348,740.2983076906014
0.01349,740.4236061248903
0.0135,740.5481671333235
0.01351,740.6719948024523
0.01352,740.79509319949
0.01353,740.9174663723115
0.01354,741.0391183494545
0.01355,741.1600531401182
0.01356,741.280274734164
0.01357,741.3997871021154
0.01358,741.5185941951579
0.01359,741.6366999451878
0.0136,741.7541082654014
0.01361,741.8708230490516
0.01362,741.9868481703162
0.01363,742.1021874846753
0.01364,742.2168448289111
0.01365,742.3308240211086
0.01366,742.4441288606545
0.01367,742.5567631282382
0.01368,742.6687305858512
0.01369,742.7800349767873
0.0137,742.890680025698
0.01371,743.0006694392537
0.01372,743.1100069048115
0.01373,743.2186960913145
0.01374,743.3267406496847
0.01375,743.4341442128222
0.01376,743.5409103956057
0.01377,743.6470427948926
0.01378,743.7525449895186
0.01379,743.8574205402979
0.0138,743.9616729900232
0.01381,744.0653058634899
0.01382,744.1683226682436
0.01383,744.2707268933085
0.01384,744.3725220098322
0.01385,744.473711471644
0.01386,744.5742987152558
0.01387,744.6742871598614
0.01388,744.7736802073367
0.01389,744.8724812422402
0.0139,744.9706936318122
0.01391,745.0683207259752
0.01392,745.1653658573341
0.01393,745.2618323417953
0.01394,745.357723477931
0.01395,745.4530425467301
0.01396,745.5477928125855
0.01397,745.641977523296
0.01398,745.7355999100657
0.01399,745.828663187505
0.014,745.921170553629
0.01401,746.0131251898594
0.01402,746.1045302610227
0.01403,746.1953889153516
0.01404,746.2857042847554
0.01405,746.3754794852365
0.01406,746.4647176154958
0.01407,746.553421758247
0.01408,746.6415949803458
0.01409,746.7292403327897
0.0141,746.8163608507183
0.01411,746.902959553413
0.01412,746.9890394442973
0.01413,747.0746035109363
0.01414,747.1596547250375
0.01415,747.2441960424634
0.01416,747.3282304040969
0.01417,747.4117607345814
0.01418,747.4947899427342
0.01419,747.5773209222567
0.0142,747.6593565517359
0.01421,747.7408996946431
0.01422,747.8219531993349
0.01423,747.9025198990523
0.01424,747.9826026119216
0.01425,748.0622041409538
0.01426,748.1413272740448
0.01427,748.2199747841862
0.01428,748.2981494301282
0.01429,748.375853954744
0.0143,748.4530910863259
0.01431,748.5298635387953
0.01432,748.6061740117023
0.01433,748.682025190226
0.01434,748.7574197451745
0.01435,748.832360332985
0.01436,748.9068495957232
0.01437,748.9808901610842
0.01438,749.0544846423916
0.01439,749.1276356390637
0.0144,749.2003457366816
0.01441,749.2726175058227
0.01442,749.3444535033851
0.01443,749.4158562726363
0.01444,749.4868283432128
0.01445,749.5573722311208
0.01446,749.6274904387353
0.01447,749.6971854548009
0.01448,749.7664597544315
0.01449,749.8353157991099
0.0145,749.9037560366886
0.01451,749.9717829020001
0.01452,750.0393988165627
0.01453,750.1066061877609
0.01454,750.1734074100668
0.01455,750.2398048650539
0.01456,750.3058009213972
0.01457,750.3713979348735
0.01458,750.4365982483612
0.01459,750.5014041918402
0.0146,750.5658180823922
0.01461,750.6298422242004
0.01462,750.6934789085497
0.01463,750.7567304143894
0.01464,750.819599008201
0.01465,750.8820869429875
0.01466,750.9441964595486
0.01467,751.0059297865063
0.01468,751.0672891403049
0.01469,751.1282767252109
0.0147,751.1888947333134
0.01471,751.2491453445235
0.01472,751.3090307265749
0.01473,751.3685530350232
0.01474,751.4277144132467
0.01475,751.4865169927823
0.01476,751.5449628938039
0.01477,751.6030542235312
0.01478,751.6607930775907
0.01479,751.7181815401375
0.0148,751.7752216838542
0.01481,751.8319155699519
0.01482,751.8882652481699
0.01483,751.9442727567755
0.01484,751.9999401225641
0.01485,752.0552693608595
0.01486,752.1102624755132
0.01487,752.1649214589738
0.01488,752.2192482932827
0.01489,752.273244948381
0.0149,752.326913382934
0.01491,752.3802555448237
0.01492,752.4332733711485
0.01493,752.4859687882231
0.01494,752.5383437115787
0.01495,752.5904000459632
0.01496,752.6421396853405
0.01497,752.6935645128912
0.01498,752.7446764010124
0.01499,752.7954772113176
0.015,752.8459687951223
0.01501,752.896152993557
0.01502,752.946031636276
0.01503,752.9956065427688
0.01504,753.0448795224102
0.01505,753.0938523744599
0.01506,753.1425268880625
0.01507,753.1909048422477
0.01508,753.2389880059302
0.01509,753.2867781379094
0.0151,753.3342769868701
0.01511,753.3814862913816
0.01512,753.4284077799039
0.01513,753.4750431717098
0.01514,753.5213941757381
0.01515,753.5674624906366
0.01516,753.6132498055849
0.01517,753.6587578002949
0.01518,753.7039881450098
0.01519,753.7489425005051
0.0152,753.7936225180881
0.01521,753.8380298395979
0.01522,753.8821660974055
0.01523,753.9260329144138
0.01524,753.9696319040576
0.01525,754.0129646703431
0.01526,754.0560328088462
0.01527,754.0988379051603
0.01528,754.1413815354562
0.01529,754.1836652670603
0.0153,754.2256906584547
0.01531,754.2674592592775
0.01532,754.308972610322
0.01533,754.3502322435374
0.01534,754.3912396820289
0.01535,754.4319964400568
0.01536,754.4725040230373
0.01537,754.5127639275427
0.01538,754.5527776413252
0.01539,754.5925466442955
0.0154,754.6320724070933
0.01541,754.6713563914743
0.01542,754.7104000509488
0.01543,754.7492048307827
0.01544,754.7877721679971
0.01545,754.8261034913684
0.01546,754.8642002214281
0.01547,754.9020637704631
0.01548,754.9396955425154
0.01549,754.9770969333825
0.0155,755.0142693306171
0.01551,755.051214113527
0.01552,755.0879326538792
0.01553,755.1244263153753
0.01554,755.1606964529971
0.01555,755.1967444140528
0.01556,755.2325715381807
0.01557,755.2681791573483
0.01558,755.3035685958533
0.01559,755.3387411703233
0.0156,755.3736981897149
0.01561,755.4084409553152
0.01562,755.4429707607405
0.01563,755.4772888919373
0.01564,755.5113966271813
0.01565,755.5452952372891
0.01566,755.5789859863489
0.01567,755.6124701299849
0.01568,755.6457489164939
0.01569,755.678823587051
0.0157,755.7116953757104
0.01571,755.7443655094046
0.01572,755.7768352079445
0.01573,755.8091056840198
0.01574,755.8411781431985
0.01575,755.8730537839277
0.01576,755.9047337975326
0.01577,755.9362193682169
0.01578,755.9675116730634
0.01579,755.9986118826391
0.0158,756.0295211607023
0.01581,756.060240663322
0.01582,756.0907715399575
0.01583,756.1211149334694
0.01584,756.15127198012
0.01585,756.181243809573
0.01586,756.2110315448931
0.01587,756.2406363025468
0.01588,756.2700591924022
0.01589,756.2993013177281
0.0159,756.3283637751955
0.01591,756.3572476548762
0.01592,756.3859540402458
0.01593,756.4144840090042
0.01594,756.4428386321254
0.01595,756.4710189736898
0.01596,756.4990260916763
0.01597,756.5268610379618
0.01598,756.5545248583213
0.01599,756.5820185924282
0.016,756.6093432738536
0.01601,756.6364999300672
0.01602,756.6634895824366
0.01603,756.6903132462276
0.01604,756.7169719306041
0.01605,756.7434666386285
0.01606,756.7697983672608
0.01607,756.7959681080949
0.01608,756.8219768466358
0.01609,756.8478255618936
0.0161,756.8735152272475
0.01611,756.8990468104455
0.01612,756.9244212736043
0.01613,756.9496395732097
0.01614,756.9747026601161
0.01615,756.9996114795471
0.01616,757.0243669710947
0.01617,757.04897006872
0.01618,757.073421700753
0.01619,757.0977227898925
0.0162,757.121874253206
0.01621,757.1458770025097
0.01622,757.1697319446025
0.01623,757.1934399799305
0.01624,757.217002003693
0.01625,757.2404189059027
0.01626,757.2636915713869
0.01627,757.2868208797855
0.01628,757.3098077055531
0.01629,757.3326529179576
0.0163,757.3553573810807
0.01631,757.3779219538178
0.01632,757.4003474898783
0.01633,757.4226348377849
0.01634,757.4447848408745
0.01635,757.466798337331
0.01636,757.4886761610535
0.01637,757.510419140293
0.01638,757.532028098045
0.01639,757.5535038525378
0.0164,757.574847217233
0.01641,757.5960590008256
0.01642,757.6171400072435
0.01643,757.6380910356481
0.01644,757.6589128804341
0.01645,757.6796063312289
0.01646,757.7001721728936
0.01647,757.7206111855223
0.01648,757.7409241444423
0.01649,757.7611118202142
0.0165,757.781174978785
0.01651,757.8011143821908
0.01652,757.8209307869864
0.01653,757.840624945142
0.01654,757.8601976042555
0.01655,757.8796495075524
0.01656,757.8989813938858
0.01657,757.9181939977371
0.01658,757.937288049215
0.01659,757.956264274056
0.0166,757.9751233936244
0.01661,757.9938661249122
0.01662,758.0124931805391
0.01663,758.0310052687527
0.01664,758.0494030934282
0.01665,758.0676873542207
0.01666,758.0858587472411
0.01667,758.1039179635254
0.01668,758.1218656899061
0.01669,758.1397026092134
0.0167,758.1574294002753
0.01671,758.1750467379179
0.01672,758.1925552929653
0.01673,758.2099557322393
0.01674,758.2272487185601
0.01675,758.2444349107452
0.01676,758.2615149636107
0.01677,758.27848952797
0.01678,758.295359250635
0.01679,758.3121247744152
0.0168,758.3287867381508
0.01681,758.345345777508
0.01682,758.3618025237075
0.01683,758.3781576038773
0.01684,758.3944116414901
0.01685,758.4105652563629
0.01686,758.4266190646574
0.01687,758.4425736788796
0.01688,758.4584297078802
0.01689,758.4741877568541
0.0169,758.489848427341
0.01691,758.5054123172249
0.01692,758.5208800207342
0.01693,758.5362521284422
0.01694,758.5515292272664
0.01695,758.5667119004687
0.01696,758.5818007279663
0.01697,758.5967962865758
0.01698,758.6116991487855
0.01699,758.6265098836928
0.017,758.641229057063
0.01701,758.6558572313296
0.01702,758.6703949655943
0.01703,758.6848428156268
0.01704,758.6992013338654
0.01705,758.7134710694161
0.01706,758.7276525680534
0.01707,758.7417463722196
0.01708,758.7557530210255
0.01709,758.7696730502499
0.0171,758.7835069923399
0.01711,758.7972553764105
0.01712,758.8109187287413
0.01713,758.8244975724748
0.01714,758.8379924269184
0.01715,758.8514038083438
0.01716,758.8647322299921
0.01717,758.8779782020746
0.01718,758.8911422317722
0.01719,758.9042248232352
0.0172,758.9172264775842
0.01721,758.9301476929094
0.01722,758.9429889642705
0.01723,758.9557507836973
0.01724,758.9684336401892
0.01725,758.9810380197154
0.01726,758.9935644052148
0.01727,759.0060132765961
0.01728,759.018385111133
0.01729,759.0306803834064
0.0173,759.0428995643965
0.01731,759.055043122313
0.01732,759.0671115226166
0.01733,759.0791052280176
0.01734,759.0910246984766
0.01735,759.1028703912046
0.01736,759.1146427606625
0.01737,759.1263422585613
0.01738,759.1379693338623
0.01739,759.1495244327771
0.0174,759.1610079987672
0.01741,759.1724204725442
0.01742,759.1837622920702
0.01743,759.1950338925571
0.01744,759.2062357065774
0.01745,759.2173681646652
0.01746,759.2284316940031
0.01747,759.2394267190924
0.01748,759.2503536619444
0.01749,759.2612129420806
0.0175,759.2720049765331
0.01751,759.282730179844
0.01752,759.2933889640653
0.01753,759.30398173876
0.01754,759.3145089110005
0.01755,759.3249708853701
0.01756,759.3353680639619
0.01757,759.3457008463797
0.01758,759.3559696297369
0.01759,759.3661748086578
0.0176,759.3763167752763
0.01761,759.3863959195394
0.01762,759.3964126293235
0.01763,759.406367289427
0.01764,759.4162602823618
0.01765,759.4260919883911
0.01766,759.4358627855289
0.01767,759.4455730495403
0.01768,759.4552231539409
0.01769,759.4648134699977
0.0177,759.4743443667282
0.01771,759.4838162109013
0.01772,759.4932293670364
0.01773,759.502584197404
0.01774,759.5118810620254
0.01775,759.521120318673
0.01776,759.53030232287
0.01777,759.5394274278907
0.01778,759.5484959850386
0.01779,759.5575083437891
0.0178,759.5664648507907
0.01781,759.5753658506252
0.01782,759.5842116858475
0.01783,759.5930026969854
0.01784,759.6017392225403
0.01785,759.6104215989864
0.01786,759.6190501607709
0.01787,759.6276252403147
0.01788,759.6361471680115
0.01789,759.6446162722281
0.0179,759.6530328793044
0.01791,759.6613973135538
0.01792,759.6697098972626
0.01793,759.6779709506902
0.01794,759.6861807920692
0.01795,759.6943397376784
0.01796,759.7024481024141
0.01797,759.7105061986356
0.01798,759.718514336672
0.01799,759.7264728250308
0.018,759.734381970397
0.01801,759.7422420776335
0.01802,759.750053449781
0.01803,759.7578163880585
0.01804,759.7655311918622
0.01805,759.7731981587665
0.01806,759.7808175845237
0.01807,759.7883897630635
0.01808,759.7959149864942
0.01809,759.8033935451012
0.0181,759.8108257273483
0.01811,759.8182118198768
0.01812,759.8255521075059
0.01813,759.8328468734541
0.01814,759.8400963995566
0.01815,759.8473009652703
0.01816,759.854460848366
0.01817,759.8615763249805
0.01818,759.868647669617
0.01819,759.8756751551439
0.0182,759.8826590527962
0.01821,759.8895996321744
0.01822,759.8964971612454
0.01823,759.9033519063419
0.01824,759.9101641321623
0.01825,759.9169341017714
0.01826,759.9236620765996
0.01827,759.9303483164434
0.01828,759.9369930794654
0.01829,759.943596622194
0.0183,759.9501591995236
0.01831,759.9566810648884
0.01832,759.9631624705634
0.01833,759.9696036666453
0.01834,759.9760049016979
0.01835,759.9823664228234
0.01836,759.9886884756623
0.01837,759.9949713043937
0.01838,760.0012151517351
0.01839,760.0074202589424
0.0184,760.0135868658097
0.01841,760.0197152106699
0.01842,760.0258055303941
0.01843,760.031858060392
0.01844,760.0378730346114
0.01845,760.0438506855388
0.01846,760.0497912441992
0.01847,760.0556949401557
0.01848,760.0615620015101
0.01849,760.0673926549157
0.0185,760.0731871261033
0.01851,760.0789456390718
0.01852,760.0846684161909
0.01853,760.0903556785265
0.01854,760.0960076458409
0.01855,760.1016245365922
0.01856,760.107206567935
0.01857,760.1127539557199
0.01858,760.1182669144935
0.01859,760.1237456574986
0.0186,760.1291903966745
0.01861,760.1346013426561
0.01862,760.1399787047749
0.01863,760.1453226910584
0.01864,760.15063350823
0.01865,760.1559113617097
0.01866,760.1611564556133
0.01867,760.1663689927531
0.01868,760.1715491746844
0.01869,760.1766972021976
0.0187,760.1818132743708
0.01871,760.1868975889249
0.01872,760.1919503424206
0.01873,760.196971730259
0.01874,760.2019619466806
0.01875,760.2069211847668
0.01876,760.2118496364384
0.01877,760.2167474924563
0.01878,760.2216149424219
0.01879,760.226452174776
0.0188,760.2312593767998
0.01881,760.2360367346147
0.01882,760.2407844331817
0.01883,760.2455026563023
0.01884,760.2501915866176
0.01885,760.2548514056089
0.01886,760.2594822935978
0.01887,760.2640844297486
0.01888,760.2686579925135
0.01889,760.2732031590411
0.0189,760.2777201050898
0.01891,760.2822090053885
0.01892,760.2866700336376
0.01893,760.2911033625082
0.01894,760.2955091636426
0.01895,760.2998876076535
0.01896,760.3042388641253
0.01897,760.3085631016129
0.01898,760.3128604876424
0.01899,760.3171311887108
0.019,760.3213753702861
0.01901,760.3255931968072
0.01902,760.329784831684
0.01903,760.3339504372975
0.01904,760.3380901749996
0.01905,760.342204205113
0.01906,760.3462926869316
0.01907,760.3503557787825
0.01908,760.3543936384405
0.01909,760.3584064222395
0.0191,760.3623942854614
0.01911,760.3663573824779
0.01912,760.3702958667503
0.01913,760.3742098908301
0.01914,760.3780996063583
0.01915,760.3819651640658
0.01916,760.3858067137735
0.01917,760.3896244043916
0.01918,760.3934183839208
0.01919,760.3971887994511
0.0192,760.4009357971624
0.01921,760.4046595223248
0.01922,760.4083601192975
0.01923,760.4120377315303
0.01924,760.415692501562
0.01925,760.419324571022
0.01926,760.422934080629
0.01927,760.426521170219
0.01928,760.4300859791757
0.01929,760.433628645658
0.0193,760.437149306821
0.01931,760.4406480990168
0.01932,760.4441251577954
0.01933,760.4475806179037
0.01934,760.4510146132864
0.01935,760.4544272770853
0.01936,760.4578187416396
0.01937,760.461189138486
0.01938,760.4645385983587
0.01939,760.4678672511889
0.0194,760.4711752261054
0.01941,760.4744626514344
0.01942,760.4777296546995
0.01943,760.4809763626216
0.01944,760.484202901119
0.01945,760.4874093953075
0.01946,760.4905959695001
0.01947,760.4937627472071
0.01948,760.496909851289
0.01949,760.5000374041117
0.0195,760.503145526823
0.01951,760.5062343398281
0.01952,760.509303962826
0.01953,760.5123545148109
0.01954,760.5153861140708
0.01955,760.5183988781888
0.01956,760.521392924042
0.01957,760.5243683678021
0.01958,760.5273253249355
0.01959,760.530263910203
0.0196,760.5331842376596
0.01961,760.5360864206551
0.01962,760.5389705718336
0.01963,760.5418368031338
0.01964,760.5446852257888
0.01965,760.5475159503263
0.01966,760.5503290865684
0.01967,760.5531247436314
0.01968,760.5559030299268
0.01969,760.5586640532666
0.0197,760.5614079211031
0.01971,760.5641347397853
0.01972,760.5668446149855
0.01973,760.5695376517574
0.01974,760.572213954537
0.01975,760.5748736271419
0.01976,760.5775167727718
0.01977,760.5801434940082
0.01978,760.5827538928145
0.01979,760.5853480705358
0.0198,760.5879261278992
0.01981,760.590488165014
0.01982,760.5930342813708
0.01983,760.5955645758424
0.01984,760.5980791466836
0.01985,760.6005780915308
0.01986,760.6030615074025
0.01987,760.6055294906989
0.01988,760.6079821372023
0.01989,760.6104195420766
0.0199,760.6128417998677
0.01991,760.6152490047818
0.01992,760.61764125042
0.01993,760.6200186294975
0.01994,760.6223812341902
0.01995,760.624729156134
0.01996,760.6270624864251
0.01997,760.62938131562
0.01998,760.6316857337357
0.01999,760.6339758302495
0.02,760.6362516940987
0.02001,760.6385134136813
0.02002,760.6407610768554
0.02003,760.6429947709396
0.02004,760.6452145827125
0.02005,760.6474205984134
0.02006,760.6496129037416
0.02007,760.6517915838571
0.02008,760.6539567233797
0.02009,760.6561084063899
0.0201,760.6582467164285
0.02011,760.6603717364965
0.02012,760.6624835490551
0.02013,760.6645822362133
0.02014,760.6666678796944
0.02015,760.6687405603581
0.02016,760.670800358585
0.02017,760.672847354286
0.02018,760.6748816269024
0.02019,760.6769032554066
0.0202,760.6789123183008
0.02021,760.680908893618
0.02022,760.6828930589219
0.02023,760.6848648913061
0.02024,760.6868244673955
0.02025,760.6887718633446
0.02026,760.6907071548394
0.02027,760.6926304170954
0.02028,760.6945417248594
0.02029,760.6964411524082
0.0203,760.6983287735493
0.02031,760.7002046616207
0.02032,760.7020688894908
0.02033,760.7039215295586
0.02034,760.7057626537535
0.02035,760.7075923335382
0.02036,760.7094106402086
0.02037,760.711217644477
0.02038,760.7130134164162
0.02039,760.7147980256924
0.0204,760.7165715415649
0.02041,760.718334032886
0.02042,760.7200855681009
0.02043,760.7218262152483
0.02044,760.7235560419596
0.02045,760.7252751154596
0.02046,760.7269835025658
0.02047,760.7286812696892
0.02048,760.7303684828338
0.02049,760.7320452075963
0.0205,760.7337115091672
0.02051,760.7353674523293
0.02052,760.7370131014592
0.02053,760.7386485205259
0.02054,760.7402737730921
0.02055,760.7418889223133
0.02056,760.7434940309381
0.02057,760.7450891613081
0.02058,760.7466743753582
0.02059,760.7482497347659
0.0206,760.7498153009632
0.02061,760.7513711346753
0.02062,760.7529172962638
0.02063,760.7544538457394
0.02064,760.7559808427607
0.02065,760.7574983466358
0.02066,760.7590064163211
0.02067,760.7605051104218
0.02068,760.7619944871922
0.02069,760.7634746045345
0.0207,760.7649455200005
0.02071,760.7664072907903
0.02072,760.7678599737526
0.02073,760.7693036253851
0.02074,760.7707383018342
0.02075,760.7721640588948
0.02076,760.7735809520108
0.02077,760.7749890362745
0.02078,760.7763883664273
0.02079,760.7777789968592
0.0208,760.7791609816087
0.02081,760.7805343743634
0.02082,760.7818992284591
0.02083,760.7832555970401
0.02084,760.7846035330143
0.02085,760.7859430886695
0.02086,760.7872743159852
0.02087,760.7885972666386
0.02088,760.7899119920053
0.02089,760.7912185431585
0.0209,760.7925169708697
0.02091,760.7938073256082
0.02092,760.7950896575416
0.02093,760.7963640165351
0.02094,760.7976304521522
0.02095,760.7988890136544
0.02096,760.8001397500011
0.02097,760.8013827098498
0.02098,760.8026179415559
0.02099,760.8038454931728
0.021,760.8050654124523
0.02101,760.8062777468435
0.02102,760.8074825434942
0.02103,760.8086798492498
0.02104,760.8098697106537
0.02105,760.8110521739477
0.02106,760.8122272850711
0.02107,760.8133950896726
0.02108,760.8145556333711
0.02109,760.8157089613093
0.0211,760.8168551182323
0.02111,760.8179941486271
0.02112,760.8191260967219
0.02113,760.8202510064865
0.02114,760.8213689216324
0.02115,760.8224798856122
0.02116,760.8235839416205
0.02117,760.8246811325931
0.02118,760.8257715012073
0.02119,760.8268550898821
0.0212,760.8279319407778
0.02121,760.8290020957963
0.02122,760.8300655965811
0.02123,760.831122484517
0.02124,760.8321728007304
0.02125,760.8332165860893
0.02126,760.8342538812032
0.02127,760.835284726423
0.02128,760.8363091618411
0.02129,760.8373272272914
0.0213,760.8383389623497
0.02131,760.8393444063325
0.02132,760.8403435982988
0.02133,760.8413365772145
0.02134,760.8423233818323
0.02135,760.8433040504348
0.02136,760.8442786210827
0.02137,760.8452471316165
0.02138,760.8462096196563
0.02139,760.8471661226024
0.0214,760.8481166776344
0.02141,760.8490613217119
0.02142,760.8500000915741
0.02143,760.85093302374
0.02144,760.8518601545086
0.02145,760.8527815199582
0.02146,760.8536971559472
0.02147,760.8546070981135
0.02148,760.8555113818753
0.02149,760.8564100424298
0.0215,760.8573031147545
0.02151,760.8581906336063
0.02152,760.8590726335223
0.02153,760.8599491488187
0.02154,760.8608202135922
0.02155,760.8616858617187
0.02156,760.8625461268541
0.02157,760.8634010424341
0.02158,760.8642506416738
0.02159,760.8650949577078
0.0216,760.8659340235204
0.02161,760.8667678716638
0.02162,760.8675965345006
0.02163,760.8684200442065
0.02164,760.86923843277
0.02165,760.8700517319934
0.02166,760.8708599734922
0.02167,760.8716631886947
0.02168,760.872461408843
0.02169,760.8732546649923
0.0217,760.8740429880106
0.02171,760.8748264085798
0.02172,760.8756049571946
0.02173,760.8763786641631
0.02174,760.8771475596068
0.02175,760.8779116734601
0.02176,760.878671035471
0.02177,760.8794256752005
0.02178,760.8801756220231
0.02179,760.8809209051262
0.0218,760.8816615535108
0.02181,760.8823975959909
0.02182,760.8831290611939
0.02183,760.8838559775604
0.02184,760.8845783733443
0.02185,760.8852962766128
0.02186,760.8860097154296
0.02187,760.8867187176266
0.02188,760.8874233107092
0.02189,760.8881235220246
0.0219,760.8888193787626
0.02191,760.8895109079559
0.02192,760.8901981364793
0.02193,760.8908810910499
0.02194,760.8915597982276
0.02195,760.8922342844145
0.02196,760.8929045758555
0.02197,760.8935706986375
0.02198,760.8942326786903
0.02199,760.8948905417858
0.022,760.8955443135385
0.02201,760.8961940194055
0.02202,760.896839684686
0.02203,760.8974813345221
0.02204,760.8981189938982
0.02205,760.8987526876407
0.02206,760.8993824404192
0.02207,760.9000082767454
0.02208,760.9006302209734
0.02209,760.9012482972997
0.0221,760.9018625297637
0.02211,760.9024729422466
0.02212,760.9030795584727
0.02213,760.9036824020322
0.02214,760.9042814965603
0.02215,760.9048768653506
0.02216,760.9054685315024
0.02217,760.9060565179823
0.02218,760.9066408476251
0.02219,760.9072215431333
0.0222,760.9077986270773
0.02221,760.9083721218954
0.02222,760.9089420498931
0.02223,760.9095084332445
0.02224,760.9100712939911
0.02225,760.9106306540424
0.02226,760.9111865351756
0.02227,760.9117389590356
0.02228,760.9122879471354
0.02229,760.9128335208557
0.0223,760.9133757014447
0.02231,760.9139145100191
0.02232,760.9144499675627
0.02233,760.9149820949277
0.02234,760.9155109128337
0.02235,760.9160364418683
0.02236,760.9165587024869
0.02237,760.9170777150126
0.02238,760.9175934996366
0.02239,760.9181060764176
0.0224,760.9186154652823
0.02241,760.9191216860252
0.02242,760.9196247584147
0.02243,760.9201247021473
0.02244,760.9206215366149
0.02245,760.9211152810965
0.02246,760.92160595476
0.02247,760.922093576664
0.02248,760.9225781657561
0.02249,760.923059740874
0.0225,760.9235383207449
0.02251,760.9240139239859
0.02252,760.9244865691037
0.02253,760.924956274495
0.02254,760.9254230584457
0.02255,760.9258869391322
0.02256,760.9263479346198
0.02257,760.926806062864
0.02258,760.9272613417099
0.02259,760.9277137888926
0.0226,760.9281634220365
0.02261,760.9286102586559
0.02262,760.9290543161549
0.02263,760.9294956118273
0.02264,760.9299341628565
0.02265,760.9303699863159
0.02266,760.9308030991683
0.02267,760.9312335182665
0.02268,760.9316612603528
0.02269,760.9320863420595
0.0227,760.9325087799083
0.02271,760.9329285903319
0.02272,760.9333457898222
0.02273,760.9337603946034
0.02274,760.9341724207574
0.02275,760.9345818842739
0.02276,760.9349888010516
0.02277,760.9353931868977
0.02278,760.9357950575278
0.02279,760.9361944285663
0.0228,760.936591315546
0.02281,760.9369857339084
0.02282,760.9373776990033
0.02283,760.9377672260894
0.02284,760.9381543303336
0.02285,760.938539026812
0.02286,760.9389213305086
0.02287,760.9393012563162
0.02288,760.9396788190362
0.02289,760.9400540333786
0.0229,760.9404269139619
0.02291,760.9407974753133
0.02292,760.9411657318683
0.02293,760.9415316979712
0.02294,760.9418953878746
0.02295,760.9422568157403
0.02296,760.9426159956378
0.02297,760.9429729415458
0.02298,760.9433276673512
0.02299,760.94368018685
0.023,760.9440305137459
0.02301,760.944378661652
0.02302,760.9447246441961
0.02303,760.9450684749298
0.02304,760.945410167184
0.02305,760.9457497342132
0.02306,760.946087189197
0.02307,760.9464225452393
0.02308,760.9467558153691
0.02309,760.9470870125397
0.0231,760.9474161496292
0.02311,760.9477432394408
0.02312,760.9480682947016
0.02313,760.9483913280638
0.02314,760.9487123521046
0.02315,760.9490313793252
0.02316,760.949348422152
0.02317,760.9496634929357
0.02318,760.949976603952
0.02319,760.9502877674013
0.0232,760.9505969954082
0.02321,760.9509043000227
0.02322,760.9512096932187
0.02323,760.9515131868955
0.02324,760.9518147928766
0.02325,760.9521145229103
0.02326,760.9524123886696
0.02327,760.9527084017523
0.02328,760.9530025736806
0.02329,760.9532949159017
0.0233,760.9535854397872
0.02331,760.9538741566336
0.02332,760.9541610776619
0.02333,760.9544462140382
0.02334,760.9547295769922
0.02335,760.9550111775418
0.02336,760.9552910266045
0.02337,760.9555691350366
0.02338,760.9558455136329
0.02339,760.9561201731259
0.0234,760.9563931241873
0.02341,760.9566643774266
0.02342,760.9569339433921
0.02343,760.95720183257
0.02344,760.9574680553853
0.02345,760.9577326222013
0.02346,760.9579955433196
0.02347,760.95825682898
0.02348,760.958516489361
0.02349,760.9587745345794
0.0235,760.9590309746903
0.02351,760.9592858196871
0.02352,760.959539079502
0.02353,760.9597907640048
0.02354,760.9600408830045
0.02355,760.9602894462481
0.02356,760.9605364634209
0.02357,760.9607819441467
0.02358,760.9610258979878
0.02359,760.9612683344446
0.0236,760.9615092629562
0.02361,760.9617486928997
0.02362,760.9619866335911
0.02363,760.9622230942841
0.02364,760.9624580841714
0.02365,760.9626916123839
0.02366,760.9629236880522
0.02367,760.9631543203085
0.02368,760.963383518093
0.02369,760.9636112902909
0.0237,760.9638376457378
0.02371,760.964062593219
0.02372,760.9642861414695
0.02373,760.9645082991749
0.02374,760.9647290749701
0.02375,760.9649484774405
0.02376,760.9651665151212
0.02377,760.965383196497
0.02378,760.9655985300033
0.02379,760.9658125240248
0.0238,760.9660251868968
0.02381,760.9662365269039
0.02382,760.9664465522814
0.02383,760.9666552712137
0.02384,760.9668626918359
0.02385,760.9670688222326
0.02386,760.9672736704388
0.02387,760.9674772444389
0.02388,760.9676795521679
0.02389,760.96788060151
0.0239,760.9680804003001
0.02391,760.9682789563227
0.02392,760.9684762773122
0.02393,760.9686723709532
0.02394,760.96886724488
0.02395,760.9690609066771
0.02396,760.9692533638788
0.02397,760.9694446239695
0.02398,760.9696346943833
0.02399,760.9698235825045
0.024,760.9700112957458
0.02401,760.9701978414824
0.02402,760.9703832269403
0.02403,760.9705674593043
0.02404,760.9707505457194
0.02405,760.9709324932899
0.02406,760.9711133090799
0.02407,760.9712930001134
0.02408,760.9714715733737
0.02409,760.9716490358041
0.0241,760.9718253943076
0.02411,760.9720006557467
0.02412,760.9721748269435
0.02413,760.9723479146801
0.02414,760.9725199256981
0.02415,760.9726908666988
0.02416,760.9728607443433
0.02417,760.9730295652522
0.02418,760.9731973360059
0.02419,760.9733640631446
0.0242,760.9735297531678
0.02421,760.9736944125352
0.02422,760.9738580476658
0.02423,760.9740206649385
0.02424,760.9741822706917
0.02425,760.9743428712238
0.02426,760.9745024727926
0.02427,760.9746610816155
0.02428,760.9748187038699
0.02429,760.9749753456929
0.0243,760.9751310131809
0.02431,760.9752857123904
0.02432,760.9754394493373
0.02433,760.9755922299973
0.02434,760.9757440603059
0.02435,760.9758949462081
0.02436,760.9760448936593
0.02437,760.9761939084681
0.02438,760.976341996407
0.02439,760.9764891632162
0.0244,760.9766354146042
0.02441,760.9767807562465
0.02442,760.9769251937871
0.02443,760.9770687328374
0.02444,760.9772113789768
0.02445,760.9773531377522
0.02446,760.9774940146788
0.02447,760.977634015239
0.02448,760.9777731448837
0.02449,760.9779114090309
0.0245,760.9780488130668
0.02451,760.9781853623454
0.02452,760.9783210621883
0.02453,760.9784559178851
0.02454,760.9785899346931
0.02455,760.9787231178374
0.02456,760.9788554725108
0.02457,760.9789870038742
0.02458,760.9791177170559
0.02459,760.9792476171525
0.0246,760.9793767092278
0.02461,760.9795049983139
0.02462,760.9796324894105
0.02463,760.9797591874851
0.02464,760.9798850974729
0.02465,760.9800102242771
0.02466,760.9801345727686
0.02467,760.9802581477861
0.02468,760.9803809541361
0.02469,760.9805029965928
0.0247,760.9806242798985
0.02471,760.9807448087673
0.02472,760.9808645879741
0.02473,760.9809836221959
0.02474,760.9811019160398
0.02475,760.9812194740875
0.02476,760.9813363008954
0.02477,760.9814524009939
0.02478,760.9815677788883
0.02479,760.9816824390585
0.0248,760.9817963859587
0.02481,760.9819096240175
0.02482,760.9820221576382
0.02483,760.9821339911988
0.02484,760.9822451290514
0.02485,760.982355575523
0.02486,760.9824653349149
0.02487,760.9825744115028
0.02488,760.9826828095373
0.02489,760.982790533243
0.0249,760.9828975868196
0.02491,760.9830039744407
0.02492,760.9831097002551
0.02493,760.9832147683854
0.02494,760.9833191829292
0.02495,760.9834229479585
0.02496,760.9835260675197
0.02497,760.9836285456339
0.02498,760.9837303862965
0.02499,760.9838315934776
0.025,760.9839321711216
0.02501,760.9840321231479
0.02502,760.9841314534497
0.02503,760.9842301658953
0.02504,760.9843282643272
0.02505,760.9844257525626
0.02506,760.984522634393
0.02507,760.9846189135847
0.02508,760.9847145938783
0.02509,760.9848096789914
0.0251,760.9849041726968
0.02511,760.9849980786917
0.02512,760.9850914006082
0.02513,760.9851841420588
0.02514,760.9852763066358
0.02515,760.9853678979117
0.02516,760.9854589194391
0.02517,760.9855493747503
0.02518,760.9856392673581
0.02519,760.9857286007548
0.0252,760.985817378413
0.02521,760.9859056037853
0.02522,760.9859932803046
0.02523,760.9860804113832
0.02524,760.9861670004142
0.02525,760.98625305077
0.02526,760.9863385658035
0.02527,760.9864235488474
0.02528,760.9865080032147
0.02529,760.9865919321979
0.0253,760.9866753390703
0.02531,760.9867582270845
0.02532,760.9868405994736
0.02533,760.9869224594503
0.02534,760.9870038102079
0.02535,760.9870846549193
0.02536,760.9871649967374
0.02537,760.9872448387954
0.02538,760.9873241842065
0.02539,760.9874030360636
0.0254,760.9874813974401
0.02541,760.987559271389
0.02542,760.9876366609436
0.02543,760.9877135691171
0.02544,760.9877899989028
0.02545,760.987865953274
0.02546,760.9879414351841
0.02547,760.9880164475663
0.02548,760.9880909933341
0.02549,760.9881650753965
0.0255,760.9882386967088
0.02551,760.9883118601288
0.02552,760.9883845684855
0.02553,760.988456824592
0.02554,760.9885286312465
0.02555,760.988599991231
0.02556,760.9886709073127
0.02557,760.9887413822429
0.02558,760.9888114187575
0.02559,760.9888810195769
0.0256,760.9889501874061
0.02561,760.9890189249346
0.02562,760.9890872348363
0.02563,760.98915511977
0.02564,760.9892225823783
0.02565,760.9892896252891
0.02566,760.9893562511143
0.02567,760.9894224624504
0.02568,760.9894882618787
0.02569,760.9895536519647
0.0257,760.9896186352585
0.02571,760.9896832142948
0.02572,760.9897473915928
0.02573,760.9898111696562
0.02574,760.989874550973
0.02575,760.9899375380161
0.02576,760.9900001332428
0.02577,760.9900623390946
0.02578,760.990124157998
0.02579,760.9901855923638
0.0258,760.990246644587
0.02581,760.9903073170478
0.02582,760.9903676121104
0.02583,760.9904275321235
0.02584,760.9904870794206
0.02585,760.9905462563197
0.02586,760.9906050651231
0.02587,760.9906635081177
0.02588,760.9907215875749
0.02589,760.9907793057507
0.0259,760.9908366648862
0.02591,760.9908936672633
0.02592,760.9909503151265
0.02593,760.9910066106632
0.02594,760.9910625560497
0.02595,760.9911181534497
0.02596,760.9911734050157
0.02597,760.991228312888
0.02598,760.991282879195
0.02599,760.9913371060532
0.026,760.9913909955675
0.02601,760.9914445498308
0.02602,760.9914977709241
0.02603,760.9915506609165
0.02604,760.9916032218654
0.02605,760.991655455816
0.02606,760.9917073648022
0.02607,760.9917589508456
0.02608,760.9918102159559
0.02609,760.991861162131
0.0261,760.9919117913574
0.02611,760.9919621056091
0.02612,760.9920121068486
0.02613,760.9920617970263
0.02614,760.9921111780809
0.02615,760.9921602519393
0.02616,760.9922090205163
0.02617,760.992257485715
0.02618,760.9923056494266
0.02619,760.9923535135306
0.0262,760.9924010798943
0.02621,760.9924483503735
0.02622,760.9924953268118
0.02623,760.992542011041
0.02624,760.9925884048814
0.02625,760.9926345101411
0.02626,760.9926803286163
0.02627,760.9927258620914
0.02628,760.9927711123391
0.02629,760.9928160811202
0.0263,760.9928607701833
0.02631,760.9929051812655
0.02632,760.992949316092
0.02633,760.992993176376
0.02634,760.9930367638428
0.02635,760.9930800802379
0.02636,760.9931231272353
0.02637,760.9931659064969
0.02638,760.9932084196755
0.02639,760.9932506684152
0.0264,760.9932926543509
0.02641,760.9933343791087
0.02642,760.9933758443054
0.02643,760.9934170515494
0.02644,760.9934580024395
0.02645,760.9934986985659
0.02646,760.9935391415097
0.02647,760.9935793328431
0.02648,760.9936192741292
0.02649,760.9936589669222
0.0265,760.9936984127675
0.02651,760.9937376132011
0.02652,760.9937765697506
0.02653,760.9938152839339
0.02654,760.9938537572607
0.02655,760.9938919912312
0.02656,760.9939299873366
0.02657,760.9939677470596
0.02658,760.9940052718736
0.02659,760.9940425632429
0.0266,760.9940796226231
0.02661,760.9941164514605
0.02662,760.9941530511929
0.02663,760.9941894232488
0.02664,760.9942255690477
0.02665,760.9942614900002
0.02666,760.994297187508
0.02667,760.9943326629638
0.02668,760.994367917751
0.02669,760.9944029532447
0.0267,760.9944377708104
0.02671,760.9944723718049
0.02672,760.994506757576
0.02673,760.9945409294625
0.02674,760.9945748887942
0.02675,760.994608636892
0.02676,760.994642175068
0.02677,760.9946755046246
0.02678,760.9947086268562
0.02679,760.9947415430512
0.0268,760.9947742545376
0.02681,760.9948067625947
0.02682,760.9948390684758
0.02683,760.9948711734273
0.02684,760.9949030786892
0.02685,760.9949347854944
0.02686,760.9949662950694
0.02687,760.994997608634
0.02688,760.9950287274013
0.02689,760.9950596525777
0.0269,760.9950903853626
0.02691,760.9951209269492
0.02692,760.9951512785236
0.02693,760.9951814412656
0.02694,760.995211416348
0.02695,760.9952412049367
0.02696,760.9952708081915
0.02697,760.9953002272651
0.02698,760.9953294633037
0.02699,760.9953585174466
0.027,760.9953873908264
0.02701,760.9954160845692
0.02702,760.9954445997945
0.02703,760.9954729376146
0.02704,760.9955010991357
0.02705,760.9955290854568
0.02706,760.9955568976706
0.02707,760.9955845368629
0.02708,760.9956120041128
0.02709,760.9956393004927
0.0271,760.9956664270685
0.02711,760.9956933848991
0.02712,760.995720175037
0.02713,760.9957467985279
0.02714,760.9957732564105
0.02715,760.9957995497174
0.02716,760.9958256794739
0.02717,760.9958516466992
0.02718,760.9958774524051
0.02719,760.9959030975974
0.0272,760.9959285832749
0.02721,760.9959539104295
0.02722,760.9959790800467
0.02723,760.9960040931053
0.02724,760.9960289505772
0.02725,760.9960536534278
0.02726,760.9960782026156
0.02727,760.9961025991039
0.02728,760.9961268438832
0.02729,760.9961509378919
0.0273,760.9961748820582
0.02731,760.996198677305
0.02732,760.9962223245503
0.02733,760.9962458247074
0.02734,760.9962691786847
0.02735,760.9962923873851
0.02736,760.9963154517073
0.02737,760.9963383725449
0.02738,760.9963611507861
0.02739,760.9963837873149
0.0274,760.99640628301
0.02741,760.9964286387449
0.02742,760.9964508553888
0.02743,760.9964729338055
0.02744,760.9964948748543
0.02745,760.9965166793892
0.02746,760.9965383482594
0.02747,760.9965598823092
0.02748,760.996581282378
0.02749,760.9966025493002
0.0275,760.9966236839056
0.02751,760.9966446870185
0.02752,760.9966655594588
0.02753,760.9966863020413
0.02754,760.9967069155758
0.02755,760.9967274008673
0.02756,760.9967477587157
0.02757,760.9967679899164
0.02758,760.9967880952594
0.02759,760.9968080755299
0.0276,760.9968279315085
0.02761,760.9968476639705
0.02762,760.9968672736863
0.02763,760.9968867614218
0.02764,760.9969061279375
0.02765,760.996925373989
0.02766,760.9969445003276
0.02767,760.9969635076989
0.02768,760.9969823968438
0.02769,760.9970011684987
0.0277,760.9970198233947
0.02771,760.997038362258
0.02772,760.9970567858098
0.02773,760.9970750947668
0.02774,760.9970932898403
0.02775,760.9971113717369
0.02776,760.9971293411583
0.02777,760.9971471988048
0.02778,760.9971649454068
0.02779,760.9971825816579
0.0278,760.9972001082359
0.02781,760.9972175258157
0.02782,760.997234835068
0.02783,760.9972520366601
0.02784,760.9972691312561
0.02785,760.9972861195162
0.02786,760.997303002097
0.02787,760.9973197796519
0.02788,760.9973364528305
0.02789,760.9973530222786
0.0279,760.9973694886392
0.02791,760.9973858525508
0.02792,760.9974021146492
0.02793,760.997418275566
0.02794,760.9974343359296
0.02795,760.9974502963648
0.02796,760.9974661574929
0.02797,760.9974819199314
0.02798,760.9974975842945
0.02799,760.9975131511926
0.028,760.9975286212328
0.02801,760.9975439950188
0.02802,760.99755927315
0.02803,760.9975744562231
0.02804,760.9975895448307
0.02805,760.9976045395622
0.02806,760.9976194410032
0.02807,760.9976342497358
0.02808,760.9976489663386
0.02809,760.9976635913866
0.0281,760.9976781254513
0.02811,760.9976925691008
0.02812,760.997706922899
0.02813,760.9977211874073
0.02814,760.9977353631824
0.02815,760.9977494507783
0.02816,760.9977634507452
0.02817,760.9977773636296
0.02818,760.9977911899746
0.02819,760.9978049303196
0.0282,760.9978185852005
0.02821,760.99783215515
0.02822,760.9978456406967
0.02823,760.9978590423658
0.02824,760.9978723606793
0.02825,760.9978855961551
0.02826,760.997898749308
0.02827,760.9979118206489
0.02828,760.9979248106856
0.02829,760.9979377199219
0.0283,760.9979505488614
0.02831,760.997963298033
0.02832,760.9979759679356
0.02833,760.9979885590553
0.02834,760.9980010718759
0.02835,760.9980135068787
0.02836,760.9980258645421
0.02837,760.9980381453425
0.02838,760.9980503497536
0.02839,760.9980624782464
0.0284,760.9980745312896
0.02841,760.9980865093493
0.02842,760.9980984128889
0.02843,760.9981102423698
0.02844,760.9981219982502
0.02845,760.9981336809863
0.02846,760.9981452910316
0.02847,760.9981568288371
0.02848,760.9981682948512
0.02849,760.9981796895199
0.0285,760.9981910132866
0.02851,760.9982022665923
0.02852,760.9982134498754
0.02853,760.9982245635716
0.02854,760.9982356081146
0.02855,760.9982465839348
0.02856,760.9982574914608
0.02857,760.9982683311184
0.02858,760.9982791033308
0.02859,760.9982898085188
0.0286,760.9983004471007
0.02861,760.9983110194922
0.02862,760.9983215261065
0.02863,760.9983319673543
0.02864,760.9983423436437
0.02865,760.9983526553805
0.02866,760.9983629029678
0.02867,760.998373086806
0.02868,760.9983832072936
0.02869,760.998393264826
0.0287,760.9984032597962
0.02871,760.9984131925947
0.02872,760.9984230636097
0.02873,760.9984328732266
0.02874,760.9984426218285
0.02875,760.9984523097958
0.02876,760.9984619375064
0.02877,760.9984715053357
0.02878,760.9984810136568
0.02879,760.9984904628401
0.0288,760.9984998532533
0.02881,760.9985091852618
0.02882,760.9985184592285
0.02883,760.9985276755139
0.02884,760.9985368344754
0.02885,760.9985459364688
0.02886,760.9985549818482
0.02887,760.9985639709902
0.02888,760.9985729042482
0.02889,760.9985817819645
0.0289,760.9985906044793
0.02891,760.9985993721311
0.02892,760.998608085257
0.02893,760.998616744192
0.02894,760.9986253492691
0.02895,760.9986339008203
0.02896,760.9986423991753
0.02897,760.9986508446623
0.02898,760.9986592376074
0.02899,760.9986675783354
0.029,760.9986758671689
0.02901,760.9986841044293
0.02902,760.9986922904359
0.02903,760.9987004255063
0.02904,760.9987085099561
0.02905,760.9987165440997
0.02906,760.9987245282495
0.02907,760.9987324627158
0.02908,760.9987403478076
0.02909,760.9987481838322
0.0291,760.9987559710947
0.02911,760.998763709899
0.02912,760.9987714005467
0.02913,760.9987790433381
0.02914,760.9987866385716
0.02915,760.9987941865436
0.02916,760.9988016875492
0.02917,760.9988091418815
0.02918,760.9988165498318
0.02919,760.9988239116897
0.0292,760.9988312277432
0.02921,760.9988384982784
0.02922,760.9988457235797
0.02923,760.9988529039298
0.02924,760.9988600396094
0.02925,760.9988671308979
0.02926,760.9988741780726
0.02927,760.998881181409
0.02928,760.9988881411812
0.02929,760.9988950576612
0.0293,760.9989019311196
0.02931,760.998908761825
0.02932,760.9989155500441
0.02933,760.9989222960422
0.02934,760.9989290000829
0.02935,760.9989356624276
0.02936,760.9989422833363
0.02937,760.9989488630672
0.02938,760.9989554018767
0.02939,760.9989619000196
0.0294,760.9989683577486
0.02941,760.998974775315
0.02942,760.9989811529681
0.02943,760.9989874909559
0.02944,760.998993789524
0.02945,760.9990000489166
0.02946,760.999006269387
0.02947,760.9990124511934
0.02948,760.9990185945724
0.02949,760.9990246997586
0.0295,760.9990307669858
0.02951,760.9990367964862
0.02952,760.9990427884911
0.02953,760.9990487432306
0.02954,760.9990546609334
0.02955,760.9990605418274
0.02956,760.9990663861389
0.02957,760.9990721940932
0.02958,760.9990779659144
0.02959,760.9990837018254
0.0296,760.9990894020481
0.02961,760.9990950668029
0.02962,760.9991006963093
0.02963,760.9991062907852
0.02964,760.9991118504479
0.02965,760.9991173755132
0.02966,760.9991228661954
0.02967,760.9991283227084
0.02968,760.9991337452641
0.02969,760.9991391340737
0.0297,760.9991444893471
0.02971,760.999149811293
0.02972,760.9991551001189
0.02973,760.9991603560311
0.02974,760.9991655792348
0.02975,760.9991707699339
0.02976,760.9991759283312
0.02977,760.9991810546284
0.02978,760.9991861490257
0.02979,760.9991912117224
0.0298,760.9991962429166
0.02981,760.9992012428052
0.02982,760.9992062115836
0.02983,760.9992111494465
0.02984,760.9992160565871
0.02985,760.9992209331976
0.02986,760.9992257794689
0.02987,760.9992305955907
0.02988,760.9992353817515
0.02989,760.9992401381388
0.0299,760.9992448649386
0.02991,760.9992495623361
0.02992,760.999254230515
0.02993,760.999258869658
0.02994,760.9992634799464
0.02995,760.9992680615607
0.02996,760.9992726146796
0.02997,760.9992771394814
0.02998,760.9992816361424
0.02999,760.9992861048385
0.03,760.9992905457437
0.03001,760.9992949590314
0.03002,760.9992993448734
0.03003,760.9993037034407
0.03004,760.9993080349025
0.03005,760.9993123394275
0.03006,760.9993166171829
0.03007,760.9993208683346
0.03008,760.9993250930476
0.03009,760.9993292914891
0.0301,760.999333463839
0.03011,760.9993376102586
0.03012,760.9993417309062
0.03013,760.9993458259385
0.03014,760.9993498955121
0.03015,760.9993539397823
0.03016,760.9993579589039
0.03017,760.9993619530312
0.03018,760.999365922317
0.03019,760.999369866914
0.0302,760.9993737869736
0.03021,760.9993776826468
0.03022,760.9993815540836
0.03023,760.9993854014334
0.03024,760.9993892248445
0.03025,760.9993930244649
0.03026,760.9993968004412
0.03027,760.9994005529198
0.03028,760.9994042820462
0.03029,760.9994079879646
0.0303,760.999411670819
0.03031,760.9994153307525
0.03032,760.9994189679072
0.03033,760.9994225824248
0.03034,760.9994261744457
0.03035,760.99942974411
0.03036,760.9994332915567
0.03037,760.9994368169241
0.03038,760.9994403203499
0.03039,760.9994438019708
0.0304,760.9994472619227
0.03041,760.9994507003408
0.03042,760.9994541173597
0.03043,760.9994575131129
0.03044,760.9994608877333
0.03045,760.999464241353
0.03046,760.9994675741032
0.03047,760.9994708861145
0.03048,760.9994741775165
0.03049,760.9994774484383
0.0305,760.9994806990079
0.03051,760.9994839293529
0.03052,760.9994871395996
0.03053,760.9994903298741
0.03054,760.9994935003012
0.03055,760.9994966510053
0.03056,760.9994997821099
0.03057,760.9995028937375
0.03058,760.9995059860101
0.03059,760.9995090590488
0.0306,760.9995121129741
0.03061,760.9995151479053
0.03062,760.9995181639614
0.03063,760.9995211612602
0.03064,760.9995241399189
0.03065,760.9995271000541
0.03066,760.9995300417813
0.03067,760.9995329652155
0.03068,760.9995358704707
0.03069,760.99953875766
0.0307,760.9995416268963
0.03071,760.9995444782911
0.03072,760.9995473119553
0.03073,760.9995501279992
0.03074,760.999552926532
0.03075,760.9995557076626
0.03076,760.9995584714985
0.03077,760.9995612181556
0.03078,760.999563947749
0.03079,760.9995666603824
0.0308,760.9995693561584
0.03081,760.9995720351798
0.03082,760.9995746975483
0.03083,760.9995773433653
0.03084,760.9995799727318
0.03085,760.9995825857484
0.03086,760.9995851825147
0.03087,760.9995877631304
0.03088,760.9995903276944
0.03089,760.999592876305
0.0309,760.9995954090601
0.03091,760.9995979260573
0.03092,760.9996004273934
0.03093,760.9996029131648
0.03094,760.9996053834676
0.03095,760.9996078383971
0.03096,760.9996102780481
0.03097,760.9996127025152
0.03098,760.9996151118921
0.03099,760.9996175062726
0.031,760.9996198857492
0.03101,760.9996222504145
0.03102,760.9996246003604
0.03103,760.9996269356784
0.03104,760.9996292564593
0.03105,760.9996315627935
0.03106,760.999633854771
0.03107,760.9996361324811
0.03108,760.9996383960128
0.03109,760.9996406454543
0.0311,760.9996428808937
0.03111,760.9996451024184
0.03112,760.9996473101153
0.03113,760.9996495040707
0.03114,760.9996516843706
0.03115,760.9996538511003
0.03116,760.9996560043448
0.03117,760.9996581441885
0.03118,760.9996602707151
0.03119,760.9996623840083
0.0312,760.9996644841508
0.03121,760.9996665712249
0.03122,760.9996686453127
0.03123,760.9996707064954
0.03124,760.9996727548541
0.03125,760.999674790469
0.03126,760.9996768134201
0.03127,760.9996788237868
0.03128,760.9996808216479
0.03129,760.9996828070817
0.0313,760.9996847801663
0.03131,760.9996867409789
0.03132,760.9996886895965
0.03133,760.9996906260955
0.03134,760.9996925505515
0.03135,760.9996944630402
0.03136,760.9996963636363
0.03137,760.9996982524143
0.03138,760.999700129448
0.03139,760.9997019948107
0.0314,760.9997038485755
0.03141,760.9997056908144
0.03142,760.9997075215996
0.03143,760.9997093410024
0.03144,760.9997111490935
0.03145,760.9997129459434
0.03146,760.9997147316219
0.03147,760.9997165061985
0.03148,760.999718269742
0.03149,760.9997200223224
0.0315,760.9997217640182
0.03151,760.999723494897
0.03152,760.999725215024
0.03153,760.9997269244642
0.03154,760.9997286232824
0.03155,760.9997303115429
0.03156,760.9997319893097
0.03157,760.9997336566466
0.03158,760.9997353136171
0.03159,760.9997369602843
0.0316,760.999738596711
0.03161,760.9997402229598
0.03162,760.9997418390927
0.03163,760.9997434451718
0.03164,760.9997450412586
0.03165,760.9997466274144
0.03166,760.9997482037002
0.03167,760.9997497701765
0.03168,760.999751326904
0.03169,760.9997528739423
0.0317,760.9997544113513
0.03171,760.9997559391905
0.03172,760.999757457519
0.03173,760.9997589663953
0.03174,760.9997604658784
0.03175,760.9997619560261
0.03176,760.9997634368963
0.03177,760.9997649085466
0.03178,760.9997663710343
0.03179,760.9997678244163
0.0318,760.9997692687492
0.03181,760.9997707040894
0.03182,760.9997721304928
0.03183,760.9997735480151
0.03184,760.9997749567118
0.03185,760.9997763566379
0.03186,760.9997777478482
0.03187,760.999779130397
0.03188,760.9997805043387
0.03189,760.9997818697269
0.0319,760.9997832266152
0.03191,760.999784575057
0.03192,760.999785915105
0.03193,760.9997872468118
0.03194,760.9997885702298
0.03195,760.9997898854109
0.03196,760.9997911924069
0.03197,760.9997924912689
0.03198,760.9997937820481
0.03199,760.9997950647952
0.032,760.9997963395607
0.03201,760.9997976063947
0.03202,760.999798865347
0.03203,760.999800116467
0.03204,760.9998013598039
0.03205,760.9998025954067
0.03206,760.999803823324
0.03207,760.9998050436038
0.03208,760.9998062562943
0.03209,760.9998074614431
0.0321,760.9998086590973
0.03211,760.9998098493043
0.03212,760.9998110321105
0.03213,760.9998122075624
0.03214,760.9998133757061
0.03215,760.9998145365873
0.03216,760.9998156902517
0.03217,760.9998168367441
0.03218,760.9998179761096
0.03219,760.9998191083928
0.0322,760.9998202336377
0.03221,760.9998213518883
0.03222,760.9998224631883
0.03223,760.999823567581
0.03224,760.9998246651091
0.03225,760.9998257558157
0.03226,760.9998268397428
0.03227,760.9998279169341
0.03228,760.9998289874387
0.03229,760.9998300512984
0.0323,760.999831108553
0.03231,760.9998321592424
0.03232,760.9998332034057
0.03233,760.9998342410825
0.03234,760.9998352723119
0.03235,760.9998362971327
0.03236,760.9998373155838
0.03237,760.9998383277039
0.03238,760.9998393335312
0.03239,760.999840333104
0.0324,760.9998413264602
0.03241,760.9998423136378
0.03242,760.9998432946745
0.03243,760.9998442696077
0.03244,760.9998452384747
0.03245,760.9998462013125
0.03246,760.9998471581582
0.03247,760.9998481090486
0.03248,760.9998490540199
0.03249,760.9998499931089
0.0325,760.9998509263515
0.03251,760.9998518537839
0.03252,760.9998527754417
0.03253,760.9998536913607
0.03254,760.9998546015763
0.03255,760.9998555061238
0.03256,760.9998564050384
0.03257,760.9998572983548
0.03258,760.9998581861078
0.03259,760.9998590683318
0.0326,760.9998599450614
0.03261,760.9998608163306
0.03262,760.9998616821734
0.03263,760.9998625426236
0.03264,760.999863397715
0.03265,760.9998642474807
0.03266,760.9998650919541
0.03267,760.9998659311683
0.03268,760.9998667651562
0.03269,760.9998675939504
0.0327,760.9998684175835
0.03271,760.9998692360876
0.03272,760.9998700494951
0.03273,760.9998708578379
0.03274,760.9998716611477
0.03275,760.9998724594561
0.03276,760.9998732527946
0.03277,760.9998740411943
0.03278,760.9998748246863
0.03279,760.9998756033015
0.0328,760.9998763770703
0.03281,760.9998771460236
0.03282,760.9998779101913
0.03283,760.9998786696038
0.03284,760.9998794242911
0.03285,760.9998801742826
0.03286,760.999880919608
0.03287,760.9998816602968
0.03288,760.999882396378
0.03289,760.9998831278808
0.0329,760.999883854834
0.03291,760.9998845772661
0.03292,760.9998852952058
0.03293,760.9998860086811
0.03294,760.9998867177203
0.03295,760.9998874223512
0.03296,760.9998881226015
0.03297,760.9998888184988
0.03298,760.9998895100705
0.03299,760.9998901973436
0.033,760.9998908803452
0.03301,760.9998915591023
0.03302,760.999892233641
0.03303,760.9998929039882
0.03304,760.9998935701701
0.03305,760.9998942322126
0.03306,760.9998948901415
0.03307,760.9998955439828
0.03308,760.9998961937617
0.03309,760.9998968395039
0.0331,760.9998974812341
0.03311,760.9998981189776
0.03312,760.9998987527636
0.03313,760.9998993826188
0.03314,760.9999000085668
0.03315,760.9999006306307
0.03316,760.9999012488338
0.03317,760.9999018631992
0.03318,760.9999024737498
0.03319,760.9999030805085
0.0332,760.999903683498
0.03321,760.999904282741
0.03322,760.9999048782599
0.03323,760.9999054700775
0.03324,760.9999060582159
0.03325,760.9999066426973
0.03326,760.9999072235439
0.03327,760.9999078007777
0.03328,760.9999083744207
0.03329,760.9999089444947
0.0333,760.9999095110213
0.03331,760.9999100740222
0.03332,760.999910633519
0.03333,760.9999111895329
0.03334,760.9999117420854
0.03335,760.9999122911976
0.03336,760.9999128368905
0.03337,760.9999133791853
0.03338,760.9999139181026
0.03339,760.9999144536635
0.0334,760.9999149858884
0.03341,760.9999155147981
0.03342,760.9999160404128
0.03343,760.9999165627531
0.03344,760.9999170818392
0.03345,760.9999175976911
0.03346,760.9999181103291
0.03347,760.9999186197729
0.03348,760.9999191260425
0.03349,760.9999196291576
0.0335,760.9999201291378
0.03351,760.9999206260026
0.03352,760.9999211197714
0.03353,760.9999216104637
0.03354,760.9999220980986
0.03355,760.9999225826953
0.03356,760.9999230642725
0.03357,760.9999235428494
0.03358,760.9999240184447
0.03359,760.9999244910772
0.0336,760.9999249607653
0.03361,760.9999254275276
0.03362,760.9999258913824
0.03363,760.9999263523481
0.03364,760.9999268104428
0.03365,760.9999272656846
0.03366,760.9999277180914
0.03367,760.9999281676811
0.03368,760.9999286144715
0.03369,760.9999290584801
0.0337,760.9999294997247
0.03371,760.9999299382224
0.03372,760.9999303739908
0.03373,760.9999308070471
0.03374,760.9999312374083
0.03375,760.9999316650916
0.03376,760.9999320901138
0.03377,760.9999325124918
0.03378,760.9999329322422
0.03379,760.9999333493816
0.0338,760.9999337639267
0.03381,760.9999341758938
0.03382,760.9999345852991
0.03383,760.999934992159
0.03384,760.9999353964893
0.03385,760.9999357983061
0.03386,760.9999361976254
0.03387,760.9999365944628
0.03388,760.9999369888342
0.03389,760.9999373807549
0.0339,760.9999377702405
0.03391,760.9999381573064
0.03392,760.9999385419677
0.03393,760.9999389242397
0.03394,760.9999393041373
0.03395,760.9999396816756
0.03396,760.9999400568694
0.03397,760.9999404297333
0.03398,760.999940800282
0.03399,760.9999411685302
0.034,760.999941534492
0.03401,760.999941898182
0.03402,760.9999422596142
0.03403,760.9999426188031
0.03404,760.999942975766
0.03405,760.9999433305175
0.03406,760.9999436830707
0.03407,760.9999440334384
0.03408,760.9999443816337
0.03409,760.9999447276693
0.0341,760.9999450715582
0.03411,760.9999454133128
0.03412,760.9999457529461
0.03413,760.9999460904706
0.03414,760.9999464258989
0.03415,760.9999467592435
0.03416,760.9999470905168
0.03417,760.9999474197313
0.03418,760.9999477468994
0.03419,760.9999480720331
0.0342,760.999948395145
0.03421,760.9999487162472
0.03422,760.9999490353516
0.03423,760.9999493524706
0.03424,760.999949667616
0.03425,760.9999499807998
0.03426,760.9999502920339
0.03427,760.9999506013302
0.03428,760.9999509087004
0.03429,760.9999512141563
0.0343,760.9999515177096
0.03431,760.999951819372
0.03432,760.9999521191548
0.03433,760.9999524170698
0.03434,760.9999527131283
0.03435,760.9999530073418
0.03436,760.9999532997215
0.03437,760.9999535902789
0.03438,760.999953879025
0.03439,760.9999541659712
0.0344,760.9999544511285
0.03441,760.999954734508
0.03442,760.9999550161207
0.03443,760.9999552959775
0.03444,760.9999555740894
0.03445,760.9999558504672
0.03446,760.9999561251218
0.03447,760.9999563980638
0.03448,760.9999566693039
0.03449,760.9999569388527
0.0345,760.9999572067208
0.03451,760.9999574729187
0.03452,760.999957737457
0.03453,760.9999580003457
0.03454,760.9999582615956
0.03455,760.9999585212167
0.03456,760.9999587792195
0.03457,760.9999590356139
0.03458,760.9999592904101
0.03459,760.9999595436182
0.0346,760.9999597952482
0.03461,760.9999600453101
0.03462,760.9999602938136
0.03463,760.9999605407688
0.03464,760.9999607861855
0.03465,760.9999610300731
0.03466,760.9999612724416
0.03467,760.9999615133005
0.03468,760.9999617526594
0.03469,760.9999619905277
0.0347,760.9999622269149
0.03471,760.9999624618305
0.03472,760.9999626952837
0.03473,760.999962927284
0.03474,760.9999631578403
0.03475,760.9999633869619
0.03476,760.9999636146581
0.03477,760.9999638409378
0.03478,760.99996406581
0.03479,760.9999642892838
0.0348,760.9999645113678
0.03481,760.999964732071
0.03482,760.9999649514024
0.03483,760.9999651693704
0.03484,760.9999653859837
0.03485,760.9999656012512
0.03486,760.9999658151812
0.03487,760.9999660277822
0.03488,760.9999662390628
0.03489,760.9999664490313
0.0349,760.9999666576961
0.03491,760.9999668650653
0.03492,760.9999670711474
0.03493,760.9999672759503
0.03494,760.9999674794824
0.03495,760.9999676817515
0.03496,760.9999678827656
0.03497,760.999968082533
0.03498,760.9999682810611
0.03499,760.9999684783581
0.035,760.9999686744317
0.03501,760.9999688692894
0.03502,760.9999690629392
0.03503,760.9999692553885
0.03504,760.999969446646
0.03505,760.9999696367207
0.03506,760.9999698256199
0.03507,760.9999700133503
0.03508,760.9999701999186
0.03509,760.9999703853317
0.0351,760.9999705695963
0.03511,760.999970752719
0.03512,760.9999709347067
0.03513,760.9999711155658
0.03514,760.9999712953032
0.03515,760.9999714739254
0.03516,760.9999716514388
0.03517,760.9999718278502
0.03518,760.9999720031661
0.03519,760.9999721773929
0.0352,760.9999723505371
0.03521,760.999972522605
0.03522,760.9999726936032
0.03523,760.9999728635381
0.03524,760.9999730324159
0.03525,760.9999732002431
0.03526,760.9999733670257
0.03527,760.9999735327704
0.03528,760.999973697483
0.03529,760.99997386117
0.0353,760.9999740238375
0.03531,760.9999741854917
0.03532,760.9999743461386
0.03533,760.9999745057846
0.03534,760.9999746644354
0.03535,760.9999748220973
0.03536,760.9999749787763
0.03537,760.9999751344783
0.03538,760.9999752892093
0.03539,760.9999754429753
0.0354,760.999975595782
0.03541,760.9999757476355
0.03542,760.9999758985417
0.03543,760.9999760485063
0.03544,760.9999761975349
0.03545,760.9999763456337
0.03546,760.9999764928082
0.03547,760.999976639064
0.03548,760.9999767844071
0.03549,760.9999769288429
0.0355,760.9999770723771
0.03551,760.9999772150154
0.03552,760.9999773567632
0.03553,760.9999774976262
0.03554,760.99997763761
0.03555,760.9999777767198
0.03556,760.9999779149612
0.03557,760.9999780523397
0.03558,760.9999781888607
0.03559,760.9999783245295
0.0356,760.9999784593515
0.03561,760.9999785933321
0.03562,760.9999787264765
0.03563,760.99997885879
0.03564,760.9999789902778
0.03565,760.9999791209451
0.03566,760.9999792507973
0.03567,760.9999793798393
0.03568,760.9999795080763
0.03569,760.9999796355136
0.0357,760.9999797621559
0.03571,760.9999798880086
0.03572,760.9999800130765
0.03573,760.9999801373647
0.03574,760.9999802608781
0.03575,760.9999803836217
0.03576,760.9999805056004
0.03577,760.999980626819
0.03578,760.9999807472825
0.03579,760.9999808669957
0.0358,760.9999809859631
0.03581,760.9999811041899
0.03582,760.9999812216806
0.03583,760.99998133844
0.03584,760.9999814544726
0.03585,760.9999815697834
0.03586,760.9999816843767
0.03587,760.9999817982573
0.03588,760.9999819114297
0.03589,760.9999820238985
0.0359,760.9999821356681
0.03591,760.9999822467432
0.03592,760.999982357128
0.03593,760.9999824668272
0.03594,760.999982575845
0.03595,760.999982684186
0.03596,760.9999827918543
0.03597,760.9999828988543
0.03598,760.9999830051905
0.03599,760.9999831108669
0.036,760.9999832158879
0.03601,760.9999833202577
0.03602,760.9999834239803
0.03603,760.9999835270602
0.03604,760.9999836295012
0.03605,760.9999837313077
0.03606,760.9999838324835
0.03607,760.9999839330328
0.03608,760.9999840329596
0.03609,760.9999841322679
0.0361,760.9999842309616
0.03611,760.9999843290447
0.03612,760.999984426521
0.03613,760.9999845233946
0.03614,760.999984619669
0.03615,760.9999847153493
0.03616,760.9999848104397
0.03617,760.9999849049434
0.03618,760.999984998864
0.03619,760.9999850922045
0.0362,760.9999851849685
0.03621,760.9999852771592
0.03622,760.9999853687798
0.03623,760.9999854598337
0.03624,760.9999855503241
0.03625,760.9999856402543
0.03626,760.9999857296274
0.03627,760.9999858184468
0.03628,760.9999859067156
0.03629,760.999985994437
0.0363,760.9999860816142
0.03631,760.9999861682504
0.03632,760.9999862543486
0.03633,760.9999863399123
0.03634,760.9999864249444
0.03635,760.9999865094479
0.03636,760.9999865934261
0.03637,760.9999866768821
0.03638,760.999986759819
0.03639,760.9999868422397
0.0364,760.9999869241473
0.03641,760.9999870055449
0.03642,760.9999870864356
0.03643,760.9999871668224
0.03644,760.9999872467082
0.03645,760.9999873260961
0.03646,760.9999874049889
0.03647,760.9999874833899
0.03648,760.9999875613017
0.03649,760.9999876387275
0.0365,760.9999877156702
0.03651,760.9999877921325
0.03652,760.9999878681176
0.03653,760.9999879436282
0.03654,760.9999880186672
0.03655,760.9999880932376
0.03656,760.999988167342
0.03657,760.9999882409836
0.03658,760.9999883141649
0.03659,760.9999883868888
0.0366,760.9999884591583
0.03661,760.999988530976
0.03662,760.9999886023447
0.03663,760.9999886732672
0.03664,760.9999887437463
0.03665,760.9999888137846
0.03666,760.999988883385
0.03667,760.99998895255
0.03668,760.9999890212825
0.03669,760.9999890895851
0.0367,760.9999891574606
0.03671,760.9999892249115
0.03672,760.9999892919406
0.03673,760.9999893585502
0.03674,760.9999894247435
0.03675,760.9999894905226
0.03676,760.9999895558904
0.03677,760.9999896208493
0.03678,760.999989685402
0.03679,760.999989749551
0.0368,760.999989813299
0.03681,760.9999898766483
0.03682,760.9999899396016
0.03683,760.9999900021613
0.03684,760.99999006433
0.03685,760.9999901261101
0.03686,760.9999901875042
0.03687,760.9999902485146
0.03688,760.9999903091439
0.03689,760.9999903693944
0.0369,760.9999904292686
0.03691,760.999990488769
0.03692,760.9999905478977
0.03693,760.9999906066574
0.03694,760.9999906650504
0.03695,760.999990723079
0.03696,760.9999907807455
0.03697,760.9999908380524
0.03698,760.9999908950019
0.03699,760.9999909515963
0.037,760.9999910078379
0.03701,760.9999910637291
0.03702,760.9999911192721
0.03703,760.9999911744691
0.03704,760.9999912293224
0.03705,760.9999912838342
0.03706,760.9999913380069
0.03707,760.9999913918424
0.03708,760.9999914453431
0.03709,760.9999914985111
0.0371,760.9999915513487
0.03711,760.9999916038579
0.03712,760.999991656041
0.03713,760.9999917079
0.03714,760.999991759437
0.03715,760.9999918106543
0.03716,760.9999918615537
0.03717,760.9999919121375
0.03718,760.9999919624078
0.03719,760.9999920123665
0.0372,760.9999920620157
0.03721,760.9999921113575
0.03722,760.9999921603938
0.03723,760.9999922091268
0.03724,760.9999922575583
0.03725,760.9999923056904
0.03726,760.9999923535249
0.03727,760.9999924010639
0.03728,760.9999924483094
0.03729,760.9999924952631
0.0373,760.9999925419271
0.03731,760.9999925883034
0.03732,760.9999926343936
0.03733,760.9999926801997
0.03734,760.9999927257237
0.03735,760.9999927709673
0.03736,760.9999928159325
0.03737,760.9999928606209
0.03738,760.9999929050347
0.03739,760.999992949176
0.0374,760.9999929930464
0.03741,760.9999930366471
0.03742,760.9999930799798
0.03743,760.9999931230461
0.03744,760.9999931658472
0.03745,760.9999932083847
0.03746,760.9999932506602
0.03747,760.999993292675
0.03748,760.9999933344304
0.03749,760.9999933759283
0.0375,760.9999934171698
0.03751,760.9999934581564
0.03752,760.9999934988896
0.03753,760.9999935393707
0.03754,760.9999935796014
0.03755,760.9999936195829
0.03756,760.9999936593166
0.03757,760.9999936988041
0.03758,760.9999937380467
0.03759,760.9999937770457
0.0376,760.9999938158026
0.03761,760.9999938543189
0.03762,760.9999938925957
0.03763,760.9999939306346
0.03764,760.9999939684369
0.03765,760.999994006004
0.03766,760.9999940433374
0.03767,760.9999940804382
0.03768,760.9999941173079
0.03769,760.9999941539478
0.0377,760.9999941903593
0.03771,760.9999942265437
0.03772,760.9999942625024
0.03773,760.9999942982365
0.03774,760.9999943337477
0.03775,760.999994369037
0.03776,760.9999944041059
0.03777,760.9999944389556
0.03778,760.9999944735874
0.03779,760.9999945080027
0.0378,760.9999945422028
0.03781,760.9999945761888
0.03782,760.9999946099622
0.03783,760.9999946435241
0.03784,760.999994676876
0.03785,760.9999947100189
0.03786,760.9999947429543
0.03787,760.9999947756833
0.03788,760.9999948082071
0.03789,760.9999948405272
0.0379,760.9999948726446
0.03791,760.9999949045606
0.03792,760.9999949362765
0.03793,760.9999949677936
0.03794,760.9999949991128
0.03795,760.9999950302356
0.03796,760.9999950611632
0.03797,760.9999950918967
0.03798,760.9999951224373
0.03799,760.9999951527864
0.038,760.9999951829449
0.03801,760.9999952129141
0.03802,760.9999952426951
0.03803,760.9999952722894
0.03804,760.9999953016978
0.03805,760.9999953309217
0.03806,760.9999953599621
0.03807,760.9999953888203
0.03808,760.9999954174972
0.03809,760.9999954459943
0.0381,760.9999954743124
0.03811,760.9999955024529
0.03812,760.9999955304168
0.03813,760.9999955582051
0.03814,760.9999955858192
0.03815,760.9999956132601
0.03816,760.9999956405288
0.03817,760.9999956676265
0.03818,760.9999956945544
0.03819,760.9999957213133
0.0382,760.9999957479047
0.03821,760.9999957743292
0.03822,760.9999958005883
0.03823,760.9999958266828
0.03824,760.9999958526139
0.03825,760.9999958783826
0.03826,760.99999590399
0.03827,760.9999959294372
0.03828,760.9999959547251
0.03829,760.9999959798549
0.0383,760.9999960048275
0.03831,760.9999960296441
0.03832,760.9999960543055
0.03833,760.999996078813
0.03834,760.9999961031673
0.03835,760.9999961273696
0.03836,760.9999961514209
0.03837,760.9999961753222
0.03838,760.9999961990744
0.03839,760.9999962226786
0.0384,760.9999962461358
0.03841,760.9999962694468
0.03842,760.9999962926128
0.03843,760.9999963156347
0.03844,760.9999963385134
0.03845,760.9999963612498
0.03846,760.9999963838451
0.03847,760.9999964063
0.03848,760.9999964286156
0.03849,760.9999964507928
0.0385,760.9999964728324
0.03851,760.9999964947356
0.03852,760.9999965165031
0.03853,760.9999965381359
0.03854,760.999996559635
0.03855,760.999996581001
0.03856,760.9999966022351
0.03857,760.9999966233381
0.03858,760.999996644311
0.03859,760.9999966651545
0.0386,760.9999966858696
0.03861,760.9999967064572
0.03862,760.999996726918
0.03863,760.999996747253
0.03864,760.9999967674631
0.03865,760.9999967875492
0.03866,760.9999968075119
0.03867,760.9999968273523
0.03868,760.9999968470712
0.03869,760.9999968666693
0.0387,760.9999968861475
0.03871,760.9999969055067
0.03872,760.9999969247476
0.03873,760.9999969438711
0.03874,760.9999969628781
0.03875,760.9999969817692
0.03876,760.9999970005452
0.03877,760.9999970192071
0.03878,760.9999970377554
0.03879,760.9999970561906
0.0388,760.9999970745134
0.03881,760.9999970927244
0.03882,760.9999971108241
0.03883,760.9999971288132
0.03884,760.9999971466922
0.03885,760.9999971644617
0.03886,760.9999971821223
0.03887,760.9999971996747
0.03888,760.9999972171192
0.03889,760.9999972344566
0.0389,760.9999972516874
0.03891,760.9999972688122
0.03892,760.9999972858316
0.03893,760.9999973027461
0.03894,760.9999973195563
0.03895,760.9999973362628
0.03896,760.9999973528661
0.03897,760.9999973693668
0.03898,760.9999973857656
0.03899,760.9999974020628
0.039,760.9999974182591
0.03901,760.999997434355
0.03902,760.9999974503512
0.03903,760.9999974662481
0.03904,760.9999974820463
0.03905,760.9999974977463
0.03906,760.9999975133488
0.03907,760.9999975288542
0.03908,760.9999975442631
0.03909,760.9999975595762
0.0391,760.9999975747936
0.03911,760.9999975899163
0.03912,760.9999976049446
0.03913,760.9999976198791
0.03914,760.9999976347203
0.03915,760.9999976494688
0.03916,760.9999976641251
0.03917,760.9999976786897
0.03918,760.9999976931632
0.03919,760.999997707546
0.0392,760.9999977218388
0.03921,760.9999977360419
0.03922,760.999997750156
0.03923,760.9999977641816
0.03924,760.999997778119
0.03925,760.999997791969
0.03926,760.999997805732
0.03927,760.9999978194086
0.03928,760.9999978329992
0.03929,760.9999978465042
0.0393,760.9999978599244
0.03931,760.9999978732601
0.03932,760.9999978865119
0.03933,760.9999978996801
0.03934,760.9999979127655
0.03935,760.9999979257684
0.03936,760.9999979386893
0.03937,760.9999979515287
0.03938,760.9999979642872
0.03939,760.9999979769652
0.0394,760.9999979895633
0.03941,760.9999980020818
0.03942,760.9999980145213
0.03943,760.9999980268823
0.03944,760.9999980391652
0.03945,760.9999980513705
0.03946,760.9999980634988
0.03947,760.9999980755504
0.03948,760.9999980875259
0.03949,760.9999980994257
0.0395,760.9999981112503
0.03951,760.9999981230002
0.03952,760.9999981346758
0.03953,760.9999981462777
0.03954,760.9999981578062
0.03955,760.9999981692619
0.03956,760.999998180645
0.03957,760.9999981919563
0.03958,760.9999982031961
0.03959,760.9999982143648
0.0396,760.999998225463
0.03961,760.999998236491
0.03962,760.9999982474494
0.03963,760.9999982583385
0.03964,760.9999982691588
0.03965,760.9999982799109
0.03966,760.9999982905949
0.03967,760.9999983012116
0.03968,760.9999983117613
0.03969,760.9999983222443
0.0397,760.9999983326612
0.03971,760.9999983430124
0.03972,760.9999983532983
0.03973,760.9999983635195
0.03974,760.9999983736761
0.03975,760.9999983837688
0.03976,760.9999983937979
0.03977,760.9999984037639
0.03978,760.9999984136672
0.03979,760.9999984235081
0.0398,760.9999984332873
0.03981,760.999998443005
0.03982,760.9999984526615
0.03983,760.9999984622575
0.03984,760.9999984717932
0.03985,760.9999984812692
0.03986,760.9999984906858
0.03987,760.9999985000434
0.03988,760.9999985093423
0.03989,760.9999985185831
0.0399,760.999998527766
0.03991,760.9999985368917
0.03992,760.9999985459604
0.03993,760.9999985549723
0.03994,760.9999985639282
0.03995,760.9999985728282
0.03996,760.9999985816728
0.03997,760.9999985904624
0.03998,760.9999985991973
0.03999,760.9999986078781
0.04,760.9999986165049
0.04001,760.9999986250782
0.04002,760.9999986335984
0.04003,760.9999986420659
0.04004,760.9999986504811
0.04005,760.9999986588442
0.04006,760.9999986671558
0.04007,760.999998675416
0.04008,760.9999986836256
0.04009,760.9999986917845
0.0401,760.9999986998934
0.04011,760.9999987079524
0.04012,760.999998715962
0.04013,760.9999987239227
0.04014,760.9999987318346
0.04015,760.9999987396982
0.04016,760.9999987475138
0.04017,760.9999987552818
0.04018,760.9999987630025
0.04019,760.9999987706764
0.0402,760.9999987783036
0.04021,760.9999987858847
0.04022,760.9999987934199
0.04023,760.9999988009095
0.04024,760.9999988083539
0.04025,760.9999988157535
0.04026,760.9999988231085
0.04027,760.9999988304195
0.04028,760.9999988376866
0.04029,760.99999884491
0.0403,760.9999988520905
0.04031,760.999998859228
0.04032,760.9999988663229
0.04033,760.9999988733757
0.04034,760.9999988803862
0.04035,760.9999988873546
0.04036,760.9999988942814
0.04037,760.9999989011665
0.04038,760.9999989080101
0.04039,760.9999989148125
0.0404,760.9999989215739
0.04041,760.9999989282945
0.04042,760.9999989349745
0.04043,760.9999989416141
0.04044,760.9999989482135
0.04045,760.9999989547728
0.04046,760.9999989612924
0.04047,760.9999989677722
0.04048,760.9999989742128
0.04049,760.999998980614
0.0405,760.9999989869762
0.04051,760.9999989932996
0.04052,760.9999989995844
0.04053,760.9999990058307
0.04054,760.9999990120388
0.04055,760.9999990182088
0.04056,760.9999990243409
0.04057,760.9999990304353
0.04058,760.9999990364923
0.04059,760.9999990425121
0.0406,760.9999990484947
0.04061,760.9999990544404
0.04062,760.9999990603494
0.04063,760.9999990662219
0.04064,760.9999990720581
0.04065,760.9999990778581
0.04066,760.9999990836222
0.04067,760.9999990893505
0.04068,760.9999990950432
0.04069,760.9999991007006
0.0407,760.9999991063228
0.04071,760.9999991119098
0.04072,760.9999991174622
0.04073,760.9999991229798
0.04074,760.9999991284631
0.04075,760.999999133912
0.04076,760.9999991393269
0.04077,760.9999991447078
0.04078,760.999999150055
0.04079,760.9999991553688
0.0408,760.9999991606492
0.04081,760.9999991658963
0.04082,760.9999991711105
0.04083,760.9999991762919
0.04084,760.9999991814407
0.04085,760.999999186557
0.04086,760.9999991916411
0.04087,760.9999991966931
0.04088,760.9999992017132
0.04089,760.9999992067015
0.0409,760.9999992116584
0.04091,760.9999992165838
0.04092,760.9999992214781
0.04093,760.9999992263413
0.04094,760.9999992311738
0.04095,760.9999992359755
0.04096,760.9999992407468
0.04097,760.9999992454877
0.04098,760.9999992501985
0.04099,760.9999992548794
0.041,760.9999992595305
0.04101,760.9999992641519
0.04102,760.999999268744
0.04103,760.9999992733067
0.04104,760.9999992778404
0.04105,760.9999992823451
0.04106,760.9999992868211
0.04107,760.9999992912685
0.04108,760.9999992956875
0.04109,760.9999993000782
0.0411,760.999999304441
0.04111,760.9999993087757
0.04112,760.9999993130828
0.04113,760.9999993173623
0.04114,760.9999993216144
0.04115,760.9999993258392
0.04116,760.9999993300371
0.04117,760.9999993342079
0.04118,760.9999993383522
0.04119,760.9999993424698
0.0412,760.999999346561
0.04121,760.999999350626
0.04122,760.9999993546649
0.04123,760.9999993586779
0.04124,760.9999993626651
0.04125,760.9999993666269
0.04126,760.9999993705632
0.04127,760.9999993744741
0.04128,760.99999937836
0.04129,760.9999993822211
0.0413,760.9999993860572
0.04131,760.9999993898689
0.04132,760.999999393656
0.04133,760.9999993974188
0.04134,760.9999994011575
0.04135,760.9999994048724
0.04136,760.9999994085633
0.04137,760.9999994122305
0.04138,760.9999994158743
0.04139,760.9999994194948
0.0414,760.999999423092
0.04141,760.9999994266662
0.04142,760.9999994302175
0.04143,760.9999994337461
0.04144,760.9999994372522
0.04145,760.9999994407358
0.04146,760.9999994441972
0.04147,760.9999994476365
0.04148,760.9999994510537
0.04149,760.9999994544493
0.0415,760.999999457823
0.04151,760.9999994611754
0.04152,760.9999994645065
0.04153,760.9999994678162
0.04154,760.999999471105
0.04155,760.9999994743728
0.04156,760.9999994776199
0.04157,760.9999994808464
0.04158,760.9999994840525
0.04159,760.9999994872383
0.0416,760.9999994904039
0.04161,760.9999994935494
0.04162,760.9999994966751
0.04163,760.9999994997811
0.04164,760.9999995028676
0.04165,760.9999995059345
0.04166,760.9999995089822
0.04167,760.9999995120108
0.04168,760.9999995150205
0.04169,760.9999995180111
0.0417,760.9999995209832
0.04171,760.9999995239367
0.04172,760.9999995268716
0.04173,760.9999995297884
0.04174,760.9999995326871
0.04175,760.9999995355677
0.04176,760.9999995384304
0.04177,760.9999995412755
0.04178,760.9999995441029
0.04179,760.9999995469129
0.0418,760.9999995497056
0.04181,760.9999995524812
0.04182,760.9999995552398
0.04183,760.9999995579814
0.04184,760.9999995607063
0.04185,760.9999995634146
0.04186,760.9999995661063
0.04187,760.9999995687818
0.04188,760.9999995714411
0.04189,760.9999995740842
0.0419,760.9999995767114
0.04191,760.9999995793228
0.04192,760.9999995819186
0.04193,760.9999995844987
0.04194,760.9999995870635
0.04195,760.999999589613
0.04196,760.9999995921473
0.04197,760.9999995946667
0.04198,760.9999995971712
0.04199,760.9999995996609
0.042,760.999999602136
0.04201,760.9999996045965
0.04202,760.9999996070427
0.04203,760.9999996094747
0.04204,760.9999996118926
0.04205,760.9999996142965
0.04206,760.9999996166865
0.04207,760.9999996190628
0.04208,760.9999996214254
0.04209,760.9999996237747
0.0421,760.9999996261105
0.04211,760.9999996284331
0.04212,760.9999996307426
0.04213,760.9999996330392
0.04214,760.9999996353226
0.04215,760.9999996375929
0.04216,760.9999996398499
0.04217,760.9999996420937
0.04218,760.9999996443245
0.04219,760.9999996465423
0.0422,760.9999996487471
0.04221,760.999999650939
0.04222,760.999999653118
0.04223,760.9999996552843
0.04224,760.9999996574378
0.04225,760.9999996595786
0.04226,760.9999996617069
0.04227,760.9999996638225
0.04228,760.9999996659254
0.04229,760.999999668016
0.0423,760.9999996700941
0.04231,760.9999996721599
0.04232,760.9999996742133
0.04233,760.9999996762544
0.04234,760.9999996782834
0.04235,760.9999996803001
0.04236,760.9999996823047
0.04237,760.9999996842973
0.04238,760.999999686278
0.04239,760.9999996882466
0.0424,760.9999996902034
0.04241,760.9999996921482
0.04242,760.9999996940812
0.04243,760.9999996960026
0.04244,760.9999996979122
0.04245,760.9999996998102
0.04246,760.9999997016967
0.04247,760.9999997035716
0.04248,760.9999997054349
0.04249,760.9999997072869
0.0425,760.9999997091275
0.04251,760.9999997109568
0.04252,760.9999997127748
0.04253,760.9999997145815
0.04254,760.999999716377
0.04255,760.9999997181616
0.04256,760.999999719935
0.04257,760.9999997216973
0.04258,760.9999997234488
0.04259,760.9999997251894
0.0426,760.999999726919
0.04261,760.9999997286378
0.04262,760.999999730346
0.04263,760.9999997320433
0.04264,760.9999997337301
0.04265,760.9999997354062
0.04266,760.9999997370718
0.04267,760.9999997387268
0.04268,760.9999997403715
0.04269,760.9999997420058
0.0427,760.9999997436297
0.04271,760.9999997452434
0.04272,760.9999997468467
0.04273,760.9999997484399
0.04274,760.999999750023
0.04275,760.999999751596
0.04276,760.9999997531588
0.04277,760.9999997547118
0.04278,760.9999997562547
0.04279,760.9999997577879
0.0428,760.9999997593112
0.04281,760.9999997608247
0.04282,760.9999997623285
0.04283,760.9999997638226
0.04284,760.999999765307
0.04285,760.999999766782
0.04286,760.9999997682473
0.04287,760.9999997697032
0.04288,760.9999997711498
0.04289,760.9999997725868
0.0429,760.9999997740146
0.04291,760.999999775433
0.04292,760.9999997768424
0.04293,760.9999997782425
0.04294,760.9999997796334
0.04295,760.9999997810153
0.04296,760.9999997823882
0.04297,760.9999997837521
0.04298,760.9999997851071
0.04299,760.9999997864533
0.043,760.9999997877906
0.04301,760.999999789119
0.04302,760.9999997904388
0.04303,760.9999997917499
0.04304,760.9999997930524
0.04305,760.9999997943464
0.04306,760.9999997956318
0.04307,760.9999997969087
0.04308,760.9999997981772
0.04309,760.9999997994374
0.0431,760.9999998006892
0.04311,760.9999998019327
0.04312,760.9999998031681
0.04313,760.9999998043953
0.04314,760.9999998056143
0.04315,760.9999998068253
0.04316,760.9999998080282
0.04317,760.9999998092231
0.04318,760.9999998104101
0.04319,760.9999998115893
0.0432,760.9999998127606
0.04321,760.9999998139242
0.04322,760.99999981508
0.04323,760.9999998162281
0.04324,760.9999998173686
0.04325,760.9999998185015
0.04326,760.9999998196269
0.04327,760.9999998207448
0.04328,760.9999998218552
0.04329,760.9999998229583
0.0433,760.999999824054
0.04331,760.9999998251425
0.04332,760.9999998262238
0.04333,760.9999998272978
0.04334,760.9999998283646
0.04335,760.9999998294244
0.04336,760.9999998304771
0.04337,760.9999998315229
0.04338,760.9999998325617
0.04339,760.9999998335936
0.0434,760.9999998346186
0.04341,760.9999998356369
0.04342,760.9999998366484
0.04343,760.9999998376531
0.04344,760.9999998386513
0.04345,760.9999998396428
0.04346,760.9999998406278
0.04347,760.9999998416062
0.04348,760.9999998425782
0.04349,760.9999998435437
0.0435,760.9999998445029
0.04351,760.9999998454557
0.04352,760.9999998464024
0.04353,760.9999998473427
0.04354,760.9999998482768
0.04355,760.999999849205
0.04356,760.9999998501269
0.04357,760.9999998510428
0.04358,760.9999998519528
0.04359,760.9999998528568
0.0436,760.999999853755
0.04361,760.9999998546473
0.04362,760.9999998555337
0.04363,760.9999998564144
0.04364,760.9999998572895
0.04365,760.9999998581588
0.04366,760.9999998590226
0.04367,760.9999998598809
0.04368,760.9999998607336
0.04369,760.9999998615808
0.0437,760.9999998624227
0.04371,760.9999998632592
0.04372,760.9999998640902
0.04373,760.9999998649162
0.04374,760.9999998657368
0.04375,760.9999998665522
0.04376,760.9999998673625
0.04377,760.9999998681677
0.04378,760.9999998689678
0.04379,760.9999998697631
0.0438,760.9999998705533
0.04381,760.9999998713387
0.04382,760.9999998721191
0.04383,760.9999998728948
0.04384,760.9999998736657
0.04385,760.999999874432
0.04386,760.9999998751935
0.04387,760.9999998759504
0.04388,760.9999998767028
0.04389,760.9999998774505
0.0439,760.9999998781939
0.04391,760.9999998789327
0.04392,760.9999998796673
0.04393,760.9999998803974
0.04394,760.9999998811232
0.04395,760.9999998818448
0.04396,760.9999998825623
0.04397,760.9999998832754
0.04398,760.9999998839846
0.04399,760.9999998846897
0.044,760.9999998853907
0.04401,760.9999998860878
0.04402,760.999999886781
0.04403,760.9999998874702
0.04404,760.9999998881556
0.04405,760.9999998888372
0.04406,760.9999998895152
0.04407,760.9999998901893
0.04408,760.9999998908598
0.04409,760.9999998915267
0.0441,760.9999998921901
0.04411,760.9999998928499
0.04412,760.9999998935062
0.04413,760.9999998941591
0.04414,760.9999998948088
0.04415,760.999999895455
0.04416,760.9999998960978
0.04417,760.9999998967376
0.04418,760.999999897374
0.04419,760.9999998980073
0.0442,760.9999998986375
0.04421,760.9999998992647
0.04422,760.9999998998887
0.04423,760.9999999005099
0.04424,760.9999999011281
0.04425,760.9999999017433
0.04426,760.9999999023552
0.04427,760.9999999029639
0.04428,760.9999999035692
0.04429,760.9999999041713
0.0443,760.9999999047701
0.04431,760.9999999053657
0.04432,760.999999905958
0.04433,760.9999999065471
0.04434,760.9999999071331
0.04435,760.9999999077157
0.04436,760.9999999082952
0.04437,760.9999999088715
0.04438,760.9999999094446
0.04439,760.9999999100144
0.0444,760.9999999105811
0.04441,760.9999999111446
0.04442,760.9999999117051
0.04443,760.9999999122623
0.04444,760.9999999128164
0.04445,760.9999999133674
0.04446,760.9999999139153
0.04447,760.9999999144601
0.04448,760.9999999150017
0.04449,760.9999999155402
0.0445,760.9999999160758
0.04451,760.9999999166082
0.04452,760.9999999171375
0.04453,760.9999999176638
0.04454,760.999999918187
0.04455,760.9999999187072
0.04456,760.9999999192244
0.04457,760.9999999197385
0.04458,760.9999999202496
0.04459,760.9999999207578
0.0446,760.9999999212629
0.04461,760.999999921765
0.04462,760.9999999222641
0.04463,760.9999999227604
0.04464,760.9999999232537
0.04465,760.999999923744
0.04466,760.9999999242314
0.04467,760.9999999247158
0.04468,760.9999999251972
0.04469,760.9999999256759
0.0447,760.9999999261516
0.04471,760.9999999266245
0.04472,760.9999999270944
0.04473,760.9999999275615
0.04474,760.9999999280258
0.04475,760.9999999284871
0.04476,760.9999999289456
0.04477,760.9999999294014
0.04478,760.9999999298542
0.04479,760.9999999303043
0.0448,760.9999999307515
0.04481,760.999999931196
0.04482,760.9999999316377
0.04483,760.9999999320767
0.04484,760.9999999325129
0.04485,760.9999999329463
0.04486,760.999999933377
0.04487,760.9999999338049
0.04488,760.9999999342301
0.04489,760.9999999346527
0.0449,760.9999999350725
0.04491,760.9999999354897
0.04492,760.9999999359042
0.04493,760.9999999363159
0.04494,760.9999999367251
0.04495,760.9999999371315
0.04496,760.9999999375353
0.04497,760.9999999379365
0.04498,760.9999999383352
0.04499,760.9999999387312
0.045,760.9999999391246
0.04501,760.9999999395154
0.04502,760.9999999399037
0.04503,760.9999999402894
0.04504,760.9999999406725
0.04505,760.999999941053
0.04506,760.9999999414312
0.04507,760.9999999418067
0.04508,760.9999999421797
0.04509,760.9999999425502
0.0451,760.9999999429183
0.04511,760.9999999432838
0.04512,760.9999999436469
0.04513,760.9999999440075
0.04514,760.9999999443658
0.04515,760.9999999447216
0.04516,760.9999999450749
0.04517,760.9999999454259
0.04518,760.9999999457743
0.04519,760.9999999461205
0.0452,760.9999999464643
0.04521,760.9999999468057
0.04522,760.9999999471447
0.04523,760.9999999474815
0.04524,760.9999999478158
0.04525,760.9999999481479
0.04526,760.9999999484777
0.04527,760.9999999488051
0.04528,760.9999999491303
0.04529,760.9999999494531
0.0453,760.9999999497737
0.04531,760.9999999500922
0.04532,760.9999999504083
0.04533,760.9999999507222
0.04534,760.9999999510338
0.04535,760.9999999513434
0.04536,760.9999999516507
0.04537,760.9999999519557
0.04538,760.9999999522587
0.04539,760.9999999525595
0.0454,760.999999952858
0.04541,760.9999999531547
0.04542,760.999999953449
0.04543,760.9999999537413
0.04544,760.9999999540314
0.04545,760.9999999543195
0.04546,760.9999999546055
0.04547,760.9999999548894
0.04548,760.9999999551713
0.04549,760.9999999554512
0.0455,760.999999955729
0.04551,760.9999999560048
0.04552,760.9999999562787
0.04553,760.9999999565505
0.04554,760.9999999568203
0.04555,760.9999999570882
0.04556,760.9999999573541
0.04557,760.9999999576181
0.04558,760.9999999578802
0.04559,760.9999999581403
0.0456,760.9999999583986
0.04561,760.9999999586549
0.04562,760.9999999589094
0.04563,760.999999959162
0.04564,760.9999999594128
0.04565,760.9999999596616
0.04566,760.9999999599088
0.04567,760.999999960154
0.04568,760.9999999603975
0.04569,760.9999999606391
0.0457,760.9999999608791
0.04571,760.9999999611172
0.04572,760.9999999613536
0.04573,760.9999999615883
0.04574,760.9999999618212
0.04575,760.9999999620524
0.04576,760.9999999622819
0.04577,760.9999999625097
0.04578,760.999999962736
0.04579,760.9999999629604
0.0458,760.9999999631832
0.04581,760.9999999634044
0.04582,760.9999999636241
0.04583,760.999999963842
0.04584,760.9999999640585
0.04585,760.9999999642732
0.04586,760.9999999644865
0.04587,760.9999999646982
0.04588,760.9999999649084
0.04589,760.999999965117
0.0459,760.999999965324
0.04591,760.9999999655297
0.04592,760.9999999657338
0.04593,760.9999999659365
0.04594,760.9999999661376
0.04595,760.9999999663373
0.04596,760.9999999665357
0.04597,760.9999999667326
0.04598,760.999999966928
0.04599,760.9999999671221
0.046,760.9999999673148
0.04601,760.9999999675063
0.04602,760.9999999676962
0.04603,760.9999999678848
0.04604,760.9999999680722
0.04605,760.9999999682582
0.04606,760.9999999684429
0.04607,760.9999999686264
0.04608,760.9999999688087
0.04609,760.9999999689895
0.0461,760.9999999691693
0.04611,760.9999999693476
0.04612,760.999999969525
0.04613,760.999999969701
0.04614,760.999999969876
0.04615,760.9999999700497
0.04616,760.9999999702221
0.04617,760.9999999703936
0.04618,760.9999999705639
0.04619,760.999999970733
0.0462,760.9999999709012
0.04621,760.9999999710682
0.04622,760.999999971234
0.04623,760.9999999713989
0.04624,760.9999999715628
0.04625,760.9999999717256
0.04626,760.9999999718874
0.04627,760.9999999720482
0.04628,760.999999972208
0.04629,760.9999999723669
0.0463,760.9999999725248
0.04631,760.9999999726818
0.04632,760.9999999728378
0.04633,760.999999972993
0.04634,760.9999999731473
0.04635,760.9999999733006
0.04636,760.9999999734531
0.04637,760.9999999736049
0.04638,760.9999999737556
0.04639,760.9999999739057
0.0464,760.9999999740548
0.04641,760.9999999742033
0.04642,760.999999974351
0.04643,760.9999999744979
0.04644,760.999999974644
0.04645,760.9999999747895
0.04646,760.9999999749342
0.04647,760.9999999750781
0.04648,760.9999999752215
0.04649,760.9999999753642
0.0465,760.9999999755062
0.04651,760.9999999756476
0.04652,760.9999999757883
0.04653,760.9999999759285
0.04654,760.9999999760681
0.04655,760.999999976207
0.04656,760.9999999763455
0.04657,760.9999999764834
0.04658,760.9999999766208
0.04659,760.9999999767576
0.0466,760.9999999768941
0.04661,760.9999999770299
0.04662,760.9999999771653
0.04663,760.9999999773003
0.04664,760.9999999774349
0.04665,760.9999999775689
0.04666,760.9999999777027
0.04667,760.999999977836
0.04668,760.999999977969
0.04669,760.9999999781015
0.0467,760.9999999782339
0.04671,760.9999999783658
0.04672,760.9999999784975
0.04673,760.9999999786288
0.04674,760.9999999787599
0.04675,760.9999999788907
0.04676,760.9999999790213
0.04677,760.9999999791517
0.04678,760.9999999792815
0.04679,760.9999999794109
0.0468,760.9999999795397
0.04681,760.9999999796679
0.04682,760.9999999797956
0.04683,760.9999999799227
0.04684,760.9999999800493
0.04685,760.9999999801753
0.04686,760.9999999803008
0.04687,760.9999999804257
0.04688,760.99999998055
0.04689,760.9999999806738
0.0469,760.999999980797
0.04691,760.9999999809197
0.04692,760.9999999810418
0.04693,760.9999999811633
0.04694,760.9999999812844
0.04695,760.9999999814048
0.04696,760.9999999815246
0.04697,760.9999999816439
0.04698,760.9999999817627
0.04699,760.9999999818808
0.047,760.9999999819984
0.04701,760.9999999821155
0.04702,760.9999999822319
0.04703,760.9999999823478
0.04704,760.9999999824631
0.04705,760.9999999825778
0.04706,760.9999999826921
0.04707,760.9999999828057
0.04708,760.9999999829188
0.04709,760.9999999830312
0.0471,760.9999999831431
0.04711,760.9999999832545
0.04712,760.9999999833652
0.04713,760.9999999834754
0.04714,760.9999999835851
0.04715,760.9999999836941
0.04716,760.9999999838026
0.04717,760.9999999839105
0.04718,760.9999999840178
0.04719,760.9999999841245
0.0472,760.9999999842307
0.04721,760.9999999843363
0.04722,760.9999999844414
0.04723,760.9999999845459
0.04724,760.9999999846498
0.04725,760.9999999847531
0.04726,760.9999999848559
0.04727,760.9999999849581
0.04728,760.9999999850597
0.04729,760.9999999851607
0.0473,760.9999999852612
0.04731,760.9999999853611
0.04732,760.9999999854604
0.04733,760.9999999855592
0.04734,760.9999999856574
0.04735,760.9999999857549
0.04736,760.999999985852
0.04737,760.9999999859484
0.04738,760.9999999860444
0.04739,760.9999999861396
0.0474,760.9999999862345
0.04741,760.9999999863286
0.04742,760.9999999864223
0.04743,760.9999999865153
0.04744,760.9999999866077
0.04745,760.9999999866997
0.04746,760.999999986791
0.04747,760.9999999868818
0.04748,760.9999999869719
0.04749,760.9999999870616
0.0475,760.9999999871508
0.04751,760.9999999872392
0.04752,760.9999999873272
0.04753,760.9999999874145
0.04754,760.9999999875014
0.04755,760.9999999875877
0.04756,760.9999999876734
0.04757,760.9999999877585
0.04758,760.9999999878431
0.04759,760.9999999879271
0.0476,760.9999999880106
0.04761,760.9999999880935
0.04762,760.9999999881759
0.04763,760.9999999882576
0.04764,760.9999999883389
0.04765,760.9999999884195
0.04766,760.9999999884997
0.04767,760.9999999885792
0.04768,760.9999999886584
0.04769,760.9999999887368
0.0477,760.9999999888147
0.04771,760.9999999888921
0.04772,760.999999988969
0.04773,760.9999999890453
0.04774,760.999999989121
0.04775,760.9999999891962
0.04776,760.9999999892708
0.04777,760.9999999893449
0.04778,760.9999999894186
0.04779,760.9999999894916
0.0478,760.9999999895641
0.04781,760.9999999896361
0.04782,760.9999999897075
0.04783,760.9999999897784
0.04784,760.9999999898488
0.04785,760.9999999899186
0.04786,760.9999999899879
0.04787,760.9999999900566
0.04788,760.9999999901249
0.04789,760.9999999901926
0.0479,760.9999999902599
0.04791,760.9999999903265
0.04792,760.9999999903927
0.04793,760.9999999904583
0.04794,760.9999999905234
0.04795,760.999999990588
0.04796,760.9999999906521
0.04797,760.9999999907157
0.04798,760.9999999907787
0.04799,760.9999999908413
0.048,760.9999999909033
0.04801,760.9999999909649
0.04802,760.9999999910259
0.04803,760.9999999910864
0.04804,760.9999999911464
0.04805,760.999999991206
0.04806,760.999999991265
0.04807,760.9999999913235
0.04808,760.9999999913815
0.04809,760.9999999914392
0.0481,760.9999999914962
0.04811,760.9999999915527
0.04812,760.9999999916088
0.04813,760.9999999916644
0.04814,760.9999999917195
0.04815,760.9999999917742
0.04816,760.9999999918283
0.04817,760.999999991882
0.04818,760.9999999919352
0.04819,760.9999999919879
0.0482,760.9999999920402
0.04821,760.9999999920921
0.04822,760.9999999921433
0.04823,760.9999999921941
0.04824,760.9999999922446
0.04825,760.9999999922945
0.04826,760.9999999923441
0.04827,760.9999999923931
0.04828,760.9999999924416
0.04829,760.9999999924898
0.0483,760.9999999925375
0.04831,760.9999999925848
0.04832,760.9999999926315
0.04833,760.9999999926779
0.04834,760.9999999927238
0.04835,760.9999999927693
0.04836,760.9999999928143
0.04837,760.999999992859
0.04838,760.9999999929032
0.04839,760.999999992947
0.0484,760.9999999929903
0.04841,760.9999999930332
0.04842,760.9999999930757
0.04843,760.9999999931179
0.04844,760.9999999931595
0.04845,760.9999999932007
0.04846,760.9999999932417
0.04847,760.9999999932821
0.04848,760.9999999933221
0.04849,760.9999999933618
0.0485,760.999999993401
0.04851,760.9999999934399
0.04852,760.9999999934785
0.04853,760.9999999935166
0.04854,760.9999999935543
0.04855,760.9999999935916
0.04856,760.9999999936285
0.04857,760.9999999936651
0.04858,760.9999999937013
0.04859,760.9999999937371
0.0486,760.9999999937726
0.04861,760.9999999938077
0.04862,760.9999999938425
0.04863,760.9999999938768
0.04864,760.9999999939109
0.04865,760.9999999939446
0.04866,760.9999999939779
0.04867,760.9999999940109
0.04868,760.9999999940435
0.04869,760.9999999940759
0.0487,760.9999999941078
0.04871,760.9999999941394
0.04872,760.9999999941708
0.04873,760.9999999942017
0.04874,760.9999999942324
0.04875,760.9999999942628
0.04876,760.9999999942928
0.04877,760.9999999943226
0.04878,760.9999999943519
0.04879,760.999999994381
0.0488,760.9999999944099
0.04881,760.9999999944384
0.04882,760.9999999944666
0.04883,760.9999999944945
0.04884,760.9999999945222
0.04885,760.9999999945495
0.04886,760.9999999945766
0.04887,760.9999999946034
0.04888,760.9999999946299
0.04889,760.9999999946562
0.0489,760.9999999946822
0.04891,760.9999999947079
0.04892,760.9999999947333
0.04893,760.9999999947586
0.04894,760.9999999947836
0.04895,760.9999999948083
0.04896,760.9999999948327
0.04897,760.999999994857
0.04898,760.999999994881
0.04899,760.9999999949048
0.049,760.9999999949283
0.04901,760.9999999949516
0.04902,760.9999999949747
0.04903,760.9999999949976
0.04904,760.9999999950203
0.04905,760.9999999950427
0.04906,760.999999995065
0.04907,760.999999995087
0.04908,760.999999995109
0.04909,760.9999999951306
0.0491,760.999999995152
0.04911,760.9999999951734
0.04912,760.9999999951946
0.04913,760.9999999952155
0.04914,760.9999999952363
0.04915,760.9999999952569
0.04916,760.9999999952773
0.04917,760.9999999952977
0.04918,760.9999999953178
0.04919,760.9999999953378
0.0492,760.9999999953576
0.04921,760.9999999953774
0.04922,760.9999999953969
0.04923,760.9999999954164
0.04924,760.9999999954357
0.04925,760.9999999954549
0.04926,760.999999995474
0.04927,760.999999995493
0.04928,760.9999999955118
0.04929,760.9999999955305
0.0493,760.9999999955493
0.04931,760.9999999955678
0.04932,760.9999999955862
0.04933,760.9999999956046
0.04934,760.9999999956229
0.04935,760.9999999956411
0.04936,760.9999999956593
0.04937,760.9999999956774
0.04938,760.9999999956955
0.04939,760.9999999957134
0.0494,760.9999999957313
0.04941,760.9999999957491
0.04942,760.999999995767
0.04943,760.9999999957848
0.04944,760.9999999958026
0.04945,760.9999999958203
0.04946,760.9999999958379
0.04947,760.9999999958557
0.04948,760.9999999958734
0.04949,760.999999995891
0.0495,760.9999999959086
0.04951,760.9999999959264
0.04952,760.999999995944
0.04953,760.9999999959617
0.04954,760.9999999959794
0.04955,760.9999999959971
0.04956,760.9999999960148
0.04957,760.9999999960327
0.04958,760.9999999960504
0.04959,760.9999999960683
0.0496,760.9999999960862
0.04961,760.9999999961042
0.04962,760.9999999961223
0.04963,760.9999999961403
0.04964,760.9999999961584
0.04965,760.9999999961767
0.04966,760.999999996195
0.04967,760.9999999962134
0.04968,760.9999999962318
0.04969,760.9999999962505
0.0497,760.9999999962691
0.04971,760.9999999962879
0.04972,760.9999999963069
0.04973,760.9999999963259
0.04974,760.9999999963451
0.04975,760.9999999963643
0.04976,760.9999999963837
0.04977,760.9999999964033
0.04978,760.999999996423
0.04979,760.9999999964429
0.0498,760.9999999964629
0.04981,760.999999996483
0.04982,760.9999999965033
0.04983,760.9999999965239
0.04984,760.9999999965446
0.04985,760.9999999965655
0.04986,760.9999999965866
0.04987,760.9999999966078
0.04988,760.999999996629
0.04989,760.9999999966499
0.0499,760.9999999966707
0.04991,760.9999999966915
0.04992,760.9999999967121
0.04993,760.9999999967325
0.04994,760.9999999967528
0.04995,760.999999996773
0.04996,760.9999999967931
0.04997,760.999999996813
0.04998,760.9999999968329
0.04999,760.9999999968526
0.05,760.9999999968721
