time,informed,speed
0.0,6.0,3714.62265
1.5007503751875938e-5,6.056033689129008,3749.034844893303
3.0015007503751875e-5,6.112528520073281,3783.725029695131
4.5022511255627816e-5,6.1696043273683605,3818.7666428801226
6.003001500750375e-5,6.2271500641853175,3854.0913599424753
7.503751875937968e-5,6.285287044833581,3889.7734999049576
9.004502251125563e-5,6.343902904333739,3925.743944716369
0.00010505252626313157,6.403120449016773,3962.0779002844465
0.0001200600300150075,6.462825986427609,3998.705449986485
0.00013506753376688345,6.523143827574105,4035.702693164399
0.00015007503751875937,6.583958942533651,4072.998909208366
0.00016508254127063532,6.645397159519897,4110.671097327331
0.00018009004502251126,6.707342101651451,4148.647727836034
0.00019509754877438718,6.7699211265521875,4187.006706004477
0.00021010505252626313,6.833016500855356,4225.675687982475
0.00022511255627813908,6.896757124060719,4264.733491414465
0.000240120060030015,6.961023896853498,4304.1069532558995
0.0002551275637818909,7.025947272715781,4343.875809576917
0.0002701350675337669,7.091406777280713,4383.966073350199
0.0002851425712856428,7.157534430150652,4424.458405099167
0.00030015007503751874,7.224208372611468,4465.277988929811
0.0003151575787893947,7.291562202445952,4506.506415754703
0.00033016508254127063,7.359472667788431,4548.068036251858
0.00034517258629314655,7.428074956316607,4590.045377401981
0.00036018009004502253,7.4972444141459125,4632.361951877537
0.00037518759379689845,7.567117830821599,4675.101228518017
0.00039019509754877437,7.637569141750543,4718.185877544182
0.00040520260130065034,7.708736749757431,4761.70031505434
0.00042021010505252627,7.780493171211003,4805.5663646147395
0.0004352176088044022,7.852978433856616,4849.869395074106
0.00045022511255627816,7.92606362653178,4894.530379064751
0.0004652326163081541,7.999890413155193,4939.635643389947
0.00048024012006003,8.074328447161262,4985.105305872154
0.000495247623811906,8.149521039815388,5031.026656373685
0.0005102551275637818,8.225336401024272,5077.318953900862
0.0005252626313156578,8.301919500466262,5124.070456361749
0.0005402701350675338,8.379137097057246,5171.199560368699
0.0005552776388194097,8.457135829529626,5218.795496548929
0.0005702851425712856,8.535780998206251,5266.775795482776
0.0005852926463231616,8.615220921718112,5315.230665259301
0.0006003001500750375,8.69531943463847,5364.076767085786
0.0006153076538269135,8.776226545640863,5413.405290772077
0.0006303151575787894,8.857804616588286,5463.132024956249
0.0006453226613306653,8.94020535667919,5513.349145576719
0.0006603301650825413,9.023289648217935,5563.971565600244
0.0006753376688344172,9.107210910652274,5615.092450980599
0.0006903451725862931,9.191828540452473,5666.625836286293
0.0007053526763381691,9.277297677254492,5718.665881443655
0.0007203601800900451,9.363476225257903,5771.125739823954
0.0007353676838419209,9.45052105364637,5824.100568868736
0.0007503751875937969,9.538288568717329,5877.5026384698285
0.0007653826913456729,9.626937378492938,5931.428107021713
0.0007803901950975487,9.716322385475781,5985.788358522156
0.0007953976988494247,9.806603945492585,6040.6805554942885
0.0008104052026013007,9.89763545224931,6096.015194196139
0.0008254127063531766,9.989579017944921,6151.890444146891
0.0008404202101050525,10.08228652227126,6208.215911915036
0.0008554277138569285,10.17592184231583,6265.090776784715
0.0008704352176088044,10.270335339357144,6322.423754209649
0.0008854427213606803,10.36569266317576,6380.315035506477
0.0009004502251125563,10.46184265221928,6438.6724436051645
0.0009154577288644322,10.558952736963555,6497.597184172242
0.0009304652326163082,10.656870229186021,6556.996186583551
0.0009454727363681841,10.75576434710566,6616.9716725217595
0.00096048024012006,10.855480872321799,6677.429677006961
0.000975487743871936,10.956190818143678,6738.473439512561
0.000990495247623812,11.057738432742699,6800.008100085443
0.001005502751375688,11.160296530846864,6862.13791707189
0.0010205102551275637,11.26370782466263,6924.76713538806
0.0010355177588794397,11.368146936853023,6988.001033372752
0.0010505252626313156,11.473455041099756,7051.742960667705
0.0010655327663831916,11.579808573639763,7116.099216114672
0.0010805402701350676,11.687047168053263,7180.972254560375
0.0010955477738869436,11.795349079715901,7246.469395735713
0.0011105552776388193,11.90455240036219,7312.492200098007
0.0011255627813906953,12.014837209431448,7379.149008185602
0.0011405702851425713,12.126040056196665,7446.340487182163
0.0011555777888944472,12.2383428486776,7514.175998022452
0.0011705852926463232,12.351580592892562,7582.555315652368
0.0011855927963981992,12.465937029576367,7651.588820677335
0.001200600300150075,12.581245621852888,7721.175397565409
0.001215607803901951,12.697691946561324,7791.426445331229
0.001230615307653827,12.815107924223764,7862.239959711083
0.0012456228114057029,12.933680971070771,7933.728356718775
0.0012606303151575789,13.053241466325552,8005.7887457411025
0.0012756378189094548,13.173978667827011,8078.534557646955
0.0012906453226613306,13.295721415016166,8151.862018011255
0.0013056528264132066,13.418660809669676,8225.885570391776
0.0013206603301650825,13.542624153693477,8300.500559555154
0.0013356678339169585,13.667804393840342,8375.822438712526
0.0013506753376688345,13.794027297338635,8451.745675219063
0.0013656828414207105,13.921487657111271,8528.386728904523
0.0013806903451725862,14.050009708964517,8605.63919337371
0.0013956978489244622,14.179790091870846,8683.620531154937
0.0014107053526763382,14.310651514470262,8762.223466389927
0.0014257128564282141,14.44279246166296,8841.566460288797
0.0014407203601800901,14.57603411930753,8921.541371918544
0.001455727863931966,14.710576816949251,9002.267656359727
0.0014707353676838418,14.84624022332934,9083.63631278435
0.0014857428714357178,14.98322651106356,9165.76778505798
0.0015007503751875938,15.121353837430176,9248.552217653616
0.0015157578789394698,15.260826215620769,9332.111037484516
0.0015307653826913457,15.401460298542464,9416.333540404044
0.0015457728864432215,15.543461936820744,9501.342130146277
0.0015607803901950975,15.686646286064972,9587.0252600335
0.0015757878939469735,15.831221030531214,9673.50630389508
0.0015907953976988494,15.976999837081586,9760.67287951449
0.0016058029014507254,16.124192218792448,9848.64932338407
0.0016208104052026014,16.27261036242126,9937.322424813918
0.0016358179089544771,16.422465604676482,10026.817475196089
0.0016508254127063531,16.573568662203527,10117.02044325655
0.001665832916458229,16.726132688794344,10208.057566604479
0.001680840420210105,16.87996694134944,10299.814001510209
0.001695847923961981,17.03528638404203,10392.416922918528
0.001710855427713857,17.19189882548173,10485.750683435152
0.0017258629314657328,17.350021031901456,10579.94338538443
0.0017408704352176087,17.50945937584527,10674.878586970997
0.0017558779389694847,17.67043241720043,10770.685307783544
0.0017708854427213607,17.832745105432327,10867.246321353365
0.0017858929464732367,17.9966177839787,10964.691553296509
0.0018009004502251126,18.161853993396893,11062.903002912386
0.0018159079539769884,18.328675850365343,11162.011490373938
0.0018309154577288644,18.496885501178266,11261.898251478864
0.0018459229614807404,18.666706823843203,11362.694988422632
0.0018609304652326163,18.837940586543596,11464.282185132157
0.0018759379689844923,19.010812416241702,11566.79241290384
0.0018909454727363683,19.185121719456653,11670.105415601587
0.001905952976488244,19.361095858322912,11774.35461975295
0.00192096048024012,19.53853289587062,11879.41904199232
0.001935967983991996,19.717661914823193,11985.432949620548
0.001950975487743872,19.898279653124483,12092.274645008112
0.0019659829914957477,20.080616898328913,12200.079220962387
0.001980990495247624,20.264469083540753,12308.724279642047
0.0019959979989994997,20.450068684226366,12418.345723293423
0.002011005502751376,20.63720984916512,12528.82046806577
0.0020260130065032516,20.826126723904753,12640.285208924728
0.0020410205102551274,21.016612195232845,12752.616191275689
0.0020560280140070036,21.20890205941423,12865.950885064627
0.0020710355177588793,21.402787964037554,12980.16488047556
0.0020860430215107555,21.59850733605542,13095.396404190658
0.0021010505252626313,21.79585060830363,13211.52040765173
0.0021160580290145075,21.995056816532934,13328.675854823914
0.0021310655327663832,22.195915204041853,13446.737075317826
0.002146073036518259,22.398666392985643,13565.84375051981
0.002161080540270135,22.603098463744065,13685.869605920012
0.002176088044022011,22.809453600404332,13806.955019130522
0.002191095547773887,23.017518748197393,13928.973129879207
0.002206103051525763,23.22753762817712,14052.06499040888
0.0022211105552776386,23.439296079316843,14176.103173667432
0.002236118059029515,23.65303933253316,14301.229383569746
0.0022511255627813906,23.86855215094664,14427.31564611554
0.0022661330665332668,24.08608124761755,14554.50429346506
0.0022811405702851425,24.305410341102416,14682.666824975935
0.0022961480740370183,24.526787596796858,14811.946176298465
0.0023111555777888945,24.74999572180057,14942.213341470217
0.0023261630815407702,24.975284303205285,15073.611834286367
0.0023411705852926464,25.202435070473186,15206.012165148863
0.002356178089044522,25.431698999787315,15339.558399403368
0.0023711855927963984,25.66285687884644,15474.12058664104
0.002386193096548274,25.896161039213382,15609.843316418626
0.00240120060030015,26.131391363310893,15746.596200633856
0.002416208104052026,26.368801502567138,15884.52432456883
0.002431215607803902,26.608170472834047,16023.496886765442
0.002446223111555778,26.849753208476585,16163.659438828958
0.002461230615307654,27.09332789807002,16304.880790548095
0.0024762381190595296,27.339150720389235,16447.306929430793
0.0024912456228114058,27.58699907830613,16590.80630235452
0.0025062531265632815,27.83713035472826,16735.525301206988
0.0025212606303151577,28.089321209070807,16881.332036095915
0.0025362681340670335,28.34383018670767,17028.373270879016
0.0025512756378189097,28.60043324808595,17176.516806235457
0.0025662831415707854,28.859390057307262,17325.909744305736
0.002581290645322661,29.120475921179583,17476.419604061884
0.0025962981490745374,29.383951577579904,17628.193791465743
0.002611305652826413,29.64959172714181,17781.0995726226
0.0026263131565782893,29.91765813421869,17935.284621431896
0.002641320660330165,30.187924941801818,18090.615980466093
0.002656328164082041,30.460654892319084,18247.24155498076
0.002671335667833917,30.73562162163339,18405.028194359078
0.0026863431715857928,31.013088799296725,18564.123997108563
0.002701350675337669,31.292829605875966,18724.39565038507
0.0027163581790895447,31.57510858604361,18885.991407188907
0.002731365682841421,31.859698518712328,19048.777824299254
0.0027463731865932967,32.14686476897644,19212.903268861348
0.0027613806903451724,32.436379769313646,19378.234199873612
0.0027763881940970486,32.72850964949215,19544.919057641742
0.0027913956978489244,33.02302655240072,19712.824236740234
0.0028064032016008006,33.320197313936575,19882.098208024254
0.0028214107053526763,33.619793846086786,20052.60733587349
0.002836418209104552,33.922083631246274,20224.50007844187
0.0028514257128564283,34.22683841062427,20397.642804771272
0.002866433216608304,34.53432625062817,20572.183915427642
0.0028814407203601802,34.84431878391548,20747.98981996697
0.002896448224112056,35.15708459725607,20925.208815816728
0.002911455727863932,35.472395278227815,21103.70738939249
0.002926463231615808,35.79051986745488,21283.633687819794
0.0029414707353676837,36.11122997325511,21464.854311825067
0.00295647823911956,36.434795022305124,21647.51721035473
0.0029714857428714356,36.76098671055278,21831.48913626412
0.002986493246623312,37.09007478012174,22016.9177908894
0.0030015007503751876,37.421831084041,22203.67011822868
0.0030165082541270634,37.756525607809635,22391.893521791586
0.0030315157578789395,38.0939304319081,22581.455175985513
0.0030465232616308153,38.434315710423164,22772.50213480344
0.0030615307653826915,38.7774538244111,22964.901843599844
0.0030765382691345673,39.123615020100544,23158.800954297043
0.003091545772886443,39.472572053021764,23354.067223875063
0.003106553276638319,39.82459518249716,23550.846848255205
0.003121560780390195,40.17945761535396,23749.007938052953
0.003136568284142071,40.53742954309634,23948.696178311664
0.003151575787893947,40.898284701322474,24149.78007533216
0.003166583291645823,41.26229313033041,24352.404747133874
0.003181590795397699,41.62922917502515,24556.439139122776
0.0031965982991495746,41.99936263904134,24762.02774512342
0.003211605802901451,42.37246855766821,24969.039993012186
0.0032266133066533266,42.748816410090235,25177.61969409986
0.0032416208104052028,43.12818200623649,25387.636803492525
0.0032566283141570785,43.510834410760914,25599.234390559053
0.0032716358179089543,43.896550292919834,25812.282982243876
0.0032866433216608305,44.285598210620556,26026.924845548026
0.0033016508254127062,44.67775578041017,26243.031125268226
0.0033166583291645824,45.07329095867386,26460.743224399812
0.003331665832916458,45.47198239754927,26679.93295136554
0.0033466733366683344,45.87409735523326,26900.740782700654
0.00336168084042021,46.27941561109014,27123.03923762071
0.003376688344172086,46.68820362560765,27346.96780242089
0.003391695847923962,47.10024239728169,27572.39975396064
0.003406703351675838,47.51579748776051,27799.473523902132
0.003421710855427714,47.934651209922,28028.06319495015
0.0034367183591795898,48.35706812228585,28258.306078302387
0.0034517258629314655,48.782831947599036,28490.077110337086
0.0034667333666833417,49.21220613565201,28723.512415558303
0.0034817408704352175,49.644975917853685,28958.487833124676
0.0034967483741870937,50.08140352620384,29195.138233072954
0.0035117558779389694,50.52127579979259,29433.340406028554
0.0035267633816908456,50.96485364277733,29673.22789961993
0.0035417708854427214,51.41192560417564,29914.678505809898
0.003556778389194597,51.862751146483134,30157.824380230602
0.0035717858929464733,52.31712063112096,30402.544365590846
0.003586793396698349,52.7752919644596,30648.969156017476
0.0036018009004502253,53.23705742591605,30896.978695444777
0.003616808404202101,53.70267324719923,31146.702145242798
0.003631815907953977,54.171933731552585,31398.020600548538
0.003646823411705853,54.64509331720441,31651.061619059394
0.0036618309154577288,55.12194844003789,31905.70749803651
0.003676838419209605,55.60275162161869,32162.0841187657
0.0036918459229614807,56.08730153952041,32420.075031004704
0.003706853426713357,56.57584867554757,32679.804367485795
0.0037218609304652327,57.06819406085611,32941.15698164823
0.0037368684342171084,57.56458600976314,33204.25518364497
0.0037518759379689846,58.06482801910854,33468.98518117058
0.0037668834417208604,58.569166108445806,33735.467388633624
0.0037818909454727366,59.07740635510797,34003.58941924211
0.0037968984492246123,59.58979235174528,34273.469716572545
0.003811905952976488,60.1061328711304,34544.99734990678
0.0038269134567283643,60.6266689476884,34818.28871802852
0.00384192096048024,61.15121216717629,35093.234397422675
0.003856928464232116,61.68000086940103,35369.94866617917
0.003871935967983992,62.212849570651656,35648.323658298126
0.0038869434717358677,62.74999378091449,35928.4714566725
0.003901950975487744,63.29125106708646,36210.285803603445
0.00391695847923962,63.836853968878884,36493.87651034613
0.003931965982991495,64.38662322366174,36779.138977311166
0.003946973486743372,64.94078826198871,37066.18066935002
0.003961980990495248,65.49917311408142,37354.8986951986
0.003976988494247123,66.06200395704674,37645.39809662309
0.003991995997998999,66.62910823581595,37937.57773971456
0.0040070035017508755,67.20070873172095,38231.540168429856
0.004022011005502752,67.7766364288302,38527.18605562274
0.004037018509254627,68.35711056484593,38824.61537084669
0.004052026013006503,68.94196578645528,39123.73064167422
0.004067033516758379,69.53141764222242,39424.62918890063
0.004082041020510255,70.12530456765084,39727.215443167595
0.004097048524262131,70.72383827106626,40031.58400036623
0.004112056028014007,71.32686110147814,40337.64124077512
0.004127063531765883,71.93458077857473,40645.47896174155
0.004142071035517759,72.54684369253371,40955.00554021546
0.004157078539269635,73.16385342044329,41266.30989970037
0.004172086043021511,73.78546051908371,41579.30245866393
0.004187093546773386,74.41186427195893,41894.069194200565
0.0042021010505252625,75.0429195312437,42210.52261174548
0.004217108554277139,75.67882113049319,42528.74566797076
0.004232116058029015,76.3194283429465,42848.652998055426
0.00424712356178089,76.9649313989527,43170.32446712522
0.0042621310655327664,77.61519412236541,43493.676883687614
0.004277138569284643,78.27040198211043,43818.786949082736
0.004292146073036518,78.93042347801412,44145.573685494375
0.004307153576788394,79.5954391623615,44474.110561165304
0.00432216108054027,80.26532234083858,44804.31885337787
0.004337168584292146,80.94024848966265,45136.26872734579
0.004352176088044022,81.6200958448573,45469.88375301154
0.004367183591795898,82.30503464971318,45805.23072543677
0.004382191095547774,82.99494820032076,46142.235546161086
0.00439719859929965,83.69000134713454,46480.96157304248
0.004412206103051526,84.39008256934412,46821.33707364984
0.004427213606803402,85.09535116641585,47163.42190409506
0.004442221110555277,85.80570092961291,47507.14673406783
0.0044572286143071535,86.5212854477983,47852.56785435423
0.00447223611805903,87.24200394538789,48199.61836776703
0.004487243621810906,87.96800414158776,48548.350938216856
0.004502251125562781,88.6991908213982,48898.70113444911
0.004517258629314657,89.43570567593468,49250.7179340286
0.0045322661330665336,90.17745916950935,49604.33939897325
0.004547273636818409,90.92458680556678,49959.61076234646
0.004562281140570285,91.67700485267622,50316.47260847562
0.004577288644322161,92.43484247029102,50674.96637120956
0.004592296148074037,93.1980218472718,51035.03518067336
0.004607303651825913,93.9666656394905,51396.71661720376
0.004622311155577789,94.74070207753259,51759.956381482916
0.004637318659329665,95.52024716025184,52124.78815093734
0.0046523261630815405,96.30523527289795,52491.16021624277
0.004667333666833417,97.09577559870559,52859.10230215736
0.004682341170585293,97.8918087942613,53228.56530925065
0.004697348674337168,98.69343707711022,53599.57496593851
0.004712356178089044,99.50060748481923,53972.08479798325
0.004727363681840921,100.31341511298926,54346.11649306776
0.004742371185592797,101.13181349036358,54721.626216425524
0.004757378689344672,101.95589044436767,55098.63157744839
0.004772386193096548,102.78560610150328,55477.091392136106
0.0047873936968484245,103.62104086809185,55857.0191531943
0.0048024012006003,104.46216157063539,56238.37633543523
0.004817408704352176,105.30904105265272,56621.17228391309
0.004832416208104052,106.16165294359496,57005.371139325165
0.004847423711855928,107.02006237577831,57390.978067380616
0.004862431215607804,107.88424987559593,57777.95987644145
0.00487743871935968,108.75427272663521,58166.317528481246
0.004892446223111556,109.63011845022814,58556.02050185075
0.004907453726863431,110.51183634019263,58947.065531201064
0.004922461230615308,111.39942099781004,59339.42476017998
0.004937468734367184,112.29291359325683,59733.09067820134
0.004952476238119059,113.19231589930003,60128.03809122123
0.004967483741870935,114.09766083098341,60524.25522899669
0.0049824912456228115,115.0089574088264,60921.719548889625
0.004997498749374688,115.92623016271975,61320.415009766766
0.005012506253126563,116.84949544354234,61720.32171115787
0.005027513756878439,117.77876927558074,62121.419336487015
0.005042521260630315,118.71407540817276,62523.69061077149
0.005057528764382191,119.65542123564077,62927.110938317426
0.005072536268134067,120.60283797635856,63331.66565300164
0.005087543771885943,121.55632428518417,63737.325885296515
0.005102551275637819,122.51591891049986,64144.079556135526
0.005117558779389695,123.48161165221768,64551.89352746066
0.005132566283141571,124.45344884386364,64960.758282055926
0.005147573786893447,125.43141133126645,65370.636428180784
0.005162581290645322,126.41555308785527,65781.52098415999
0.0051775887943971985,127.40584590044142,66193.37031954032
0.005192596298149075,128.40235142274747,66606.17995502193
0.005207603801900951,129.4050322917264,67019.90404494548
0.005222611305652826,130.41395788690608,67434.54058055166
0.005237618809404702,131.4290816064031,67850.0395277951
0.005252626313156579,132.4504805819434,68266.40130799194
0.005267633816908454,133.47809888877742,68683.57173020288
0.00528264132066033,134.51202144326302,69101.553607207
0.005297648824412206,135.55218292717726,69520.28863066687
0.005312656328164082,136.59867605556397,69939.78195812376
0.005327663831915958,137.65142604342714,70359.97120480957
0.005342671335667834,138.71053341740412,70780.86382544106
0.00535767883941971,139.77591387215017,71202.39341021005
0.0053726863431715855,140.84767575151454,71624.56966005472
0.005387693846923462,141.92572517038795,72047.32219163851
0.005402701350675338,143.01017828187955,72470.66289553684
0.005417708854427213,144.10093158032672,72894.51747622676
0.0054327163581790894,145.19810902370205,73318.899958499
0.005447723861930966,146.301597446583,73743.73219892275
0.005462731365682842,147.41152858586548,74169.03029258834
0.005477738869434717,148.52777958481215,74594.71231779756
0.005492746373186593,149.65048993821077,75020.79637795543
0.0055077538769384695,150.7795270835007,75447.19685149052
0.005522761380690345,151.91503823208075,75873.93378046714
0.005537768884442221,153.05688109963714,76300.91792349139
0.005552776388194097,154.20521056711576,76728.17118977547
0.005567783891945973,155.35987463451187,77155.60080854183
0.005582791395697849,156.5210358022756,77583.23048383881
0.005597798899449725,157.6885323575882,78010.9640067123
0.005612806403201601,158.86253435062696,78438.82679695282
0.0056278139069534765,160.04287037419186,78866.71930637659
0.005642821410705353,161.22971796306607,79294.66859377209
0.005657828914457229,162.42289604734327,79722.57187724329
0.005672836418209104,163.62258955712844,80150.45776978959
0.00568784392196098,164.82860779425232,80578.22036405011
0.0057028514257128566,166.0411429908555,81005.88974203737
0.005717858929464733,167.2599948789246,81433.35698929042
0.005732866433216608,168.48536289253332,81860.65357023427
0.005747873936968484,169.71703724917808,82287.6676819571
0.0057628814407203605,170.9552244659687,82714.43207938506
0.005777888944472236,172.19970531823876,83140.8321971118
0.005792896448224112,173.45069329057077,83566.90199121785
0.005807903951975988,174.70795980390704,83992.52426614353
0.005822911455727864,175.97172516956297,84417.73408265412
0.00583791895947974,177.24175154642677,84842.41174992757
0.005852926463231616,178.51826592466227,85266.59333638605
0.005867933966983492,179.80102131647158,85690.15679938802
0.005882941470735367,181.09025124034056,86113.13911897225
0.005897948974487244,182.38569967779694,86535.41604486102
0.00591295647823912,183.6876065033201,86957.02536758038
0.005927963981990995,184.99570679797895,87377.8407785829
0.005942971485742871,186.31024661787296,87797.90077943131
0.0059579789894947475,187.6309522977379,88217.07716057793
0.005972986493246624,188.9580758831283,88635.40903185512
0.005987993996998499,190.291335116025,89052.76643976562
0.006003001500750375,191.63098782678193,89469.18899845486
0.006018009004502251,192.97674333726226,89884.5451733905
0.006033016508254127,194.32886505817007,90298.87498200021
0.006048024012006003,195.6870540790082,90712.0454757921
0.006063031515757879,197.05157916067552,91124.09696953026
0.006078039019509755,198.42213335700404,91534.89526989902
0.006093046523261631,199.79899054060584,91944.48088392215
0.006108054027013507,201.1818359450136,92352.71854730308
0.006123061530765383,202.5709483155747,92759.64885755006
0.006138069034517258,203.96600528963236,93165.13565453175
0.0061530765382691345,205.3672902207303,93569.21952058477
0.006168084042021011,206.77447338894973,93971.76357781068
0.006183091545772886,208.18784248428327,94372.80828963337
0.006198099049524762,209.60706068679744,94772.21624196132
0.006213106553276638,211.03241974781187,95170.02767867131
0.006228114057028515,212.46357601158857,95566.10483090591
0.00624312156078039,213.9008249922179,95960.4876200909
0.006258129064532266,215.34381647968178,96353.03810658793
0.006273136568284142,216.792849445864,96743.79578931977
0.006288144072036018,218.2475674237882,97132.62274351648
0.006303151575787894,219.70827253299328,97519.557948856
0.00631815907953977,221.17460235684885,97904.46368076038
0.006333166583291646,222.6468618294486,98287.37830175535
0.0063481740870435215,224.1246829070666,98668.16447360885
0.006363181590795398,225.60837300237318,99046.85984829182
0.006378189094547274,227.09755878199257,99423.32766032497
0.006393196598299149,228.59254979061302,99797.60476034724
0.006408204102051025,230.09296775716192,100169.5551417705
0.006423211605802902,231.599123996525,100539.21476485246
0.006438219109554778,233.11063565609444,100906.44856488648
0.006453226613306653,234.62781544996653,101271.29152633835
0.006468234117058529,236.15027632915633,101633.6097119356
0.0064832416208104055,237.67833203111144,101993.43704968937
0.006498249124562281,239.2115916984204,102350.64091092926
0.006513256628314157,240.7503696984714,102705.2540885695
0.006528264132066033,242.2942717666009,103057.14544162202
0.0065432716358179085,243.84361250082463,103406.3465543453
0.006558279139569785,245.39799464054997,103752.72794930136
0.006573286643321661,246.95773260165527,104096.3199321174
0.006588294147073537,248.52242656824248,104436.99486540054
0.0066033016508254124,250.09239036362902,104774.78171334915
0.006618309154577289,251.66722205048455,105109.55484714823
0.006633316658329165,253.24723442245312,105441.341827933
0.00664832416208104,254.83202387076733,105770.01920101701
0.006663331665832916,256.4219017279346,106095.61307127685
0.0066783391695847925,258.0164631758413,106418.00231928297
0.006693346673336669,259.61601764241277,106737.2115452033
0.006708354177088544,261.2201595894054,107053.12212412614
0.00672336168084042,262.82919609057745,107365.75710911851
0.0067383691845922964,264.44272135971374,107675.00051789933
0.006753376688344172,266.0610396475698,107980.87381800184
0.006768384192096048,267.68374542378916,108283.26381627201
0.006783391695847924,269.31113965056556,108582.19036470486
0.0067983991995997995,270.9428175580276,108877.5431975241
0.006813406703351676,272.57907636517376,109169.34053090864
0.006828414207103552,274.21951258316125,109457.47515885475
0.006843421710855428,275.8644191903386,109741.96364153978
0.006858429214607303,277.5133944928798,110022.70195521723
0.0068734367183591796,279.16672675131593,110299.70499581836
0.006888444222111056,280.8240166051407,110572.87203937903
0.006903451725862931,282.48554710736124,110842.21631524207
0.006918459229614807,284.15092179003676,111107.64051050646
0.0069334667333666835,285.8204180087176,111369.1561936314
0.00694847423711856,287.4936427143743,111626.66955884671
0.006963481740870435,289.17086705678923,111880.19052506388
0.006978489244622311,290.85170197360986,112129.62888644559
0.006993496748374187,292.53641190829296,112374.99293333429
0.007008504252126063,294.22461235435264,112616.1961422681
0.007023511755877939,295.9165605650476,112853.24520665324
0.007038519259629815,297.61187714947465,113086.05735570299
0.007053526763381691,299.3108116363774,113314.63771881774
0.007068534267133567,301.0129903253965,113538.90733986167
0.007083541770885443,302.7186545245322,113758.86983118161
0.007098549274637319,304.4274368005313,113974.45010235244
0.007113556778389194,306.13956974905705,114185.65030438652
0.0071285642821410705,307.8546927955935,114392.39925412468
0.007143571785892947,309.57302928927896,114594.69769996555
0.007158579289644822,311.29422608241265,114792.4783934768
0.007173586793396698,313.01849677770645,114985.74075218993
0.007188594297148574,314.74549624896315,115174.4214815281
0.007203601800900451,316.47542785190575,115358.518747965
0.007218609304652326,318.2079550876701,115537.97321908634
0.007233616808404202,319.9432705470411,115712.78189643
0.007248624312156078,321.68104691944023,115882.88940154425
0.007263631815907954,323.42146552767895,116048.2916673995
0.00727863931965983,325.1642088523872,116208.9372538893
0.007293646823411706,326.9094464501273,116364.82113029555
0.007308654327163582,328.6568712008647,116515.89576727318
0.0073236618309154575,330.40664039613705,116662.1552831512
0.007338669334667334,332.15845786983783,116803.55601491802
0.00735367683841921,333.9124681479034,116940.09135088844
0.007368684342171085,335.66838661940085,117071.72144213622
0.007383691845922961,337.4263445576448,117198.43907681292
0.007398699349674838,339.1860695081635,117320.20815521677
0.007413706853426714,340.947679013805,117437.02100334571
0.007428714357178589,342.71091332189997,117548.84518966133
0.007443721860930465,344.475875754599,117655.67272305227
0.0074587293646823415,346.24231985130393,117757.47475041068
0.007473736868434217,348.010334245361,117854.24311739446
0.007488744372186093,349.7796863555402,117945.95244686992
0.007503751875937969,351.55044967152,118032.59458282513
0.0075187593796898445,353.3224060214127,118114.14750646654
0.007533766883441721,355.09561327980725,118190.60322813572
0.007548774387193597,356.8698682560515,118261.94296039012
0.007563781890945473,358.6452127663338,118328.15905611997
0.007578789394697348,360.42145916789815,118389.23581976019
0.007593796898449225,362.1986327898652,118445.16612979765
0.007608804402201101,363.97656204444365,118495.9372291688
0.007623811905952976,365.75525532915003,118541.54271110732
0.007638819409704852,367.5345576580964,118581.97259396384
0.0076538269134567285,369.31446008385933,118617.22138192941
0.007668834417208605,371.0948247619614,118647.28169372352
0.00768384192096048,372.8756250012343,118672.14914655135
0.007698849424712356,374.6567405753417,118691.81877212062
0.007713856928464232,376.4381266390159,118706.28750839163
0.007728864432216108,378.219681099675,118715.55260289407
0.007743871935967984,380.0013405795836,118719.61252776136
0.00775887943971986,381.7830216256964,118718.4665380259
0.0077738869434717355,383.5646419625538,118712.11485816663
0.007788894447223612,385.34613721653704,118700.55853196024
0.007803901950975488,387.1274058445853,118683.79975943017
0.007818909454727364,388.90840303047116,118661.84114469917
0.00783391695847924,390.68900762501505,118634.68709069601
0.007848924462231116,392.4691948348565,118602.34152342843
0.00786393196598299,394.2488235765586,118564.81127974903
0.007878939469734867,396.0278894773994,118522.101360833
0.007893946973486743,397.8062311954833,118474.22127249601
0.00790895447723862,399.58386521275736,118421.1768350879
0.007923961980990496,401.3606096347655,118362.98046102775
0.007938969484742372,403.1365022170873,118299.63852515309
0.007953976988494246,404.91134022515894,118231.16658675724
0.007968984492246122,406.6851830396015,118157.5713045742
0.007983991995997999,408.45780681126473,118078.87162767506
0.007998999499749875,410.22929292990284,117995.07421946937
0.008014007003501751,411.9993961860538,117906.2016627476
0.008029014507253627,413.7682203456224,117812.26033928216
0.008044022011005503,415.5354985953973,117713.276711236
0.008059029514757378,417.3013573786793,117609.2565889304
0.008074037018509254,419.06550805665756,117500.2305604669
0.00808904452226113,420.82810007923945,117386.20356723604
0.008104052026013006,422.58882278748405,117267.21056935359
0.008119059529764883,424.3478489484351,117143.2553364926
0.008134067033516759,426.1048456874188,117014.37744771253
0.008149074537268635,427.86000933607744,116880.57919706276
0.00816408204102051,429.61298463657135,116741.90502848252
0.008179089544772386,431.3639917557694,116598.35545006883
0.008194097048524262,433.1126529109871,116449.98001462816
0.008209104552276138,434.85921235492674,116296.77713058823
0.008224112056028014,436.6032696359125,116138.80170355317
0.00823911955977989,438.34509328286157,115976.04972978677
0.008254127063531767,440.08426006284367,115808.58170873819
0.008269134567283641,441.8210629902772,115636.39090703691
0.008284142071035517,443.5550559629754,115459.54365570325
0.008299149574787393,445.2865566694118,115278.03017283858
0.00831415707853927,447.0150960485466,115091.92285762225
0.008329164582291146,448.74101659332695,114901.20856430309
0.008344172086043022,450.4638262265987,114705.96599226733
0.008359179589794898,452.18389239206124,114506.17831313239
0.008374187093546773,453.90069996208837,114301.93075394089
0.008389194597298649,455.6146414565883,114093.20248541626
0.008404202101050525,457.325178664916,113880.0854871897
0.008419209604802401,459.0327292514412,113662.55461680038
0.008434217108554277,460.7367319191973,113440.70882565806
0.008449224612306154,462.4376295597729,113214.51834381395
0.00846423211605803,464.1348378082724,112984.0893078777
0.008479239619809904,465.82882484553693,112749.38700852859
0.00849424712356178,467.5189832651443,112510.52497666092
0.008509254627313657,469.20580654215246,112267.4632601049
0.008524262131065533,470.8886642773414,112020.32298686968
0.008539269634817409,472.56807525994344,111769.05865765983
0.008554277138569285,474.2433861674075,111513.79919359043
0.00856928464232116,475.9151411015315,111254.49324837711
0.008584292146073036,477.58266390265993,110991.27772556187
0.008599299649824912,479.24652392838317,110724.0951424945
0.008614307153576788,480.9060222796436,110453.0905686027
0.008629314657328664,482.56175352721266,110178.2000960468
0.00864432216108054,484.2129961526905,109899.57713541634
0.008659329664832417,485.86036987435114,109617.15107133964
0.008674337168584291,487.503130698767,109331.08382184939
0.008689344672336168,489.1419233787607,109041.29779308435
0.008704352176088044,490.7759815879856,108747.96357226167
0.00871935967983992,492.40597500815835,108450.99631894896
0.008734367183591796,494.03111515352657,108150.57544050383
0.008749374687343672,495.6520965028371,107846.60859065816
0.008764382191095548,497.26810860761344,107539.28413796121
0.008779389694847423,498.8798705824433,107228.50198112873
0.0087943971985993,500.4865502021489,106914.45958728497
0.008809404702351175,502.08889104683925,106597.04885801315
0.008824412206103052,503.6860393396835,106276.47648309641
0.008839419709854928,505.2787629329944,105952.6261347846
0.008854427213606804,506.86618673813166,105625.71384041056
0.00886943471735868,508.44910267279283,105295.61481921315
0.008884442221110555,510.026614573928,104962.55454515558
0.00889944972486243,511.59953818954824,104626.39957293333
0.008914457228614307,513.1669565479458,104287.38492004178
0.008929464732366183,514.7297089861527,103945.36827301279
0.00894447223611806,516.2868579988032,103600.5942811408
0.008959479739869936,517.8392662543376,103252.91156949253
0.008974487243621812,519.3859760045863,102902.57449720857
0.008989494747373686,520.9278729627302,102549.4224481977
0.009004502251125562,522.4639794355338,102193.71956119902
0.009019509754877439,523.9952038903232,101835.29580773303
0.009034517258629315,525.5205490060143,101474.42516449875
0.009049524762381191,527.0409456918045,101110.92803208793
0.009064532266133067,528.5553773282207,100745.08827358118
0.009079539769884943,530.0647969417498,100376.71657099006
0.009094547273636818,531.568168950678,100006.10671346424
0.009109554777388694,533.0664681568944,99633.05952919363
0.00912456228114057,534.5586403662107,99257.87876262271
0.009139569784892446,536.0456818043654,98880.35526368194
0.009154577288644323,537.5265200248155,98500.80275149929
0.009169584792396199,539.0021723074166,98119.00198647544
0.009184592296148073,540.4715483230675,97735.27667209234
0.00919959979989995,541.9356860280947,97349.39737877293
0.009214607303651826,543.393477594176,96961.69779316171
0.009229614807403702,544.8459812606438,96571.93820827095
0.009244622311155578,546.2920720853061,96180.46228483957
0.009259629814907454,547.7328281915895,95787.01996154983
0.00927463731865933,549.167107923623,95391.9648528251
0.009289644822411205,550.5960088624532,94995.0364827524
0.009304652326163081,552.0183730380298,94596.59839196634
0.009319659829914957,553.4353170720854,94196.37963646586
0.009334667333666833,554.8456671020941,93794.75364206512
0.00934967483741871,556.2505583629072,93391.43895528685
0.009364682341170586,557.6488015166814,92986.81883992275
0.009379689844922462,559.0415499509111,92580.60131047708
0.009394697348674336,560.4275992893506,92173.17940862813
0.009409704852426213,561.8081206296822,91764.25059861712
0.009424712356178089,563.1818949660487,91354.21764086625
0.009439719859929965,564.5501106365975,90942.76744871476
0.009454727363681841,565.9115344534773,90530.3124237717
0.009469734867433717,567.2673715415301,90116.52893250264
0.009484742371185594,568.6163749903376,89701.83892911438
0.009499749874937468,569.9597662406815,89285.90825154861
0.009514757378689344,571.2962850820123,88869.1683222123
0.00952976488244122,572.6271687731967,88451.27448692532
0.009544772386193097,573.9511442776754,88032.66752914523
0.009559779889944973,575.2694641816339,87612.99234628344
0.009574787393696849,576.5808430568295,87192.69898119556
0.009589794897448725,577.8865483378661,86771.42193231941
0.0096048024012006,579.1852826805189,86349.62038029461
0.009619809904952476,580.4783278831175,85926.91848484949
0.009634817408704352,581.764375130049,85503.7844459477
0.009649824912456228,583.0447200685252,85079.83216399586
0.009664832416208104,584.3180428913588,84655.53872184642
0.00967983991995998,585.585652581284,84230.5078487837
0.009694847423711857,586.8462187794078,83805.22538087486
0.009709854927463731,588.1010633131127,83379.28496620536
0.009724862431215607,589.3488457567603,82953.18104291115
0.009739869934967484,590.5909002907024,82526.49727660754
0.00975487743871936,591.8258768750777,82099.73656086688
0.009769884942471236,593.0551215093408,81672.47270086884
0.009784892446223112,594.2772750180354,81245.2168840896
0.009799899949974987,595.4936947076022,80817.5331786881
0.009814907453726863,596.7030127090622,80389.94091124016
0.009829914957478739,597.9065971375132,79961.99454009344
0.009844922461230615,599.1030719174421,79534.2213544791
0.009859929964982491,600.2938154737147,79106.16633838096
0.009874937468734368,601.4774439694418,78678.3645761971
0.009889944972486244,602.6553456134875,78250.3517309282
0.009904952476238118,603.8261292822413,77822.67049866168
0.009919959979989994,604.9911924473333,77394.84738139519
0.00993496748374187,606.1491371407194,76967.4325097979
0.009949974987493747,607.3013696104488,76539.94338007508
0.009964982491245623,608.4464855263011,76112.93736029582
0.0099799899949975,609.5858994042467,75685.92311162385
0.009994997498749375,610.7182009833836,75259.46505595298
0.01001000500250125,611.8448111226483,74833.06373528915
0.010025012506253126,612.9643183454448,74407.28881194435
0.010040020010005002,614.0781422475939,73981.63560826922
0.010055027513756878,615.1848804949786,73556.6750054408
0.010070035017508755,616.2859424762471,73131.90059250379
0.01008504252126063,617.3799382356758,72707.88309500103
0.010100050025012507,618.4682665169777,72284.11466329383
0.010115057528764381,619.5495500818831,71861.16558014588
0.010130065032516258,620.6251766443229,71438.52683530154
0.010145072536268134,621.6937820033393,71016.76798798557
0.01016008004002001,622.7567424608206,70595.37914776044
0.010175087543771886,623.8127071910676,70174.9288614889
0.010190095047523762,624.863040742014,69754.90662594854
0.010205102551275639,625.9064059497558,69335.87970624321
0.010220110055027513,626.9441552486171,68917.33726358766
0.01023511755877939,627.9749654233311,68499.84501150232
0.010250125062531265,629.0001764629785,68082.89204424691
0.010265132566283142,630.0184793512701,67667.04226847405
0.010280140070035018,631.031201348388,67251.7849628294
0.010295147573786894,632.0370479031801,66837.68196525425
0.01031015507753877,633.0373332451663,66424.22299916424
0.010325162581290645,634.0307774980108,66011.96759530506
0.01034017008504252,635.0186815967993,65600.40616838577
0.010355177588794397,635.999780539958,65190.09570811389
0.010370185092546273,636.9753617094789,64780.52756625257
0.01038519259629815,637.9441751908678,64372.25595311564
0.010400200100050026,638.9074945919438,63964.7733885211
0.010415207603801902,639.8640852528531,63558.631084457054
0.010430215107553776,640.8152067708891,63153.322967083805
0.010445222611305652,641.7596399066031,62749.39703302593
0.010460230115057529,642.6986300340391,62346.34884382504
0.010475237618809405,643.6309734750844,61944.72297547544
0.010490245122561281,644.5579012130142,61544.016834984934
0.010505252626313157,645.478225277096,61144.77137143368
0.010520260130065032,646.3931620688593,60746.486057524264
0.010535267633816908,647.301539430596,60349.69802807441
0.010550275137568784,648.2045590278717,59953.90902593129
0.01056528264132066,649.1010646077566,59559.65219206348
0.010580290145072536,649.9922429591606,59166.431737802115
0.010595297648824413,650.8769538448006,58774.77662396877
0.010610305152576289,651.7563690481614,58384.1937229712
0.010625312656328163,652.6293644085633,57995.20765292397
0.01064032016008004,653.4970965837666,57607.32813569065
0.010655327663831916,654.3584575491892,57221.07528684499
0.010670335167583792,655.2145887287223,56835.96186004167
0.010685342671335668,656.0643982929568,56452.503310689426
0.010700350175087544,656.9090123595927,56070.215589573156
0.01071535767883942,657.7473553272577,55689.60934809323
0.010730365182591295,658.5805379154488,55310.20390736069
0.010745372686343171,659.4075007781075,54932.50497573714
0.010760380190095047,660.2293391669019,54556.035406703464
0.010775387693846923,661.0450100013417,54181.29583659432
0.0107903951975988,661.8555930304899,53807.812796110506
0.010805402701350676,662.6600614528581,53436.081721352
0.010820410205102552,663.459479459779,53065.632972973355
0.010835417708854427,664.252836513351,52696.956674329456
0.010850425212606303,665.0411812193938,52329.587154787674
0.010865432716358179,665.8235192785019,51964.00911944933
0.010880440220110055,666.6008836991649,51599.76099615016
0.010895447723861931,667.3722964103731,51237.32196166712
0.010910455227613807,668.1387748102327,50876.234670884725
0.010925462731365684,668.89935700655,50516.97268315029
0.010940470235117558,669.6550447893942,50159.083000080274
0.010955477738869434,670.4048923942119,49803.03347789159
0.01097048524262131,671.149886014235,49448.37557863142
0.010985492746373187,671.8890959713946,49095.57136748531
0.011000500250125063,672.6234928893712,48744.17687102829
0.011015507753876939,673.3521631038279,48394.64829307046
0.011030515257628815,674.0760616925527,48046.54632861236
0.01104552276138069,674.7942909322549,47700.321252409965
0.011060530265132566,675.5077903908708,47355.53852389704
0.011075537768884442,676.2156782126539,47012.642424098376
0.011090545272636318,676.9188785162636,46671.20325894531
0.011105552776388194,677.6165252238818,46331.65926139109
0.01112056028014007,678.3095270487095,45993.58567191386
0.011135567783891945,678.9970335976207,45657.41462549415
0.011150575287643821,679.6799382389639,45322.72637497223
0.011165582791395698,680.3574061630192,44989.94691401047
0.011180590295147574,681.0303154770351,44658.661572095036
0.01119559779889945,681.6978468529045,44329.29016102752
0.011210605302651326,682.3608632032441,44001.42315745184
0.011225612806403202,683.0185605649241,43675.474160698795
0.011240620310155077,683.6717867404343,43351.03885402875
0.011255627813906953,684.3197530099542,43028.52459880317
0.011270635317658829,684.9632921644646,42707.53233508943
0.011285642821410705,685.6016306145721,42388.46315894104
0.011300650325162582,686.2355862295393,42070.923319493966
0.011315657828914458,686.8644004129527,41755.307634949815
0.011330665332666334,687.4888762166831,41441.22770629247
0.011345672836418208,688.1082699008774,41129.072063394844
0.011360680340170085,688.7233698105653,40818.457696446916
0.01137568784392196,689.333446935837,40509.766834054855
0.011390695347673837,689.9392750274342,40202.621889628426
0.011405702851425713,690.5401396545006,39897.39879227035
0.01142071035517759,691.1368000898801,39593.72540843028
0.011435717858929466,691.7285563346281,39291.97137007113
0.01145072536268134,692.3161533066362,38991.77002089831
0.011465732866433216,692.8989052970132,38693.4846977996
0.011480740370185092,693.4775430006734,38396.754239028225
0.011495747873936969,694.0513948396049,38101.93569965148
0.011510755377688845,694.6211774114081,37808.673430734634
0.011525762881440721,695.1862331127568,37517.31821964204
0.011540770385192597,695.7472645784792,37227.51994172686
0.011555777888944472,696.3036280243284,36939.62313276188
0.011570785392696348,696.8560122691524,36653.28319527074
0.011585792896448224,697.4037871838748,36368.838436070655
0.0116008004002001,697.9476279051358,36085.94979224115
0.011615807903951976,698.4869177947867,35804.949366717155
0.011630815407703853,699.0223184523787,35525.50363046202
0.011645822911455729,699.5532265644022,35247.93851085549
0.011660830415207603,700.080290348974,34971.926004372974
0.01167583791895948,700.6029196515458,34697.78589296834
0.011690845422711356,701.1217494518529,34425.19569466279
0.011705852926463232,701.6362025806062,34154.46908244236
0.011720860430215108,702.1469009337258,33885.28908377158
0.011735867933966984,702.6532801546887,33617.963300572825
0.011750875437718859,703.1559492153452,33352.18025279606
0.011765882941470735,703.6543564049298,33088.24150831211
0.011780890445222611,704.1490979239052,32825.841064221866
0.011795897948974487,704.6396345265076,32565.27450060906
0.011810905452726363,705.1265498023286,32306.24127022127
0.01182591295647824,705.6093167950537,32049.031010824296
0.011840920460230116,706.0885066458442,31793.34860625065
0.01185592796398199,706.5636045178061,31539.477796353574
0.011870935467733866,707.035169265491,31287.128869805754
0.011885942971485743,707.5026979883942,31036.579721734135
0.011900950475237619,707.9667374161295,30787.54601754715
0.011915957978989495,708.426796407984,30540.2998592253
0.011930965482741371,708.8834097340998,30294.562256850888
0.011945972986493247,709.3360978396331,30050.59957115172
0.011960980490245122,709.7853837038498,29808.13812122539
0.011975987993996998,710.2307991759903,29567.43858438146
0.011990995497748874,710.6728556058252,29328.23255511213
0.01200600300150075,711.1110960693525,29090.77508444066
0.012021010505252627,711.546020454904,28854.80300321583
0.012036018009004503,711.9771828887357,28620.56579448561
0.012051025512756379,712.4050719693637,28387.80548267728
0.012066033016508253,712.8292526951288,28156.766043662123
0.01208104052026013,713.2502025365857,27927.19465622012
0.012096048024012006,713.6674971852478,27699.329851815743
0.012111055527763882,714.0816031534434,27472.923918366338
0.012126063031515758,714.4921066494453,27248.210005846555
0.012141070535267634,714.8994633982215,27024.945463780918
0.01215607803901951,715.3032699510214,26803.358123586746
0.012171085542771385,715.703971409305,26583.2103510533
0.012186093046523261,716.1011744868811,26364.724727046094
0.012201100550275137,716.4953138310254,26147.66858368498
0.012216108054027014,716.8860061442554,25932.259317079748
0.01223111555777889,717.2736757883729,25718.26917449981
0.012246123061530766,717.6579492835258,25505.910432902027
0.012261130565282642,718.0392408722203,25294.960203375096
0.012276138069034517,718.4171867143243,25085.62571440711
0.012291145572786393,718.79219109805,24877.688888740202
0.012306153076538269,719.1638996523654,24671.3519743301
0.012321160580290145,719.5327068785814,24466.401650615957
0.012336168084042021,719.8982677054132,24263.035253474995
0.012351175587793898,720.2609670140009,24061.044163013987
0.012366183091545772,720.6204688603827,23860.62087438453
0.012381190595297648,720.9771486657885,23661.561414545482
0.012396198099049524,721.3306794452426,23464.053508172932
0.0124112056028014,721.6814273259141,23267.89777079581
0.012426213106553277,722.0290741154795,23073.277226862898
0.012441220610305153,722.3739768112531,22879.99702177289
0.01245622811405703,722.7158258479484,22688.235550674683
0.012471235617808904,723.0549692507802,22497.80243246047
0.01248624312156078,723.3911059140803,22308.871505982373
0.012501250625312656,723.7245750536697,22121.256803229593
0.012516258129064532,724.0550838622864,21935.127677296896
0.012531265632816408,724.3829629065567,21750.30251304946
0.012546273136568285,724.7079275174823,21566.946248740293
0.01256128064032016,725.0302997691198,21384.881562711384
0.012576288144072035,725.349802967093,21204.26905222279
0.012591295647823911,725.6667508489898,21024.93562884565
0.012606303151575788,725.9808745390296,20847.037619326526
0.012621310655327664,726.2924795955018,20670.40610648505
0.01263631815907954,726.6013048055029,20495.193217742137
0.012651325662831416,726.9076477023254,20321.234145710663
0.012666333166583292,727.2112545791312,20148.67689115759
0.012681340670335167,727.512415093604,19977.360696769065
0.012696348174087043,727.8108828921365,19807.429507914905
0.01271135567783892,728.1069399108038,19638.7265539862
0.012726363181590795,728.400346999199,19471.391795415882
0.012741370685342672,728.6913785216134,19305.272386297853
0.012756378189094548,728.9798023813436,19140.504373058906
0.012771385692846424,729.2658855163776,18976.93877400458
0.012786393196598298,729.5494027333643,18814.707793732858
0.012801400700350175,729.8306136920633,18653.666251853294
0.01281640820410205,730.1092999593629,18493.942579898834
0.012831415707853927,730.3857140623269,18335.395336406997
0.012846423211605803,730.6596441843487,18178.14924965671
0.01286143071535768,730.9313358621278,18022.06655568531
0.012876438219109556,731.2005837511185,17867.26835041474
0.01289144572286143,731.4676265373135,17713.62048663834
0.012906453226613306,731.7322652100312,17561.240495884904
0.012921460730365182,731.9947317469844,17409.997784532756
0.012936468234117059,732.2548333338041,17260.006387927333
0.012951475737868935,732.5127953773184,17111.139204945986
0.012966483241620811,732.7684311226241,16963.50684315922
0.012981490745372685,733.0219595394801,16816.98563414623
0.012996498249124562,733.2731997966116,16671.682826117165
0.013011505752876438,733.5223645638027,16527.47812090994
0.013026513256628314,733.7692788037521,16384.47547277269
0.01304152076038019,734.0141490188304,16242.557893239124
0.013056528264132066,734.2568058349311,16101.826109178632
0.013071535767883943,734.497449716844,15962.16638213231
0.013086543271635817,734.7359168231792,15823.676278524665
0.013101550775387693,734.9724017091561,15686.245250592941
0.01311655827913957,735.2067459422929,15549.967767881984
0.013131565782891446,735.4391382979666,15414.73641234936
0.013146573286643322,735.6694256282574,15280.642621010104
0.013161580790395198,735.8977910529586,15147.58204710188
0.013176588294147074,736.1240865856437,15015.643159181218
0.013191595797898949,736.3484898121374,14884.724624250668
0.013206603301650825,736.570857785767,14754.912006154915
0.013221610805402701,736.7913626829983,14626.106925802707
0.013236618309154577,737.0098664811662,14498.39210300045
0.013251625812906453,737.2265360667334,14371.672055184159
0.01326663331665833,737.441238223601,14246.026720192935
0.013281640820410206,737.6541346654026,14121.363455330094
0.01329664832416208,737.8650968664342,13997.759478195248
0.013311655827913957,738.0742814825287,13875.124930019287
0.013326663331665833,738.2815645682554,13753.534366727945
0.013341670835417709,738.4870978388124,13632.900655761625
0.013356678339169585,738.6907618183302,13513.295750640624
0.013371685842921461,738.8927033923637,13394.63519041172
0.013386693346673337,739.0928074452693,13276.988385002205
0.013401700850425212,739.291216142345,13160.273490923128
0.013416708354177088,739.4878186197988,13044.557433096184
0.013431715857928964,739.6827524337514,12929.760929891294
0.01344672336168084,739.8759108705792,12815.948476194704
0.013461730865432717,740.0674269841755,12703.043298600454
0.013476738369184593,740.2571981067232,12591.107518811992
0.013491745872936469,740.4453528942465,12480.066819105208
0.013506753376688344,740.6317926227302,12369.981003764053
0.01352176088044022,740.8166416521328,12260.778159294117
0.013536768384192096,740.9998051042147,12152.515826260877
0.013551775887943972,741.1814031480653,12045.124441534977
0.013566783391695848,741.3613446545953,11938.659335103108
0.013581790895447724,741.5397457001657,11833.05324411059
0.013596798399199599,741.7165188082045,11728.359341371739
0.013611805902951475,741.8917760599454,11624.512614162095
0.013626813406703351,742.0654335360776,11521.56413096893
0.013641820910455228,742.2375994191863,11419.45107935637
0.013656828414207104,742.4081932587175,11318.22247256707
0.01367183591795898,742.5773194348635,11217.81764838874
0.013686843421710856,742.7449008743959,11118.283615862254
0.01370185092546273,742.911038246316,11019.561815595209
0.013716858429214607,743.0756577660569,10921.697302049433
0.013731865932966483,743.2388564816457,10824.633571512493
0.013746873436718359,743.4005638091398,10728.413773329992
0.013761880940470235,743.5608732681079,10632.983410648887
0.013776888444222112,743.7197173931918,10538.38377379259
0.013791895947973988,743.8771862623819,10444.562326992474
0.013806903451725862,744.0332154439421,10351.558549573982
0.013821910955477738,744.1878916597267,10259.32182164763
0.013836918459229615,744.3411534296528,10167.889857968898
0.01385192596298149,744.4930842024047,10077.213910520792
0.013866933466733367,744.6436253706952,9987.32997423841
0.013881940970485243,744.7928571966027,9898.19112655353
0.01389694847423712,744.9407238681108,9809.83168669796
0.013911955977988994,745.0873025400629,9722.206515160675
0.01392696348174087,745.2325401176493,9635.348300072248
0.013941970985492746,745.3765107281096,9549.213642186069
0.013956978489244622,745.5191639178498,9463.833642050466
0.013971985992996499,745.6605708637401,9379.166599086193
0.013986993496748375,745.8006836828821,9295.242066651004
0.014002001000500251,745.9395706809389,9212.019999848342
0.014017008504252125,746.0771864728508,9129.52844677186
0.014032016008004002,746.2135965661118,9047.728978669036
0.014047023511755878,746.3487580023519,8966.64817940922
0.014062031015507754,746.4827335644488,8886.24919632679
0.01407703851925963,746.6154826504396,8806.55718971675
0.014092046023011506,746.7470653912353,8727.536843280766
0.014107053526763383,746.8774434774314,8649.211930648793
0.014122061030515257,747.0066744595325,8571.548632623453
0.014137068534267133,747.1347222530699,8494.56937545807
0.01415207603801901,747.2616418954289,8418.241800169493
0.014167083541770886,747.3873994626092,8342.587023140348
0.014182091045522762,747.5120475462561,8267.574108480389
0.014197098549274638,747.63555431807,8193.222900495397
0.014212106053026512,747.7579699925296,8119.503848373184
0.014227113556778389,747.8792647786237,8046.435558410747
0.014242121060530265,747.9994865780594,7973.989829202837
0.014257128564282141,748.1186075749981,7902.18406542979
0.014272136068034017,748.2366734204129,7830.991380684441
0.014287143571785893,748.3536582150964,7760.428012362505
0.01430215107553777,748.4696054207741,7690.468354825293
0.014317158579289644,748.5844909958887,7621.127512869245
0.01433216608304152,748.6983562769158,7552.381125730779
0.014347173586793396,748.8111790262751,7484.24319717023
0.014362181090545273,748.9229985134307,7416.690578735619
0.014377188594297149,749.033794247947,7349.736206699929
0.014392196098049025,749.1436034894159,7283.358112889303
0.014407203601800901,749.2524074413155,7217.568197539668
0.014422211105552776,749.3602414093426,7152.345641294774
0.014437218609304652,749.4670882375397,7087.701339946886
0.014452226113056528,749.572981336868,7023.615589445588
0.014467233616808404,749.6779051427027,6960.0983103082535
0.01448224112056028,749.7818912241744,6897.130883938833
0.014497248624312157,749.8849255561142,6834.722286413465
0.014512256128064033,749.9870379182421,6772.854954919755
0.014527263631815907,750.0882157765326,6711.5369498312575
0.014542271135567783,750.18848717223,6650.751735237894
0.01455727863931966,750.2878410141182,6590.5064846209325
0.014572286143071536,750.3863036593676,6530.785657883159
0.014587293646823412,750.4838654147405,6471.595568353111
0.014602301150575288,750.5805510014676,6412.921644352586
0.014617308654327164,750.6763520770439,6354.7693673140175
0.014632316158079039,750.7712917745368,6297.125106706203
0.014647323661830915,750.8653630584898,6239.99353821258
0.014662331165582791,750.9585875202602,6183.361945887248
0.014677338669334667,751.0509593873179,6127.234226124607
0.014692346173086544,751.1424987591278,6071.598548868818
0.01470735367683842,751.233201085729,6016.45805544129
0.014722361180590296,751.3230850185147,5961.80177653562
0.01473736868434217,751.4121471871608,5907.632124223738
0.014752376188094047,751.5004048381977,5853.938965100447
0.014767383691845923,751.5878557415665,5800.724005687919
0.014782391195597799,751.6745157814913,5747.977923952395
0.014797398699349675,751.7603838275597,5695.701745363163
0.014812406203101551,751.8454744470018,5643.886932975275
0.014827413706853428,751.9297875732092,5592.533852829349
0.014842421210605302,752.0133364964186,5541.634729944981
0.014857428714357178,752.0961221748969,5491.1892944712
0.014872436218109054,752.178156660729,5441.190510907041
0.01488744372186093,752.2594419014799,5391.63749503888
0.014902451225612807,752.3399887502807,5342.5239280770775
0.014917458729364683,752.4198001066297,5293.848334094551
0.014932466233116557,752.4988856652687,5245.605087348046
0.014947473736868434,752.5772492461311,5197.79213929709
0.01496248124062031,752.6548994224416,5150.404535768339
0.014977488744372186,752.7318408993431,5103.4396770074145
0.014992496248124062,752.8080811634529,5056.893260075519
0.015007503751875938,752.883625772437,5010.762153881591
0.015022511255627815,752.9584811625689,4965.042685504865
0.015037518759379689,753.0326537105532,4919.731212906307
0.015052526263131565,753.1061488373759,4874.824672650519
0.015067533766883441,753.1789737109755,4830.318928692714
0.015082541270635318,753.251132771836,4786.2115066627775
0.015097548774387194,753.3226339473549,4742.497795897395
0.01511255627813907,753.3934807289179,4699.175892690732
0.015127563781890946,753.4636817731057,4656.240730254178
0.01514257128564282,753.5332396554068,4613.69095600014
0.015157578789394697,753.6021637323307,4571.521064902611
0.015172586293146573,753.6704556933503,4529.730237932513
0.01518759379689845,753.7381255695431,4488.31254735012
0.015202601300650325,753.8051741975205,4447.2676880790505
0.015217608804402202,753.8716122548682,4406.589326855934
0.015232616308154078,753.9374397536253,4366.277655887929
0.015247623811905952,754.0026679900101,4326.325953482285
0.015262631315657828,754.0672961808629,4286.734891759095
0.015277638819409705,754.1313362160466,4247.497375937359
0.01529264632316158,754.1947865437224,4208.614542390614
0.015307653826913457,754.2576596225662,4170.078938509029
0.015322661330665333,754.3199531630337,4131.892146494991
0.01533766883441721,754.3816801691039,4094.0463703704713
0.015352676338169084,754.4428376391036,4056.543623015191
0.01536768384192096,754.5034390972346,4019.37578051855
0.015382691345672836,754.5634808547309,3982.545271586336
0.015397698849424712,754.6229769339133,3946.0436579981074
0.015412706353176589,754.6819229846589,3909.8737689746313
0.015427713856928465,754.7403335029267,3874.026867076943
0.015442721360680341,754.798203503622,3838.506166302087
0.015457728864432215,754.8555479375626,3803.3026415947115
0.015472736368184092,754.9123612088385,3768.4198773273774
0.015487743871935968,754.9686587006257,3733.8485747227533
0.015502751375687844,755.0244342283663,3699.5926753231056
0.01551775887943972,755.0797035863064,3665.642619788636
0.015532766383191596,755.1344600252827,3632.0026924493886
0.015547773886943471,755.1887197303761,3598.663085923989
0.015562781390695347,755.2424754082443,3565.62841514488
0.015577788894447223,755.2957436174545,3532.888635443935
0.0155927963981991,755.3485165449306,3500.4486776777203
0.015607803901950976,755.40081110334,3468.2982719030783
0.015622811405702852,755.4526189797164,3436.4426530277797
0.015637818909454728,755.5039574212951,3404.8713379426044
0.015652826413206603,755.5548176350974,3373.589853692626
0.01566783391695848,755.605217186416,3342.5875142594737
0.015682841420710355,755.6551468218847,3311.870127046688
0.015697848924462233,755.7046244056637,3281.426815037225
0.015712856428214107,755.7536402457058,3251.2636529148413
0.01572786393196598,755.802212490781,3221.3695815438414
0.01574287143571786,755.8503310285304,3191.750931843655
0.015757878939469734,755.8980142748869,3162.3964734064457
0.015772886443221612,755.9452517143382,3133.312783071404
0.015787893946973486,755.9920620135889,3104.488469360284
0.01580290145072536,756.0384342730183,3075.930343538295
0.01581790895447724,756.084387394668,3047.6268626733454
0.015832916458229113,756.1299101101563,3019.58506322414
0.01584792396198099,756.1750215438286,2991.7932589453535
0.015862931465732866,756.2197100781523,2964.2586996158416
0.015877938969484744,756.2639950450183,2936.969564882265
0.015892946473236618,756.3078644930399,2909.933308612444
0.015907953976988493,756.3513379466274,2883.13798571854
0.01592296148074037,756.3944031355459,2856.591245092718
0.015937968984492245,756.4370797641977,2830.281024748737
0.015952976488244123,756.4793552594338,2804.215158953752
0.015967983991995997,756.5212494905115,2778.381478269987
0.015982991495747875,756.5627495971887,2752.7879927472673
0.01599799899949975,756.6038756037335,2727.4224316818363
0.016013006503251624,756.644614377828,2702.292971796713
0.016028014007003502,756.6849860853847,2677.387249480327
0.016043021510755377,756.7249773351298,2652.7136001791687
0.016058029014507254,756.7646084217475,2628.25957542952
0.01607303651825913,756.8038657090426,2604.033660877305
0.016088044022011007,756.8427696100848,2580.0233297296213
0.01610305152576288,756.8813062556371,2556.2372106270514
0.016118059029514756,756.9194961651973,2532.662705941106
0.016133066533266634,756.957325252186,2509.3085777354972
0.016148074037018508,756.9948141331334,2486.162163458562
0.016163081540770386,757.0319485159357,2463.232351411591
0.01617808904452226,757.0687491027356,2440.5064212822963
0.01619309654827414,757.1052014070966,2417.9933808025166
0.016208104052026013,757.1413262061184,2395.6804585912005
0.016223111555777887,757.1771088320332,2373.576773878015
0.016238119059529765,757.2125701272874,2351.6695102595954
0.01625312656328164,757.2476952520395,2329.9678928357475
0.016268134067033518,757.2825051058823,2308.459065356216
0.016283141570785392,757.3169846907407,2287.1523503244944
0.01629814907453727,757.3511549541895,2266.0348574139866
0.016313156578289145,757.3850007498429,2245.116000478528
0.01632816408204102,757.418543063557,2224.3828612170605
0.016343171585792897,757.4517666101359,2203.844939035058
0.01635817908954477,757.4846924052581,2183.489292991834
0.01637318659329665,757.517305036285,2163.325501085817
0.016388194097048524,757.5496255396954,2143.340605419127
0.0164032016008004,757.5816383835659,2123.5442576026985
0.016418209104552276,757.6133646194007,2103.9234864556956
0.01643321660830415,757.6447886075327,2084.4880101234808
0.01644822411205603,757.6759314062504,2065.224849340629
0.016463231615807903,757.7067772765245,2046.1437836566256
0.01647823911955978,757.7373472752377,2027.231830887814
0.016493246623311655,757.7676255720463,2008.4988270600513
0.016508254127063533,757.7976332157133,1989.9317913242921
0.016523261630815408,757.8273542942989,1971.5406102163972
0.016538269134567282,757.8568098403468,1953.3123093310817
0.01655327663831916,757.8859838675065,1935.25682131085
0.016568284142071035,757.9148973878716,1917.3611809089857
0.016583291645822913,757.9435343503383,1899.6353609364824
0.016598299149574787,757.9719157394707,1882.0664097811768
0.016613306653326665,758.0000254464576,1864.664336096815
0.01662831415707854,758.027884421465,1847.4162062508697
0.016643321660830414,758.0554765047169,1830.3320605985468
0.016658329164582292,758.0828226065364,1813.3989869496243
0.016673336668334166,758.1099065245539,1796.6270522072687
0.016688344172086044,758.1367491223245,1780.003370001986
0.01670335167583792,758.1633341607658,1763.5380301704663
0.016718359179589797,758.1896824535178,1747.21817420147
0.01673336668334167,758.2157777331366,1731.053909717082
0.016748374187093545,758.2416407574385,1715.0324098109536
0.016763381690845423,758.2672552365007,1699.163796268406
0.016778389194597298,758.2926418665938,1683.4352774175893
0.016793396698349176,758.3177843408866,1667.8569857759505
0.01680840420210105,758.3427032894865,1652.4161678512119
0.016823411705852928,758.3673823959816,1637.1229623699066
0.016838419209604803,758.391842218836,1621.9646574972953
0.016853426713356677,758.4160664362937,1606.9513955594584
0.016868434217108555,758.4400755326808,1592.0705080059938
0.01688344172086043,758.4638531884675,1577.3321360841985
0.016898449224612307,758.4874198091064,1562.723657541963
0.016913456728364182,758.5107590821699,1548.2552095370281
0.01692846423211606,758.5338913295096,1533.914219123434
0.016943471735867934,758.5568002503792,1519.710816540806
0.01695847923961981,758.5795060788621,1505.6324808090349
0.016973486743371687,758.6019925321787,1491.6893313612031
0.01698849424712356,758.624279753024,1477.8689015022296
0.01700350175087544,758.6463514792674,1464.1812982024978
0.017018509254627313,758.6682277595858,1450.614110755904
0.01703351675837919,758.6898923595597,1437.1774292962186
0.017048524262131066,758.7113652305029,1423.8589012519355
0.01706353176588294,758.7326301697249,1410.6685974326424
0.017078539269634818,758.753707027303,1397.5942258734406
0.017093546773386693,758.7745796360136,1384.6458357442937
0.01710855427713857,758.7952677410946,1371.811197990703
0.017123561780890445,758.8157552153536,1359.1003373133717
0.01713856928464232,758.8360616973682,1346.5010887648014
0.017153576788394197,758.8561711027303,1334.0234508696835
0.017168584292146072,758.8761029594036,1321.655325305837
0.01718359179589795,758.8958412316074,1309.4066807965837
0.017198599299649824,758.9154053354042,1297.2654865080588
0.017213606803401702,758.9347792870321,1285.241679256341
0.017228614307153577,758.9539823875086,1273.32329770948
0.01724362181090545,758.9729987081116,1261.520244899627
0.01725862931465733,758.9918474319147,1249.8206308570527
0.017273636818409203,759.010512688156,1238.2343230150166
0.01728864432216108,759.0290135405919,1226.7495036784342
0.017303651825912956,759.047334180344,1215.3760022430297
0.017318659329664834,759.0654935479886,1204.102075744803
0.017333666833416708,759.0834758992764,1192.9375138337446
0.017348674337168583,759.1013000517485,1181.870648244258
0.01736368184092046,759.1189503296737,1170.9112264614878
0.017378689344672335,759.1364454250435,1160.047656534866
0.017393696848424213,759.1537697330607,1149.289642279549
0.017408704352176087,759.1709418178627,1138.6256695454508
0.017423711855927965,759.1879461477788,1128.0653971107404
0.01743871935967984,759.204801157108,1117.5973899112903
0.017453726863431714,759.2214913909568,1107.2312594150123
0.017468734367183592,759.2380351526353,1096.9556504102895
0.017483741870935467,759.2544170644167,1086.780126806506
0.017498749374687345,759.270655297387,1076.6934140625615
0.01751375687843922,759.2867345555069,1066.7050257142573
0.017528764382191097,759.3026728766541,1056.8037685519153
0.01754377188594297,759.3184550484066,1046.9991045318086
0.017558779389694846,759.3340989736286,1037.2799229450134
0.017573786893446724,759.3495895252199,1027.6556331016595
0.0175887943971986,759.3649444694282,1018.1152078368619
0.017603801900950476,759.3801487660917,1008.668002802612
0.01761880940470235,759.3952200445668,999.3030745944122
0.01763381690845423,759.4101433542639,990.0297235616446
0.017648824412206103,759.424936185031,980.8370917314561
0.017663831915957977,759.439583677091,971.7344233714846
0.017678839419709855,759.4541031818444,962.7109453250059
0.01769384692346173,759.4684799330221,953.7758440944069
0.017708854427213608,759.4827311422091,944.9184322315464
0.017723861930965482,759.4968421379438,936.1478376572973
0.01773886943471736,759.5108299907876,927.4534594244526
0.017753876938469235,759.5246801252026,918.8443661696191
0.01776888444222111,759.5384094697018,910.3100441242073
0.017783891945972987,759.5520035463732,901.8595015737488
0.01779889944972486,759.5654791421662,893.4823116660139
0.01781390695347674,759.5788218772927,885.1874220168299
0.017828914457228614,759.592048395126,876.9644939802724
0.017843921960980492,759.6051444167042,868.8224128133425
0.017858929464732366,759.618126442801,860.7509275065054
0.01787393696848424,759.6309802963915,852.758860258296
0.01788894447223612,759.6437223347646,844.836048282271
0.017903951975987993,759.6563384836352,836.9912502099605
0.01791895947973987,759.6688449560863,829.2143919618903
0.017933966983491745,759.6812277812123,821.5141681957116
0.017948974487243623,759.6935030273984,813.8805938794509
0.017963981990995498,759.7056568290736,806.3222984715857
0.017978989494747372,759.7177051101171,798.8293859021891
0.01799399699849925,759.7296341092467,791.4104210718009
0.018009004502251125,759.7414596057275,784.0555969724275
0.018024012006003003,759.753167945278,776.773412250953
0.018039019509754877,759.7647747628749,769.5541487906665
0.018054027013506755,759.7762665118103,762.4062386190682
0.01806903451725863,759.787658682294,755.3200528392175
0.018084042021010504,759.7989378355959,748.3039565986497
0.018099049524762382,759.8101193168296,741.348410455447
0.018114057028514256,759.8211897954982,734.461712508974
0.018129064532266134,759.832164471637,727.6344127906467
0.01814407203601801,759.8430301246646,720.8747412961274
0.018159079539769887,759.8538018096018,714.1733375190563
0.01817408704352176,759.8644664143092,707.5383642589335
0.018189094547273636,759.875038849551,700.9605500282364
0.018204102051025513,759.8855061138718,694.4479890263365
0.018219109554777388,759.8958829740645,687.9914986340525
0.018234117058529266,759.9061565395837,681.5991043012724
0.01824912456228114,759.9163414330962,675.2617123995437
0.018264132066033018,759.9264248750543,668.987279565773
0.018279139569784893,759.9364213439778,662.7668012011285
0.018294147073536767,759.9463181712716,656.608165148656
0.018309154577288645,759.9561296915784,650.5024556962719
0.01832416208104052,759.9658433485724,644.4574910651816
0.018339169584792397,759.9754733334045,638.4644442144817
0.018354177088544272,759.9850072002723,632.5310648213812
0.018369184592296146,759.9944589976989,626.6486140021874
0.018384192096048024,760.0038163922752,620.8247717180848
0.0183991995997999,760.0130932904725,615.0508869068302
0.018414207103551777,760.0222774712443,609.3345698243841
0.01842921460730365,760.0313826991064,603.6672571921491
0.01844422211105553,760.0403968652181,598.0564896501435
0.018459229614807404,760.0493335923564,592.493791590452
0.018474237118559278,760.0581808836109,586.9866342003241
0.018489244622311156,760.0669522203664,581.5266293479633
0.01850425212606303,760.0756357184111,576.1211782814397
0.01851925962981491,760.0842447188354,570.7619796823034
0.018534267133566783,760.092767448471,565.4563658819951
0.01854927463731866,760.1012171082987,560.1961222800905
0.018564282141070535,760.1095820376418,554.9885113822231
0.01857928964482241,760.1178752986126,549.8254045526904
0.018594297148574288,760.1260853428173,544.7139945935933
0.018609304652326162,760.134225093786,539.6462386745766
0.01862431215607804,760.1422831150683,534.6292600977552
0.018639319659829914,760.1502721920043,529.655101612207
0.018654327163581792,760.158180999642,524.7308172898826
0.018669334667333667,760.1660221856297,519.8485351669111
0.01868434217108554,760.1737845363059,515.015240207048
0.01869934967483742,760.181480563324,510.22314469417574
0.018714357178589294,760.1890991638597,505.4791647591086
0.01872936468234117,760.1966527126224,500.7755975412081
0.018744372186093046,760.20413021786,496.1192901848052
0.018759379689844924,760.2115439195763,491.50262330723217
0.0187743871935968,760.2188829369885,486.93237512371905
0.018789394697348673,760.2261593758192,482.4010094809957
0.01880440220110055,760.2333624657829,477.91523595202256
0.018819409704852425,760.240504178839,473.467601305797
0.018834417208604303,760.2475738546357,469.06474681756356
0.018849424712356178,760.25458333198,464.6993018129732
0.018864432216108055,760.2615220597957,460.37783967275715
0.01887943971985993,760.2684017448748,456.0930715854925
0.018894447223611804,760.2752119459533,451.8515026967741
0.018909454727363682,760.2819642379385,447.6459259911013
0.018924462231115557,760.2886482874408,443.48277957941735
0.018939469734867435,760.2952755393703,439.3549370802289
0.01895447723861931,760.3018357690054,435.26876906956926
0.018969484742371187,760.3083402919775,431.21722936558666
0.01898449224612306,760.3147789916741,427.2066213513681
0.018999499749874936,760.3211630550497,423.22997868275104
0.019014507253626814,760.3274824729573,419.29353794489316
0.01902951475737869,760.3337483043588,415.3904122175914
0.019044522261130566,760.3399506468468,411.5267717343067
0.01905952976488244,760.3461004321588,407.6958085325116
0.01907453726863432,760.35218786418,403.90362676684424
0.019089544772386193,760.3582237492401,400.14349631253026
0.019104552276138068,760.3641983966595,396.42145577396025
0.019119559779889946,760.3701224867523,392.7308532541778
0.01913456728364182,760.3759864342405,389.07766182282444
0.019149574787393698,760.381800795679,385.4553064162292
0.019164582291145572,760.3875560907651,381.86969482968084
0.01917958979489745,760.3932627529447,378.31432843826803
0.019194597298649325,760.3989114062028,374.79505018593403
0.0192096048024012,760.4045123616005,371.30543744614874
0.019224612306153077,760.4100563466504,367.85126877992036
0.01923961980990495,760.4155535508254,364.42619707273025
0.01925462731365683,760.4209948043319,361.03593701731796
0.019269634817408704,760.4263901759518,357.6742164620285
0.019284642321160582,760.4317305987333,354.34668613432314
0.019299649824912456,760.4370260220379,351.04714806323403
0.01931465732866433,760.4422674795685,347.78119036887597
0.01932966483241621,760.4474648020821,344.54268876193765
0.019344672336168083,760.4526091245361,341.3371683768414
0.01935967983991996,760.4577101604832,338.1585777425319
0.019374687343671836,760.4627591454398,335.01237943651586
0.019389694847423714,760.4677656764902,331.89259435600474
0.019404702351175588,760.4727210889414,328.80462299611736
0.019419709854927462,760.4776348642096,325.7425581321295
0.01943471735867934,760.4824984365601,322.71173869088904
0.019449724862431215,760.487321172606,319.70632879511095
0.019464732366183093,760.4920946046731,316.7316063587786
0.019479739869934967,760.49682798565,313.7818061874801
0.019494747373686845,760.5015129461092,310.86214506238116
0.01950975487743872,760.5061586260526,307.96692795772367
0.019524762381190594,760.5107567519653,305.10131197216947
0.019539769884942472,760.515316352407,302.25967135612547
0.019554777388694346,760.5198292502697,299.4471032137238
0.019569784892446224,760.5243043637594,296.6580504003095
0.0195847923961981,760.5287336114219,293.89755049111557
0.019599799899949973,760.5331258018927,291.16011446534947
0.01961480740370185,760.5374729485604,288.45072087101204
0.019629814907453726,760.5417837513289,285.763948295166
0.019644822411205604,760.5460503175618,283.10471679593036
0.019659829914957478,760.5502812393286,280.467672015515
0.019674837418709356,760.554468717042,277.85767609561526
0.01968984492246123,760.5586212359963,275.2694410800534
0.019704852426213105,760.5627310897482,272.7077711314748
0.019719859929964983,760.5668066577541,270.1674441172298
0.019734867433716857,760.5708403243959,267.65320766296645
0.019749874937468735,760.5748403646031,265.1599046483825
0.01976488244122061,760.5787992539758,262.69222591389445
0.019779889944972488,760.5827251640633,260.2450786427402
0.019794897448724362,760.5866106609104,257.8230973689059
0.019809904952476236,760.5904638134857,255.42125308651836
0.019824912456228114,760.5942772774545,253.04412453392192
0.01983991995997999,760.5980590200536,250.6867459922683
0.019854927463731867,760.6018017856948,248.35364094604356
0.01986993496748374,760.6055134407826,246.03990640820703
0.01988494247123562,760.6091868175504,243.7500111828744
0.019899949974987494,760.6128296825201,241.47911442803166
0.019914957478739368,760.6164349554708,239.23163043647332
0.019929964982491246,760.6200103045082,237.00277960214052
0.01994497248624312,760.6235487351469,234.79692283224486
0.019959979989995,760.62705781743,232.60934154093408
0.019974987493746873,760.6305306427142,230.44434318064637
0.01998999499749875,760.6339746846285,228.29726916307766
0.020005002501250625,760.6373831196028,226.1723739623942
0.0200200100050025,760.6407633116669,224.0650672121689
0.020035017508754378,760.6441085634399,221.97952477299964
0.020050025012506252,760.6474260819185,219.91125407689648
0.02006503251625813,760.6507093280518,217.86433232956438
0.020080040020010004,760.6539653344173,215.83437560632808
0.020095047523761882,760.6571877234628,213.8253604784099
0.020110055027513757,760.660383357276,211.83300922061724
0.02012506253126563,760.6635460159906,209.86120014280183
0.02014007003501751,760.6666823957171,207.90575891138377
0.020155077538769384,760.6697864308935,205.97046767923717
0.02017008504252126,760.6728646542532,204.05125388873822
0.020185092546273136,760.6759111505729,202.15180600465013
0.020200100050025014,760.6789322940418,200.26815023716563
0.02021510755377689,760.6819223167172,198.4038832661347
0.020230115057528763,760.6848874377043,196.5551279170474
0.02024512256128064,760.6878220329043,194.7253912242537
0.020260130065032515,760.6907321697562,192.9108905023028
0.020275137568784393,760.693612364606,191.1150452560346
0.020290145072536268,760.6964685366069,189.33416518613137
0.020305152576288146,760.6992953391889,187.5715843601992
0.02032016008004002,760.7020985465604,185.82370278615662
0.020335167583791895,760.7048729459134,184.0937711629315
0.020350175087543772,760.707624169823,182.37827774493485
0.020365182591295647,760.7103471366679,180.6803914654653
0.020380190095047525,760.7130473409547,178.9966866066027
0.0203951975987994,760.7157198280893,177.33025292689834
0.020410205102551277,760.7183699573201,175.67774898765526
0.02042521260630315,760.72099289893,174.04218671068557
0.020440220110055026,760.7235938804959,172.42030670398267
0.020455227613806904,760.726168194262,170.81504486818292
0.02047023511755878,760.7287209390328,169.22322205342957
0.020485242621310656,760.731247526131,167.64769993467718
0.02050025012506253,760.7337529284559,166.08537781978828
0.02051525762881441,760.7362326735577,164.53904493352522
0.020530265132566283,760.7386916112642,163.00567727743876
0.020545272636318158,760.7411253825363,161.48799338051631
0.020560280140070036,760.7435387169314,159.98304419472564
0.02057528764382191,760.7459273660359,158.49347928775296
0.020590295147573788,760.7482959420722,157.01642273433876
0.020605302651325662,760.7506403053328,155.55445633600556
0.02062031015507754,760.752964953126,154.10477578355454
0.020635317658829415,760.7552658506586,152.66989747489188
0.02065032516258129,760.7575473834189,151.2470867900551
0.020665332666333167,760.7598056198785,149.83879575023002
0.02068034017008504,760.7620448363564,148.4423577744242
0.02069534767383692,760.7642612021499,147.06016202632
0.020710355177588794,760.7664588868336,145.68960845409245
0.020725362681340672,760.7686341581198,144.33302486579154
0.020740370185092546,760.7707910812351,142.98787624663433
0.02075537768884442,760.7729260199251,141.65643053278063
0.0207703851925963,760.7750429374361,140.3362162722581
0.020785392696348173,760.7771382911925,139.02944299608012
0.02080040020010005,760.7792159448004,137.73370135797202
0.020815407703851926,760.7812724470384,136.4511439321247
0.020830415207603804,760.7833115643667,135.1794219244556
0.020845422711355678,760.7853299353806,133.9206319098773
0.020860430215107553,760.787331231321,132.67248444689778
0.02087543771885943,760.7893121773307,131.43702214868844
0.020890445222611305,760.7912763520961,130.21201326650092
0.020905452726363183,760.7932205659997,128.9994472660921
0.020920460230115057,760.7951483073801,127.7971487170976
0.020935467733866932,760.7970564698264,126.60705520453698
0.02095047523761881,760.7989484533507,125.42704635762391
0.020965482741370684,760.8008212327395,124.25900913256642
0.020980490245122562,760.8026781216752,123.10087697451002
0.020995497748874437,760.8045161741575,121.95448744731405
0.021010505252626314,760.8063386195107,120.81782658392703
0.02102551275637819,760.8081425889883,119.69268377699868
0.021040520260130063,760.8099312295044,118.57709643396284
0.02105552776388194,760.8117017476302,117.47280698263975
0.021070535267633816,760.8134572098205,116.3779029897817
0.021085542771385694,760.8151948966805,115.29408071808705
0.021100550275137568,760.816917796243,114.21947662434744
0.021115557778889446,760.8186232603496,113.15574255018191
0.02113056528264132,760.8203142002892,112.10106279707861
0.021145572786393195,760.8219880381273,111.05704541613296
0.021160580290145073,760.8236476105315,110.02192123121239
0.021175587793896947,760.8252904081019,108.99725555553148
0.021190595297648825,760.8269191945627,107.98132468992281
0.0212056028014007,760.8285315273815,106.97565224900899
0.021220610305152578,760.8301300989965,105.97855897801867
0.021235617808904452,760.8317125320946,104.99152782004977
0.021250625312656327,760.8332814494655,104.01292294450906
0.021265632816408205,760.83483453739,103.04418763625392
0.02128064032016008,760.8363743506244,102.08372848256413
0.021295647823911957,760.8378986374369,101.13295011125757
0.02131065532766383,760.8394098861462,100.19030053332439
0.02132566283141571,760.8409059055186,99.25714664774468
0.021340670335167584,760.8423891194975,98.33197660397416
0.021355677838919458,760.8438573959502,97.41612044295064
0.021370685342671336,760.8453130950289,96.5081060890286
0.02138569284642321,760.8467541420938,95.60922772777072
0.02140070035017509,760.848182835799,94.71805162913179
0.021415707853926963,760.8495971578363,93.83583684680757
0.02143071535767884,760.8509993467516,92.96118713048038
0.021445722861430715,760.8523874391881,92.09532726238255
0.02146073036518259,760.8537636149548,91.23689761714174
0.021475737868934468,760.8551259642841,90.38708955497121
0.021490745372686342,760.8564766096017,89.54457923189531
0.02150575287643822,760.8578136933836,88.71052542480491
0.021520760380190095,760.859139282009,87.8836392382406
0.021535767883941973,760.8604515688706,87.06504769279638
0.021550775387693847,760.8617525656186,86.25349602052385
0.02156578289144572,760.8630405152535,85.4500803019243
0.0215807903951976,760.8643173760078,84.65357907906353
0.021595797898949474,760.8655814395872,83.86505805483836
0.02161080540270135,760.8668346123925,83.08332809302256
0.021625812906453226,760.868075232989,82.30942566975247
0.021640820410205104,760.8693051566682,81.5421935202255
0.02165582791395698,760.8705227681846,80.78263931182727
0.021670835417708853,760.8717298734194,80.02963659209894
0.02168584292146073,760.8729249021808,79.28416492740143
0.021700850425212605,760.874109612071,78.54512797252866
0.021715857928964483,760.8752824768279,77.81347789368658
0.021730865432716358,760.8764452068904,77.08814775765897
0.021745872936468236,760.8775963188183,76.37006302096346
0.02176088044022011,760.878737476988,75.65818547623091
0.021775887943971985,760.8798672396879,74.95341455226799
0.021790895447723863,760.8809872263173,74.25474009081472
0.021805902951475737,760.8820960358153,73.5630361649648
0.021820910455227615,760.8831952436745,72.87731999844804
0.02183591795897949,760.8842834884219,72.19844097137212
0.021850925462731367,760.8853623027164,71.5254430206805
0.021865932966483242,760.8864303640568,70.85915121737635
0.021880940470235116,760.8874891634991,70.19863544416107
0.021895947973986994,760.8885374158021,69.54469753072692
0.02191095547773887,760.8895765711114,68.8964328741551
0.021925962981490747,760.8906053810256,68.25462032447457
0.02194097048524262,760.8916252561166,67.61837995954482
0.0219559779889945,760.8926349839003,66.98846822521868
0.021970985492746373,760.8936359362916,66.36402930870761
0.021985992996498248,760.894626935813,65.74579781938941
0.022001000500250126,760.8956093166267,65.13294149018255
0.022016008004002,760.8965819353645,64.52617365362039
0.022031015507753878,760.8975460893262,63.92468503317474
0.022046023011505753,760.8985006683683,63.329168236023214
0.02206103051525763,760.8994469338076,62.73883642832363
0.022076038019009505,760.9003838078527,62.15436203595321
0.02209104552276138,760.9013125167019,61.57498012845217
0.022106053026513257,760.902232014058,61.00134348574209
0.022121060530265132,760.9031434918567,60.432708547098464
0.02213606803401701,760.9040459346298,59.869708861130356
0.022151075537768884,760.90494050128,59.31162147026553
0.02216608304152076,760.9058262061194,58.75906134575365
0.022181090545272637,760.9067041750993,58.211326082422325
0.02219609804902451,760.9075734517514,57.669012424074516
0.02221110555277639,760.9084351304433,57.131437664936435
0.022226113056528263,760.9092882832374,56.59918075079056
0.02224112056028014,760.9101339736567,56.07157821453028
0.022256128064032016,760.9109713015603,55.54919166172383
0.02227113556778389,760.9118013003556,55.03137640935718
0.022286143071535768,760.9126230969746,54.51867717421721
0.022301150575287643,760.9134376954278,54.01046760931981
0.02231615807903952,760.9142442490067,53.507275987445844
0.022331165582791395,760.9150437330328,53.00849385637463
0.022346173086543273,760.915835326455,52.51463348285646
0.022361180590295147,760.9166199766021,52.02510387496437
0.022376188094047022,760.9173968873888,51.540401724877
0.0223911955977989,760.9181669788381,51.0599530728629
0.022406203101550774,760.9189294791498,50.58423946097461
0.022421210605302652,760.919685281868,50.11270344589973
0.022436218109054527,760.9204336392374,49.645811569313494
0.022451225612806405,760.9211754186891,49.18302267635833
0.02246623311655828,760.9219098951764,48.724789141834016
0.022481240620310153,760.9226379109434,48.27058552183348
0.02249624812406203,760.9233587635147,47.82085010992581
0.022511255627813906,760.9240732706214,47.375072752671194
0.022526263131565784,760.92478075177,46.93367803013846
0.022541270635317658,760.9254820007641,46.4961707143281
0.022556278139069536,760.9261763585104,46.06296203443878
0.02257128564282141,760.926864595462,45.633571328195075
0.022586293146573285,760.9275460733536,45.20839683088759
0.022601300650325163,760.9282215398559,44.7869720916307
0.022616308154077037,760.9288903769682,44.36968270324272
0.022631315657828915,760.9295533101368,43.956076078197924
0.02264632316158079,760.9302097410718,43.546525512254824
0.022661330665332668,760.9308603735454,43.14059193824576
0.022676338169084542,760.9315046284332,42.73863669489688
0.022691345672836417,760.9321431883733,42.34023389855988
0.022706353176588295,760.9327754928838,41.9457332572009
0.02272136068034017,760.9334022042796,41.55472156495936
0.022736368184092047,760.9340227804432,41.167537072462565
0.02275137568784392,760.9346378633203,40.78377928042925
0.0227663831915958,760.9352469282851,40.40377552668331
0.022781390695347674,760.9358505978723,40.02713742063923
0.02279639819909955,760.9364483647579,39.65418150584789
0.022811405702851426,760.9370408325535,39.28453119617917
0.0228264132066033,760.9376275107713,38.91849253116762
0.02284142071035518,760.9382089845607,38.55570044191552
0.022856428214107053,760.9387847798135,38.1964507485984
0.02287143571785893,760.9393554636702,37.84038961686167
0.022886443221610805,760.9399205779521,37.48780292842384
0.02290145072536268,760.9404806722371,37.138347804892604
0.022916458229114558,760.9410353038338,36.792300465540976
0.022931465732866432,760.9415850051956,36.44932871474354
0.02294647323661831,760.9421293486841,36.109699380165
0.022961480740370185,760.9426688500594,35.773090680073075
0.022976488244122063,760.943203096308,35.4397603173927
0.022991495747873937,760.943732586921,35.10939665973281
0.02300650325162581,760.9442569230895,34.782248547681725
0.02302151075537769,760.9447765886092,34.45801414014377
0.023036518259129564,760.9452911987953,34.136933465617076
0.023051525762881442,760.9458012218421,33.81871441586882
0.023066533266633316,760.9463062862412,33.50358879834687
0.023081540770385194,760.9468068452484,33.19127382429956
0.02309654827413707,760.9473025405288,32.88199308193003
0.023111555777888943,760.9477938108195,32.575472839950145
0.02312656328164082,760.9482803105952,32.271928694407684
0.023141570785392696,760.9487624644344,31.971095747050775
0.023156578289144573,760.9492399392637,31.673181824749683
0.023171585792896448,760.9497131458583,31.377930640624147
0.023186593296648326,760.9501817632447,31.08554247208438
0.0232016008004002,760.9506461887432,30.79576942613858
0.023216608304152075,760.9511061131352,30.50880444620073
0.023231615807903953,760.9515619206283,30.224407819724046
0.023246623311655827,760.9520133134192,29.942765367620186
0.023261630815407705,760.9524606629391,29.663645348312855
0.02327663831915958,760.9529036824671,29.38722666801893
0.023291645822911457,760.9533427309884,29.11328534970503
0.023306653326663332,760.9537775325364,28.84199358979459
0.023321660830415206,760.9542084339785,28.573134971139844
0.023336668334167084,760.954635169925,28.306875090718588
0.02335167583791896,760.955058075709,28.043004727572928
0.023366683341670837,760.9554768959719,27.78168321976597
0.02338169084542271,760.9558919543075,27.522708670123286
0.023396698349174586,760.9563030052776,27.266234227145194
0.023411705852926464,760.9567103614157,27.01206489394189
0.023426713356678338,760.9571137869523,26.76034778626531
0.023441720860430216,760.9575135836418,26.51089463206592
0.02345672836418209,760.9579095251048,26.263846688187527
0.02347173586793397,760.9583019025929,26.019022235237145
0.023486743371685843,760.958690498843,25.776556841871134
0.023501750875437717,760.9590755948749,25.53627517221719
0.023516758379189595,760.9594569822734,25.298307274274336
0.02353176588294147,760.9598349320922,25.06248402995777
0.023546773386693347,760.9602092445012,24.82893013059394
0.023561780890445222,760.9605801808488,24.59748251320042
0.0235767883941971,760.9609475496306,24.368260674076392
0.023591795897948974,760.9613116027466,24.141107445208274
0.02360680340170085,760.9616721567647,23.916137286180614
0.023621810905452727,760.9620294543869,23.693198767501826
0.0236368184092046,760.9623833200053,23.47240146680891
0.02365182591295648,760.962733987381,23.253599532852995
0.023666833416708354,760.9630812886835,23.036897690464166
0.02368184092046023,760.963425449143,22.82215541087482
0.023696848424212106,760.9637663081032,22.609472942480895
0.02371185592796398,760.964104082164,22.398715141026695
0.02372686343171586,760.9644386178936,22.189977747108802
0.023741870935467733,760.9647701237566,21.98313069208767
0.02375687843921961,760.9650984533339,21.77826534090279
0.023771885942971485,760.9654238071682,21.57525656741252
0.023786893446723363,760.9657460456419,21.37419149275875
0.023801900950475238,760.9660653615855,21.174949802518906
0.023816908454227112,760.9663816219745,20.977614503840538
0.02383191595797899,760.9666950121333,20.78206996550985
0.023846923461730864,760.9670054054272,20.588395207646727
0.023861930965482742,760.9673129798755,20.396479156855726
0.023876938469234617,760.9676176150342,20.2063969703591
0.023891945972986495,760.9679194818148,20.018042009457986
0.02390695347673837,760.9682184657686,19.831485690479767
0.023921960980490244,760.9685147308927,19.64662568871095
0.02393696848424212,760.9688081685421,19.463529799246654
0.023951975987993996,760.969098935989,19.28209989305824
0.023966983491745874,760.9693869302052,19.102400260479683
0.02398199099549775,760.9696723019233,18.924336852844846
0.023996998499249626,760.9699549536024,18.74797053644605
0.0240120060030015,760.970235029861,18.573211077269026
0.024027013506753375,760.9705124384332,18.400116050210155
0.024042021010505253,760.9707873175146,18.228599228662873
0.024057028514257128,760.9710595799256,18.058715013736087
0.024072036018009006,760.9713293579507,17.890380867031684
0.02408704352176088,760.9715965694228,17.72364806190368
0.024102051025512758,760.9718613408759,17.558437647803288
0.024117058529264632,760.9721235949957,17.394797870062234
0.024132066033016507,760.9723834527243,17.232653267039726
0.024147073536768385,760.9726408414435,17.072049153863084
0.02416208104052026,760.9728958766584,16.9129134612692
0.024177088544272137,760.9731484902937,16.755288669516517
0.02419209604802401,760.9733987925691,16.599106007174754
0.02420710355177589,760.973646719802,16.444405213550738
0.024222111055527764,760.9738923770749,16.29112072241666
0.02423711855927964,760.974135704952,16.13928962313702
0.024252126063031516,760.9743768035233,15.988849464538202
0.02426713356678339,760.9746156174556,15.839834776058952
0.02428214107053527,760.9748522419891,15.69218613242396
0.024297148574287143,760.9750866257531,15.54593559046757
0.02431215607803902,760.9753188592758,15.401026664990294
0.024327163581790896,760.9755488950127,15.257489025344718
0.02434217108554277,760.9757768189261,15.1152690351927
0.024357178589294648,760.9760025873248,14.974393959305873
0.024372186093046522,760.9762262818695,14.834812845499867
0.0243871935967984,760.9764478622758,14.696550832608343
0.024402201100550275,760.9766674057611,14.55955974078826
0.024417208604302153,760.9768848755542,14.423862516747644
0.024432216108054027,760.9771003447634,14.289413544507147
0.0244472236118059,760.9773137800131,14.15623365185524
0.02446223111555778,760.9775252504215,14.024279712413374
0.024477238619309654,760.9777347258922,13.893570507902162
0.024492246123061532,760.9779422716683,13.764065329692338
0.024507253626813406,760.9781478608177,13.635780985011754
0.024522261130565284,760.9783515548222,13.508679112050622
0.02453726863431716,760.978553329802,13.382774613416855
0.024552276138069033,760.9787532435885,13.258031405105214
0.02456728364182091,760.9789512752448,13.134462553203292
0.024582291145572786,760.9791474790591,13.0120341844813
0.024597298649324664,760.9793418369313,12.89075759490383
0.024612306153076538,760.9795343997124,12.770601055980151
0.024627313656828412,760.9797251520342,12.65157415888534
0.02464232116058029,760.9799141414135,12.533647255533424
0.024657328664332165,760.9801013551125,12.416828295657373
0.024672336168084043,760.9802868374137,12.301089649298527
0.024687343671835917,760.9804705781113,12.186437686250928
0.024702351175587795,760.980652618352,12.072846733043846
0.02471735867933967,760.9808329504448,11.9603215903142
0.024732366183091544,760.9810116126853,11.84883836352449
0.024747373686843422,760.9811885996628,11.738400430359349
0.024762381190595296,760.9813639465417,11.628985850086
0.024777388694347174,760.9815376501936,11.520596576230377
0.02479239619809905,760.9817097429932,11.413212408626697
0.024807403701850927,760.9818802240412,11.306833909841131
0.0248224112056028,760.982049123009,11.201442566579146
0.024837418709354676,760.9822164411415,11.097037603296425
0.024852426213106554,760.9823822054905,10.993602141292413
0.024867433716858428,760.982546419362,10.891134118768587
0.024882441220610306,760.9827091072704,10.789618240404916
0.02489744872436218,760.9828702745015,10.689051208940985
0.02491245622811406,760.9830299431126,10.589419262074845
0.024927463731865933,760.9831881202904,10.49071791652878
0.024942471235617807,760.9833448257128,10.39293489457159
0.024957478739369685,760.9835000683908,10.296064574650432
0.02497248624312156,760.9836538656987,10.200096116292306
0.024987493746873438,760.9838062283961,10.105022806702127
0.025002501250625312,760.9839571716285,10.010835196345464
0.02501750875437719,760.9841067078316,9.91752552637356
0.025032516258129064,760.9842548499929,9.825085693786066
0.02504752376188094,760.9844016121542,9.733506937521364
0.025062531265632817,760.9845470052139,9.642782458056347
0.02507753876938469,760.9846910447515,9.552902534893347
0.02509254627313657,760.9848337396697,9.463861613606392
0.025107553776888444,760.9849751071902,9.375648949067877
0.02512256128064032,760.9851151542964,9.288260184422333
0.025137568784392196,760.98525389944,9.20168380692804
0.02515257628814407,760.9853913476799,9.115916660637517
0.02516758379189595,760.9855275188647,9.030946360984286
0.025182591295647823,760.9856624162823,8.94677085730455
0.0251975987993997,760.9857960611164,8.863376931727686
0.025212606303151575,760.9859284549442,8.7807636009943
0.025227613806903453,760.9860596202254,8.698916851102439
0.025242621310655328,760.9861895568856,8.617836729310818
0.025257628814407202,760.986318288602,8.53750846187872
0.02527263631815908,760.9864458137056,8.457933090973444
0.025287643821910955,760.9865721570347,8.379095118302136
0.025302651325662832,760.9866973153822,8.300996545898554
0.025317658829414707,760.9868213146921,8.223621185465921
0.025332666333166585,760.9869441502725,8.14697196535193
0.02534767383691846,760.9870658491209,8.071032039959723
0.025362681340670334,760.9871864051131,7.995805231391424
0.02537768884442221,760.9873058462475,7.921274069383038
0.025392696348174086,760.9874241650191,7.847443237728083
0.025407703851925964,760.9875413903773,7.774294672638673
0.02542271135567784,760.9876575134849,7.701833889097251
0.025437718859429716,760.9877725641943,7.630042259942159
0.02545272636318159,760.9878865323841,7.558926101480646
0.025467733866933465,760.9879994487624,7.488466252476158
0.025482741370685343,760.9881113019736,7.418669799348643
0.025497748874437218,760.9882221236269,7.34951701862363
0.025512756378189096,760.9883319013015,7.281015661346598
0.02552776388194097,760.9884406672736,7.213145587801387
0.025542771385692848,760.9885484078505,7.145915342701707
0.025557778889444722,760.9886551560669,7.0793043129830515
0.025572786393196597,760.9887608971698,7.013321705008245
0.025587793896948475,760.9888656649189,6.9479464531504975
0.02560280140070035,760.9889694435421,6.883188399742547
0.025617808904452227,760.9890722674843,6.819026051708776
0.0256328164082041,760.9891741199943,6.755469862169142
0.02564782391195598,760.9892750361614,6.6924979359255135
0.025662831415707854,760.989374998296,6.630121311773231
0.02567783891945973,760.9894740420923,6.568317716795762
0.025692846423211606,760.9895721489603,6.5070987517707275
0.02570785392696348,760.9896693551619,6.446441789545098
0.02572286143071536,760.9897656412438,6.386358969540318
0.025737868934467233,760.989861043999,6.326827333210312
0.02575287643821911,760.9899555431464,6.26785953641687
0.025767883941970986,760.9900491759754,6.209432310858354
0.02578289144572286,760.9901419214115,6.151558807555586
0.025797898949474738,760.9902338172064,6.094215469592277
0.025812906453226613,760.9903248415258,6.037415922221616
0.02582791395697849,760.990415032551,5.981136340344179
0.025842921460730365,760.9905043677193,5.925390803724789
0.025857928964482243,760.990592885611,5.870155238306427
0.025872936468234117,760.9906805629657,5.8154441591413475
0.025887943971985992,760.9907674387321,5.761233262440478
0.02590295147573787,760.9908534889994,5.707537468890909
0.025917958979489744,760.9909387531814,5.654332184530123
0.025932966483241622,760.9910232067683,5.601632703828139
0.025947973986993497,760.9911068893441,5.549414326599911
0.02596298149074537,760.991189775747,5.497692754228674
0.02597798899449725,760.9912719058806,5.446443086948836
0.025992996498249123,760.9913532540367,5.395681367153132
0.026008004002001,760.9914338604106,5.345382513018375
0.026023011505752876,760.9915136987757,5.295562890353952
0.026038019009504754,760.9915928095913,5.246197252731093
0.026053026513256628,760.9916711661394,5.197302272563308
0.026068034017008503,760.9917488091171,5.148852554920385
0.02608304152076038,760.9918257113409,5.100865062716795
0.026098049024512255,760.9919019137195,5.053314268908802
0.026113056528264133,760.9919773886293,5.00621741116335
0.026128064032016007,760.9920521771669,4.959548845079441
0.026143071535767885,760.9921262512919,4.913326068392096
0.02615807903951976,760.9921996522653,4.867523334170268
0.026173086543271634,760.9922723516529,4.822158385816384
0.026188094047023512,760.9923443908575,4.777205387916211
0.026203101550775387,760.9924157410734,4.732682315706416
0.026218109054527265,760.9924864438235,4.688563258768915
0.02623311655827914,760.9925564699518,4.644866410979886
0.026248124062031017,760.9926258610803,4.601565799971083
0.02626313156578289,760.9926945877235,4.558679825347209
0.026278139069534766,760.9927626915827,4.516182465205071
0.026293146573286644,760.9928301428613,4.474092313172888
0.026308154077038518,760.9928969833219,4.432383309234558
0.026323161580790396,760.9929631828752,4.3910742295496075
0.02633816908454227,760.9930287833462,4.350138975209107
0.02635317658829415,760.9930937544966,4.309596415304978
0.026368184092046023,760.9931581381767,4.269420435162809
0.026383191595797897,760.9932219037655,4.229630142663039
0.026398199099549775,760.9932850931018,4.190199430280388
0.02641320660330165,760.9933476753523,4.151147538413626
0.026428214107053528,760.9934096923768,4.112448346397732
0.026443221610805402,760.9934711131476,4.074121215870304
0.02645822911455728,760.9935319795277,4.036140024235761
0.026473236618309155,760.9935922603129,3.99852424330383
0.02648824412206103,760.9936519973522,3.9612477590481303
0.026503251625812907,760.9937111592817,3.9243301430932247
0.02651825912956478,760.9937697879201,3.887745300268863
0.02653326663331666,760.9938278517591,3.8515128922246653
0.026548274137068534,760.9938853925719,3.815606852224032
0.02656328164082041,760.9939423787215,3.780046922222782
0.026578289144572286,760.9939988519204,3.7448070733536007
0.02659329664832416,760.9940547804173,3.7099071189399977
0.02660830415207604,760.9941102058498,3.675321076781094
0.026623311655827913,760.994165096366,3.641068822913334
0.02663831915957979,760.9942194935156,3.607124430102836
0.026653326663331665,760.9942733653593,3.573507828940801
0.026668334167083543,760.9943267533456,3.5401931551771333
0.026683341670835418,760.9943796254598,3.5072003865090187
0.026698349174587292,760.9944320230381,3.474503728835634
0.02671335667833917,760.9944839140022,3.4421231995113657
0.026728364182091045,760.9945353395641,3.410033081892027
0.026743371685842923,760.9945862675927,3.378253426249829
0.026758379189594797,760.9946367391655,3.346758599924224
0.026773386693346675,760.9946867221088,3.3155686797205717
0.02678839419709855,760.994736257359,3.2846581210059913
0.026803401700850424,760.9947853128061,3.254046960930289
0.026818409204602302,760.9948339292711,3.2237097268556965
0.026833416708354176,760.9948820745249,3.1936665301382465
0.026848424212106054,760.9949297891744,3.1638920317132007
0.02686343171585793,760.9949770409951,3.134406340241905
0.026878439219609807,760.9950238704452,3.1051842093704454
0.02689344672336168,760.9950702453185,3.0762457361977833
0.026908454227113555,760.9951162059135,3.0475657741753275
0.026923461730865433,760.9951617200531,3.019164402242093
0.026938469234617308,760.9952068278661,2.991016579685177
0.026953476738369186,760.995251497214,2.9631423613954957
0.02696848424212106,760.9952957680459,2.93551681866808
0.026983491745872938,760.995339608272,2.9081599761028833
0.026998499249624813,760.9953830576528,2.8810470227494593
0.027013506753376687,760.9954260841555,2.8541979475252313
0.027028514257128565,760.9954687273432,2.8275880626261496
0.02704352176088044,760.9955109552488,2.8012373160374184
0.027058529264632317,760.99555280723,2.7751211482094917
0.027073536768384192,760.995594251393,2.7492594612294234
0.02708854427213607,760.9956353268826,2.7236278283427366
0.027103551775887944,760.9956760018857,2.6982461014818258
0.02711855927963982,760.9957163153273,2.6730899910150154
0.027133566783391697,760.9957562354815,2.6481792943216393
0.02714857428714357,760.9957958010468,2.6234898631496124
0.02716358179089545,760.995834980391,2.5990414364943395
0.027178589294647323,760.9958738119803,2.5748100109597467
0.027193596798399198,760.9959122642817,2.550815263681149
0.027208604302151076,760.995950375524,2.5270333394530144
0.02722361180590295,760.995988114278,2.5034838505000567
0.027238619309654828,760.99602551853,2.480143092999928
0.027253626813406703,760.9960625569602,2.4570306110034013
0.02726863431715858,760.9960992673174,2.434122848737274
0.027283641820910455,760.9961356184897,2.4114392205715305
0.02729864932466233,760.9961716479787,2.3889563250252395
0.027313656828414207,760.9962073246968,2.3666935612881908
0.027328664332166082,760.9962426858671,2.3446277016810684
0.02734367183591796,760.9962777005387,2.3227780599807506
0.027358679339669834,760.9963124056937,2.3011215589697915
0.027373686843421712,760.9963467705257,2.279677422329956
0.027388694347173587,760.9963808317701,2.258422726711104
0.02740370185092546,760.9964145587697,2.237376602649348
0.02741870935467734,760.9964479880081,2.216516283996345
0.027433716858429213,760.9964810889827,2.195860804737306
0.02744872436218109,760.9965138979202,2.175387559047342
0.027463731865932966,760.996546384478,2.155115481097395
0.027478739369684844,760.9965785846205,2.1350221287914595
0.027493746873436718,760.9966104681694,2.1151263337194317
0.027508754377188593,760.9966420708229,2.0954058197845344
0.02752376188094047,760.9966733625714,2.0758793134416713
0.027538769384692345,760.9967043788427,2.0565247073602313
0.027553776888444223,760.9967350897996,2.037360620306176
0.027568784392196097,760.9967655305959,2.018365115914455
0.027583791895947975,760.99679567157,1.9995567034885027
0.02759879939969985,760.9968255475991,1.9809136191897436
0.027613806903451724,760.9968551292,1.9624542610145526
0.027628814407203602,760.9968844509699,1.9441570397792758
0.027643821910955477,760.9969134836069,1.9260402403996415
0.027658829414707355,760.9969422614265,1.908082449553111
0.02767383691845923,760.9969707553098,1.8903018378687155
0.027688844422211107,760.9969989992879,1.872677169445931
0.02770385192596298,760.9970269644276,1.855226499137272
0.027718859429714856,760.9970546844742,1.8379287693866468
0.027733866933466734,760.9970821306807,1.8208019187024815
0.02774887443721861,760.9971093365059,1.8038250684408166
0.027763881940970486,760.9971362733913,1.7870160394889971
0.02777888944472236,760.9971629745486,1.7703541073564784
0.02779389694847424,760.997189411675,1.7538569333825638
0.027808904452226113,760.9972156176366,1.7375040086663267
0.027823911955977988,760.9972415642551,1.7213129169373986
0.027838919459729865,760.9972672841161,1.7052633243056208
0.02785392696348174,760.997292749244,1.6893726880116533
0.027868934467233618,760.9973179919484,1.6736208464094944
0.027883941970985492,760.9973429844589,1.6580251286900636
0.02789894947473737,760.9973677588064,1.6425655470833282
0.027913956978489245,760.9973922874282,1.6272593011696967
0.02792896448224112,760.9974166020744,1.6120865784031453
0.027943971985992997,760.9974406753921,1.5970644474765714
0.02795897948974487,760.9974645388485,1.5821732724159956
0.02797398699349675,760.9974881653027,1.5674299895369772
0.027988994497248624,760.9975115859368,1.5528151407856143
0.028004002001000502,760.9975347738234,1.5383455292487833
0.028019009504752376,760.9975577598584,1.524001875502209
0.02803401700850425,760.9975805173297,1.5098008483399108
0.02804902451225613,760.9976030768446,1.4957233482443257
0.028064032016008003,760.9976254119078,1.48178590879433
0.02807903951975988,760.997647552838,1.4679696107339033
0.028094047023511756,760.9976694733568,1.4542908520720295
0.028109054527263633,760.9976912034931,1.4407308944528294
0.028124062031015508,760.9977127171865,1.4273059999606474
0.028139069534767382,760.9977340441758,1.4139976110689167
0.02815407703851926,760.9977551586187,1.4008218538663646
0.028169084542271135,760.9977760899638,1.3877603519396156
0.028184092046023013,760.997796812587,1.37482909523986
0.028199099549774887,760.9978173556465,1.3620098885379657
0.028214107053526765,760.9978376937362,1.3493185856475511
0.02822911455727864,760.9978578557248,1.3367371720981767
0.028244122061030514,760.9978778164232,1.3242813662752808
0.028259129564782392,760.9978976044113,1.3119333338996788
0.028274137068534266,760.9979171947161,1.2997086584961353
0.028289144572286144,760.99793661563,1.2875896852673947
0.02830415207603802,760.9979558424143,1.2755918515267195
0.028319159579789897,760.9979749031314,1.2636976458491516
0.02833416708354177,760.9979937732522,1.2519223748728143
0.028349174587293646,760.9980124804778,1.2402487526965384
0.028364182091045523,760.9980310004846,1.2286919575534443
0.028379189594797398,760.9980493607018,1.2172348733054543
0.028394197098549276,760.9980675370275,1.205892539848706
0.02840920460230115,760.9980855566171,1.1946480118724354
0.028424212106053025,760.9981033955917,1.1835161901553963
0.028439219609804903,760.9981210808328,1.1724803002142234
0.028454227113556777,760.9981385886842,1.1615551039230807
0.028469234617308655,760.9981559457534,1.15072399783891
0.02848424212106053,760.9981731286076,1.1400016043637151
0.028499249624812407,760.9981901635792,1.129371491662363
0.028514257128564282,760.9982070274598,1.11884814223901
0.028529264632316156,760.9982237463063,1.108415296079355
0.028544272136068034,760.9982402971343,1.0980872958606176
0.02855927963981991,760.998256705726,1.087848053105634
0.028574287143571787,760.9982729493205,1.0777117710193698
0.02858929464732366,760.9982890534257,1.067662532236216
0.02860430215107554,760.9983049955033,1.0577144009854533
0.028619309654827414,760.9983208007874,1.0478516308712134
0.028634317158579288,760.9983364469629,1.0380881468632916
0.028649324662331166,760.99835195899,1.0284083733228044
0.02866433216608304,760.9983673147756,1.0188260968822864
0.02867933966983492,760.9983825390073,1.0093259119504794
0.028694347173586793,760.998397609813,0.9999214671064003
0.02870935467733867,760.9984125516088,0.9905975263098851
0.028724362181090545,760.9984273427423,0.9813676010796004
0.02873936968484242,760.9984420073594,0.9722166239333458
0.028754377188594298,760.9984565240262,0.963157969967894
0.028769384692346172,760.9984709166199,0.9541767394787011
0.02878439219609805,760.9984851639234,0.9452861722757018
0.028799399699849924,760.9984992895467,0.9364715353679309
0.028814407203601802,760.9985132724878,0.9277459342716556
0.028829414707353677,760.9985271360915,0.919094801503525
0.02884442221110555,760.998540859569,0.9105311097049649
0.02885942971485743,760.9985544660036,0.9020404543463627
0.028874437218609304,760.9985679348721,0.8936356424187989
0.02888944472236118,760.9985812890047,0.8853024273804692
0.028904452226113056,760.9985945080361,0.8770535176128351
0.028919459729864934,760.9986076145129,0.8688748436455176
0.02893446723361681,760.998620588281,0.8607789819782627
0.028949474737368683,760.9986334516393,0.8527520177233657
0.02896448224112056,760.9986461846463,0.8448063947184646
0.028979489744872435,760.9986588093531,0.8369283527295207
0.028994497248624313,760.9986713060298,0.8291302034995819
0.029009504752376188,760.9986836964811,0.8213983405970113
0.029024512256128066,760.9986959611881,0.8137449440958999
0.02903951975987994,760.9987081217084,0.8061565617217731
0.029054527263631814,760.9987201587348,0.798645241525028
0.029069534767383692,760.9987320935785,0.7911976849627427
0.029084542271135567,760.9987439071424,0.7838258089129103
0.029099549774887445,760.9987556204926,0.7765164677838369
0.02911455727863932,760.9987672147415,0.7692814477776888
0.029129564782391197,760.9987787107104,0.7621077560412142
0.02914457228614307,760.9987900897204,0.7550070485973308
0.029159579789894946,760.9988013723494,0.7479664844090175
0.029174587293646824,760.9988125401259,0.7409975900293482
0.0291895947973987,760.9988236133852,0.7340876758828601
0.029204602301150576,760.9988345738625,0.7272481395493623
0.02921960980490245,760.998845441652,0.7204664419217928
0.02923461730865433,760.9988561986933,0.7137538529545869
0.029249624812406203,760.9988668648416,0.7070979826612119
0.029264632316158078,760.9988774222395,0.7005099744348494
0.029279639819909956,760.9988878905041,0.6939775868419926
0.02929464732366183,760.9988982519799,0.6875118372111498
0.029309654827413708,760.9989085260478,0.6811006315267939
0.029324662331165582,760.9989186952519,0.6747548626134802
0.02933966983491746,760.9989287787388,0.6684625825967286
0.029354677338669335,760.9989387592509,0.6622345605774939
0.02936968484242121,760.9989486557021,0.6560589939710653
0.029384692346173087,760.9989584510304,0.6499465297155179
0.02939969984992496,760.9989681639198,0.6438855086714348
0.02941470735367684,760.998977777502,0.6378864570328485
0.029429714857428714,760.9989873102329,0.6319378578996425
0.029444722361180592,760.9989967454352,0.6260501182825295
0.029459729864932466,760.9990061013502,0.6202118552204317
0.02947473736868434,760.9990153615385,0.6144333273123412
0.02948974487243622,760.9990245439984,0.6087033031300313
0.029504752376188093,760.9990336324313,0.6030319534458065
0.02951975987993997,760.9990426446111,0.597408186942552
0.029534767383691846,760.9990515644265,0.5918420574084305
0.029549774887443724,760.999060409441,0.586322604911518
0.029564782391195598,760.9990691637298,0.5808597667524183
0.029579789894947472,760.9990778446455,0.5754427146681959
0.02959479739869935,760.9990864364495,0.570081269826595
0.029609804902451225,760.9990949562849,0.5647647345695541
0.029624812406203103,760.9991033885983,0.5595028145704278
0.029639819909954977,760.9991117503239,0.5542849425632258
0.029654827413706855,760.9991200260927,0.5491207090816126
0.02966983491745873,760.9991282326309,0.5439996766132097
0.029684842421210604,760.9991363547527,0.5389313214742328
0.029699849924962482,760.9991444089779,0.5339053349836844
0.029714857428714356,760.9991523803023,0.5289310800206879
0.029729864932466234,760.9991602850407,0.5239983758843376
0.02974487243621811,760.9991681083698,0.5191164725841932
0.029759879939969983,760.9991758663995,0.5142753171866357
0.02977488744372186,760.9991835444864,0.5094840474701328
0.029789894947473736,760.9991911585374,0.5047327372751761
0.029804902451225614,760.9991986940876,0.500030413000442
0.029819909954977488,760.9992061668421,0.4953672742673564
0.029834917458729366,760.9992135625128,0.4907522372298755
0.02984992496248124,760.9992208966048,0.48617562629718214
0.029864932466233115,760.9992281550046,0.48164624865547
0.029879939969984993,760.9992353530203,0.477154551799074
0.029894947473736867,760.9992424767106,0.47270923522338293
0.029909954977488745,760.9992495411873,0.4683008690113044
0.02992496248124062,760.9992565326811,0.4639380453930674
0.029939969984992498,760.9992634661087,0.4596114561179161
0.029954977488744372,760.9992703278705,0.4553295875697638
0.029969984992496247,760.9992771326907,0.4510832515325268
0.029984992496248124,760.9992838671371,0.4468808300335898
0.03,760.9992905457437,0.4427132535436474
